[0.000000] (-) TimerEvent: {}
[0.000326] (shell_interfaces) JobQueued: {'identifier': 'shell_interfaces', 'dependencies': OrderedDict()}
[0.000434] (shell_planning) JobQueued: {'identifier': 'shell_planning', 'dependencies': OrderedDict()}
[0.000450] (shell_test_nodes) JobQueued: {'identifier': 'shell_test_nodes', 'dependencies': OrderedDict([('shell_interfaces', '/home/esraamustafa/path_planning/Path_Planning_Shell_AI/install/shell_interfaces')])}
[0.000467] (shell_visualization) JobQueued: {'identifier': 'shell_visualization', 'dependencies': OrderedDict([('shell_interfaces', '/home/esraamustafa/path_planning/Path_Planning_Shell_AI/install/shell_interfaces')])}
[0.001236] (shell_interfaces) JobStarted: {'identifier': 'shell_interfaces'}
[0.018623] (shell_planning) JobStarted: {'identifier': 'shell_planning'}
[0.029818] (shell_interfaces) JobProgress: {'identifier': 'shell_interfaces', 'progress': 'cmake'}
[0.033950] (shell_interfaces) Command: {'cmd': ['/usr/bin/cmake', '/home/esraamustafa/path_planning/Path_Planning_Shell_AI/ros2_sim/src/shell_interfaces', '-DAMENT_CMAKE_SYMLINK_INSTALL=1', '-DCMAKE_INSTALL_PREFIX=/home/esraamustafa/path_planning/Path_Planning_Shell_AI/install/shell_interfaces'], 'cwd': '/home/esraamustafa/path_planning/Path_Planning_Shell_AI/build/shell_interfaces', 'env': OrderedDict([('PYTHON_BASIC_REPL', '1'), ('LESSOPEN', '| /usr/bin/lesspipe %s'), ('USER', 'esraamustafa'), ('GIT_ASKPASS', '/home/esraamustafa/.vscode-server/bin/c9d77990917f3102ada88be140d28b038d1dd7c7/extensions/git/dist/askpass.sh'), ('SHLVL', '1'), ('LD_LIBRARY_PATH', '/opt/ros/humble/opt/rviz_ogre_vendor/lib:/opt/ros/humble/lib/x86_64-linux-gnu:/opt/ros/humble/lib'), ('HOME', '/home/esraamustafa'), ('TERM_PROGRAM_VERSION', '1.108.2'), ('VSCODE_IPC_HOOK_CLI', '/run/user/1000/vscode-ipc-52db9783-9025-4fdc-8e9c-5e201e02a0b9.sock'), ('ROS_PYTHON_VERSION', '3'), ('VSCODE_GIT_ASKPASS_MAIN', '/home/esraamustafa/.vscode-server/bin/c9d77990917f3102ada88be140d28b038d1dd7c7/extensions/git/dist/askpass-main.js'), ('VSCODE_GIT_ASKPASS_NODE', '/home/esraamustafa/.vscode-server/bin/c9d77990917f3102ada88be140d28b038d1dd7c7/node'), ('PYDEVD_DISABLE_FILE_VALIDATION', '1'), ('BUNDLED_DEBUGPY_PATH', '/home/esraamustafa/.vscode-server/extensions/ms-python.debugpy-2025.18.0-linux-x64/bundled/libs/debugpy'), ('VSCODE_PYTHON_AUTOACTIVATE_GUARD', '1'), ('DBUS_SESSION_BUS_ADDRESS', 'unix:path=/run/user/1000/bus'), ('COLORTERM', 'truecolor'), ('WSL_DISTRO_NAME', 'Ubuntu-22.04'), ('WAYLAND_DISPLAY', 'wayland-0'), ('ROS_DISTRO', 'humble'), ('LOGNAME', 'esraamustafa'), ('NAME', 'Esraa'), ('WSL_INTEROP', '/run/WSL/465_interop'), ('PULSE_SERVER', 'unix:/mnt/wslg/PulseServer'), ('_', '/usr/bin/colcon'), ('ROS_VERSION', '2'), ('TERM', 'xterm-256color'), ('ROS_LOCALHOST_ONLY', '0'), ('PATH', '/home/esraamustafa/.vscode-server/data/User/globalStorage/github.copilot-chat/debugCommand:/home/esraamustafa/.vscode-server/data/User/globalStorage/github.copilot-chat/copilotCli:/home/esraamustafa/.vscode-server/bin/c9d77990917f3102ada88be140d28b038d1dd7c7/bin/remote-cli:/home/esraamustafa/.local/bin:/opt/ros/humble/bin:/usr/local/sbin:/usr/local/bin:/usr/sbin:/usr/bin:/sbin:/bin:/usr/games:/usr/local/games:/usr/lib/wsl/lib:/mnt/c/Program Files/Common Files/Oracle/Java/javapath:/mnt/c/Users/esraa/AppData/Local/Programs/Python/Python312/Scripts/:/mnt/c/Users/esraa/AppData/Local/Programs/Python/Python312/:/mnt/c/WINDOWS/system32:/mnt/c/WINDOWS:/mnt/c/WINDOWS/System32/Wbem:/mnt/c/WINDOWS/System32/WindowsPowerShell/v1.0/:/mnt/c/WINDOWS/System32/OpenSSH/:/mnt/c/Program Files/dotnet/:/mnt/c/Program Files/Git/cmd:/mnt/c/Program Files/nodejs/:/mnt/c/ProgramData/chocolatey/bin:/mnt/c/msys64/mingw64/bin:/mnt/c/Program Files/GitHub CLI/:/mnt/c/Program Files/MATLAB/R2024b/bin:/mnt/c/Program Files (x86)/Microsoft SQL Server/160/Tools/Binn/:/mnt/c/Program Files/Microsoft SQL Server/160/Tools/Binn/:/mnt/c/Program Files/Microsoft SQL Server/Client SDK/ODBC/170/Tools/Binn/:/mnt/c/Program Files/Microsoft SQL Server/160/DTS/Binn/:/mnt/c/Program Files/Microsoft SQL Server/150/Tools/Binn/:/mnt/c/Program Files/CMake/bin:/mnt/c/Program Files/Docker/Docker/resources/bin:/mnt/c/xampp/php/php.exe:/mnt/c/Users/esraa/AppData/Local/Programs/Python/Python314/Scripts/:/mnt/c/Users/esraa/AppData/Local/Programs/Python/Python314/:/mnt/c/Users/esraa/AppData/Local/Programs/Python/Launcher/:/mnt/c/Users/esraa/AppData/Local/Microsoft/WindowsApps:/mnt/c/Users/esraa/AppData/Local/Programs/Microsoft_VS_Code/bin:/mnt/c/Users/esraa/AppData/Local/Microsoft/WinGet/Packages/Schniz.fnm_Microsoft.Winget.Source_8wekyb3d8bbwe:/mnt/c/Users/esraa/AppData/Roaming/npm:/mnt/c/Users/esraa/AppData/Local/GitHubDesktop/bin:/mnt/c/Users/esraa/.dotnet/tools:/mnt/d/IntelliJ IDEA 2024.2.3/bin:/mnt/c/Program Files/JetBrains/IntelliJ IDEA Community Edition 2024.2.3/bin:/mnt/c/Program Files/MongoDB/Server/8.2/bin:/mnt/c/Users/esraa/AppData/Local/Programs/mongosh/:/snap/bin:/home/esraamustafa/.vscode-server/extensions/ms-python.debugpy-2025.18.0-linux-x64/bundled/scripts/noConfigScripts'), ('XDG_RUNTIME_DIR', '/run/user/1000/'), ('DISPLAY', ':0'), ('VSCODE_DEBUGPY_ADAPTER_ENDPOINTS', '/home/esraamustafa/.vscode-server/extensions/ms-python.debugpy-2025.18.0-linux-x64/.noConfigDebugAdapterEndpoints/endpoint-9aa057c463a7ace4.txt'), ('LANG', 'C.UTF-8'), ('PYTHONSTARTUP', '/home/esraamustafa/.vscode-server/data/User/workspaceStorage/9188cf032e28f409f831a5c4cd4238d1/ms-python.python/pythonrc.py'), ('LS_COLORS', 'rs=0:di=01;34:ln=01;36:mh=00:pi=40;33:so=01;35:do=01;35:bd=40;33;01:cd=40;33;01:or=40;31;01:mi=00:su=37;41:sg=30;43:ca=30;41:tw=30;42:ow=34;42:st=37;44:ex=01;32:*.tar=01;31:*.tgz=01;31:*.arc=01;31:*.arj=01;31:*.taz=01;31:*.lha=01;31:*.lz4=01;31:*.lzh=01;31:*.lzma=01;31:*.tlz=01;31:*.txz=01;31:*.tzo=01;31:*.t7z=01;31:*.zip=01;31:*.z=01;31:*.dz=01;31:*.gz=01;31:*.lrz=01;31:*.lz=01;31:*.lzo=01;31:*.xz=01;31:*.zst=01;31:*.tzst=01;31:*.bz2=01;31:*.bz=01;31:*.tbz=01;31:*.tbz2=01;31:*.tz=01;31:*.deb=01;31:*.rpm=01;31:*.jar=01;31:*.war=01;31:*.ear=01;31:*.sar=01;31:*.rar=01;31:*.alz=01;31:*.ace=01;31:*.zoo=01;31:*.cpio=01;31:*.7z=01;31:*.rz=01;31:*.cab=01;31:*.wim=01;31:*.swm=01;31:*.dwm=01;31:*.esd=01;31:*.jpg=01;35:*.jpeg=01;35:*.mjpg=01;35:*.mjpeg=01;35:*.gif=01;35:*.bmp=01;35:*.pbm=01;35:*.pgm=01;35:*.ppm=01;35:*.tga=01;35:*.xbm=01;35:*.xpm=01;35:*.tif=01;35:*.tiff=01;35:*.png=01;35:*.svg=01;35:*.svgz=01;35:*.mng=01;35:*.pcx=01;35:*.mov=01;35:*.mpg=01;35:*.mpeg=01;35:*.m2v=01;35:*.mkv=01;35:*.webm=01;35:*.webp=01;35:*.ogm=01;35:*.mp4=01;35:*.m4v=01;35:*.mp4v=01;35:*.vob=01;35:*.qt=01;35:*.nuv=01;35:*.wmv=01;35:*.asf=01;35:*.rm=01;35:*.rmvb=01;35:*.flc=01;35:*.avi=01;35:*.fli=01;35:*.flv=01;35:*.gl=01;35:*.dl=01;35:*.xcf=01;35:*.xwd=01;35:*.yuv=01;35:*.cgm=01;35:*.emf=01;35:*.ogv=01;35:*.ogx=01;35:*.aac=00;36:*.au=00;36:*.flac=00;36:*.m4a=00;36:*.mid=00;36:*.midi=00;36:*.mka=00;36:*.mp3=00;36:*.mpc=00;36:*.ogg=00;36:*.ra=00;36:*.wav=00;36:*.oga=00;36:*.opus=00;36:*.spx=00;36:*.xspf=00;36:'), ('VSCODE_GIT_IPC_HANDLE', '/run/user/1000/vscode-git-7233589553.sock'), ('TERM_PROGRAM', 'vscode'), ('AMENT_PREFIX_PATH', '/opt/ros/humble'), ('SHELL', '/bin/bash'), ('LESSCLOSE', '/usr/bin/lesspipe %s %s'), ('VSCODE_GIT_ASKPASS_EXTRA_ARGS', ''), ('PWD', '/home/esraamustafa/path_planning/Path_Planning_Shell_AI/build/shell_interfaces'), ('XDG_DATA_DIRS', '/usr/local/share:/usr/share:/var/lib/snapd/desktop'), ('PYTHONPATH', '/opt/ros/humble/lib/python3.10/site-packages:/opt/ros/humble/local/lib/python3.10/dist-packages'), ('COLCON', '1'), ('WSL2_GUI_APPS_ENABLED', '1'), ('HOSTTYPE', 'x86_64'), ('WSLENV', 'VSCODE_WSL_EXT_LOCATION/up'), ('CMAKE_PREFIX_PATH', '/opt/ros/humble')]), 'shell': False}
[0.102115] (-) TimerEvent: {}
[0.203612] (-) TimerEvent: {}
[0.304708] (-) TimerEvent: {}
[0.405642] (-) TimerEvent: {}
[0.507362] (-) TimerEvent: {}
[0.609558] (-) TimerEvent: {}
[0.709355] (shell_interfaces) StdoutLine: {'line': b'-- The C compiler identification is GNU 11.4.0\n'}
[0.709624] (-) TimerEvent: {}
[0.771716] (shell_planning) Command: {'cmd': ['/usr/bin/python3', '-W', 'ignore:setup.py install is deprecated', '-W', 'ignore:easy_install command is deprecated', 'setup.py', 'develop', '--editable', '--build-directory', '/home/esraamustafa/path_planning/Path_Planning_Shell_AI/build/shell_planning/build', '--no-deps', 'symlink_data'], 'cwd': '/home/esraamustafa/path_planning/Path_Planning_Shell_AI/build/shell_planning', 'env': {'PYTHON_BASIC_REPL': '1', 'LESSOPEN': '| /usr/bin/lesspipe %s', 'USER': 'esraamustafa', 'GIT_ASKPASS': '/home/esraamustafa/.vscode-server/bin/c9d77990917f3102ada88be140d28b038d1dd7c7/extensions/git/dist/askpass.sh', 'SHLVL': '1', 'LD_LIBRARY_PATH': '/opt/ros/humble/opt/rviz_ogre_vendor/lib:/opt/ros/humble/lib/x86_64-linux-gnu:/opt/ros/humble/lib', 'HOME': '/home/esraamustafa', 'TERM_PROGRAM_VERSION': '1.108.2', 'VSCODE_IPC_HOOK_CLI': '/run/user/1000/vscode-ipc-52db9783-9025-4fdc-8e9c-5e201e02a0b9.sock', 'ROS_PYTHON_VERSION': '3', 'VSCODE_GIT_ASKPASS_MAIN': '/home/esraamustafa/.vscode-server/bin/c9d77990917f3102ada88be140d28b038d1dd7c7/extensions/git/dist/askpass-main.js', 'VSCODE_GIT_ASKPASS_NODE': '/home/esraamustafa/.vscode-server/bin/c9d77990917f3102ada88be140d28b038d1dd7c7/node', 'PYDEVD_DISABLE_FILE_VALIDATION': '1', 'BUNDLED_DEBUGPY_PATH': '/home/esraamustafa/.vscode-server/extensions/ms-python.debugpy-2025.18.0-linux-x64/bundled/libs/debugpy', 'VSCODE_PYTHON_AUTOACTIVATE_GUARD': '1', 'DBUS_SESSION_BUS_ADDRESS': 'unix:path=/run/user/1000/bus', 'COLORTERM': 'truecolor', 'WSL_DISTRO_NAME': 'Ubuntu-22.04', 'WAYLAND_DISPLAY': 'wayland-0', 'ROS_DISTRO': 'humble', 'LOGNAME': 'esraamustafa', 'NAME': 'Esraa', 'WSL_INTEROP': '/run/WSL/465_interop', 'PULSE_SERVER': 'unix:/mnt/wslg/PulseServer', '_': '/usr/bin/colcon', 'ROS_VERSION': '2', 'TERM': 'xterm-256color', 'ROS_LOCALHOST_ONLY': '0', 'PATH': '/home/esraamustafa/.vscode-server/data/User/globalStorage/github.copilot-chat/debugCommand:/home/esraamustafa/.vscode-server/data/User/globalStorage/github.copilot-chat/copilotCli:/home/esraamustafa/.vscode-server/bin/c9d77990917f3102ada88be140d28b038d1dd7c7/bin/remote-cli:/home/esraamustafa/.local/bin:/opt/ros/humble/bin:/usr/local/sbin:/usr/local/bin:/usr/sbin:/usr/bin:/sbin:/bin:/usr/games:/usr/local/games:/usr/lib/wsl/lib:/mnt/c/Program Files/Common Files/Oracle/Java/javapath:/mnt/c/Users/esraa/AppData/Local/Programs/Python/Python312/Scripts/:/mnt/c/Users/esraa/AppData/Local/Programs/Python/Python312/:/mnt/c/WINDOWS/system32:/mnt/c/WINDOWS:/mnt/c/WINDOWS/System32/Wbem:/mnt/c/WINDOWS/System32/WindowsPowerShell/v1.0/:/mnt/c/WINDOWS/System32/OpenSSH/:/mnt/c/Program Files/dotnet/:/mnt/c/Program Files/Git/cmd:/mnt/c/Program Files/nodejs/:/mnt/c/ProgramData/chocolatey/bin:/mnt/c/msys64/mingw64/bin:/mnt/c/Program Files/GitHub CLI/:/mnt/c/Program Files/MATLAB/R2024b/bin:/mnt/c/Program Files (x86)/Microsoft SQL Server/160/Tools/Binn/:/mnt/c/Program Files/Microsoft SQL Server/160/Tools/Binn/:/mnt/c/Program Files/Microsoft SQL Server/Client SDK/ODBC/170/Tools/Binn/:/mnt/c/Program Files/Microsoft SQL Server/160/DTS/Binn/:/mnt/c/Program Files/Microsoft SQL Server/150/Tools/Binn/:/mnt/c/Program Files/CMake/bin:/mnt/c/Program Files/Docker/Docker/resources/bin:/mnt/c/xampp/php/php.exe:/mnt/c/Users/esraa/AppData/Local/Programs/Python/Python314/Scripts/:/mnt/c/Users/esraa/AppData/Local/Programs/Python/Python314/:/mnt/c/Users/esraa/AppData/Local/Programs/Python/Launcher/:/mnt/c/Users/esraa/AppData/Local/Microsoft/WindowsApps:/mnt/c/Users/esraa/AppData/Local/Programs/Microsoft_VS_Code/bin:/mnt/c/Users/esraa/AppData/Local/Microsoft/WinGet/Packages/Schniz.fnm_Microsoft.Winget.Source_8wekyb3d8bbwe:/mnt/c/Users/esraa/AppData/Roaming/npm:/mnt/c/Users/esraa/AppData/Local/GitHubDesktop/bin:/mnt/c/Users/esraa/.dotnet/tools:/mnt/d/IntelliJ IDEA 2024.2.3/bin:/mnt/c/Program Files/JetBrains/IntelliJ IDEA Community Edition 2024.2.3/bin:/mnt/c/Program Files/MongoDB/Server/8.2/bin:/mnt/c/Users/esraa/AppData/Local/Programs/mongosh/:/snap/bin:/home/esraamustafa/.vscode-server/extensions/ms-python.debugpy-2025.18.0-linux-x64/bundled/scripts/noConfigScripts', 'XDG_RUNTIME_DIR': '/run/user/1000/', 'DISPLAY': ':0', 'VSCODE_DEBUGPY_ADAPTER_ENDPOINTS': '/home/esraamustafa/.vscode-server/extensions/ms-python.debugpy-2025.18.0-linux-x64/.noConfigDebugAdapterEndpoints/endpoint-9aa057c463a7ace4.txt', 'LANG': 'C.UTF-8', 'PYTHONSTARTUP': '/home/esraamustafa/.vscode-server/data/User/workspaceStorage/9188cf032e28f409f831a5c4cd4238d1/ms-python.python/pythonrc.py', 'LS_COLORS': 'rs=0:di=01;34:ln=01;36:mh=00:pi=40;33:so=01;35:do=01;35:bd=40;33;01:cd=40;33;01:or=40;31;01:mi=00:su=37;41:sg=30;43:ca=30;41:tw=30;42:ow=34;42:st=37;44:ex=01;32:*.tar=01;31:*.tgz=01;31:*.arc=01;31:*.arj=01;31:*.taz=01;31:*.lha=01;31:*.lz4=01;31:*.lzh=01;31:*.lzma=01;31:*.tlz=01;31:*.txz=01;31:*.tzo=01;31:*.t7z=01;31:*.zip=01;31:*.z=01;31:*.dz=01;31:*.gz=01;31:*.lrz=01;31:*.lz=01;31:*.lzo=01;31:*.xz=01;31:*.zst=01;31:*.tzst=01;31:*.bz2=01;31:*.bz=01;31:*.tbz=01;31:*.tbz2=01;31:*.tz=01;31:*.deb=01;31:*.rpm=01;31:*.jar=01;31:*.war=01;31:*.ear=01;31:*.sar=01;31:*.rar=01;31:*.alz=01;31:*.ace=01;31:*.zoo=01;31:*.cpio=01;31:*.7z=01;31:*.rz=01;31:*.cab=01;31:*.wim=01;31:*.swm=01;31:*.dwm=01;31:*.esd=01;31:*.jpg=01;35:*.jpeg=01;35:*.mjpg=01;35:*.mjpeg=01;35:*.gif=01;35:*.bmp=01;35:*.pbm=01;35:*.pgm=01;35:*.ppm=01;35:*.tga=01;35:*.xbm=01;35:*.xpm=01;35:*.tif=01;35:*.tiff=01;35:*.png=01;35:*.svg=01;35:*.svgz=01;35:*.mng=01;35:*.pcx=01;35:*.mov=01;35:*.mpg=01;35:*.mpeg=01;35:*.m2v=01;35:*.mkv=01;35:*.webm=01;35:*.webp=01;35:*.ogm=01;35:*.mp4=01;35:*.m4v=01;35:*.mp4v=01;35:*.vob=01;35:*.qt=01;35:*.nuv=01;35:*.wmv=01;35:*.asf=01;35:*.rm=01;35:*.rmvb=01;35:*.flc=01;35:*.avi=01;35:*.fli=01;35:*.flv=01;35:*.gl=01;35:*.dl=01;35:*.xcf=01;35:*.xwd=01;35:*.yuv=01;35:*.cgm=01;35:*.emf=01;35:*.ogv=01;35:*.ogx=01;35:*.aac=00;36:*.au=00;36:*.flac=00;36:*.m4a=00;36:*.mid=00;36:*.midi=00;36:*.mka=00;36:*.mp3=00;36:*.mpc=00;36:*.ogg=00;36:*.ra=00;36:*.wav=00;36:*.oga=00;36:*.opus=00;36:*.spx=00;36:*.xspf=00;36:', 'VSCODE_GIT_IPC_HANDLE': '/run/user/1000/vscode-git-7233589553.sock', 'TERM_PROGRAM': 'vscode', 'AMENT_PREFIX_PATH': '/opt/ros/humble', 'SHELL': '/bin/bash', 'LESSCLOSE': '/usr/bin/lesspipe %s %s', 'VSCODE_GIT_ASKPASS_EXTRA_ARGS': '', 'PWD': '/home/esraamustafa/path_planning/Path_Planning_Shell_AI/build/shell_planning', 'XDG_DATA_DIRS': '/usr/local/share:/usr/share:/var/lib/snapd/desktop', 'PYTHONPATH': '/home/esraamustafa/path_planning/Path_Planning_Shell_AI/build/shell_planning/prefix_override:/usr/lib/python3/dist-packages/colcon_core/task/python/colcon_distutils_commands:/home/esraamustafa/path_planning/Path_Planning_Shell_AI/install/shell_planning/lib/python3.10/site-packages:/opt/ros/humble/lib/python3.10/site-packages:/opt/ros/humble/local/lib/python3.10/dist-packages', 'COLCON': '1', 'WSL2_GUI_APPS_ENABLED': '1', 'HOSTTYPE': 'x86_64', 'WSLENV': 'VSCODE_WSL_EXT_LOCATION/up'}, 'shell': False}
[0.809991] (-) TimerEvent: {}
[0.910957] (-) TimerEvent: {}
[1.011614] (-) TimerEvent: {}
[1.112853] (-) TimerEvent: {}
[1.200175] (shell_planning) StdoutLine: {'line': b'running develop\n'}
[1.213660] (-) TimerEvent: {}
[1.315751] (-) TimerEvent: {}
[1.416330] (-) TimerEvent: {}
[1.441798] (shell_planning) StdoutLine: {'line': b'running egg_info\n'}
[1.442098] (shell_planning) StdoutLine: {'line': b'creating shell_planning.egg-info\n'}
[1.442453] (shell_planning) StdoutLine: {'line': b'writing shell_planning.egg-info/PKG-INFO\n'}
[1.444863] (shell_planning) StdoutLine: {'line': b'writing dependency_links to shell_planning.egg-info/dependency_links.txt\n'}
[1.446088] (shell_planning) StdoutLine: {'line': b'writing entry points to shell_planning.egg-info/entry_points.txt\n'}
[1.446449] (shell_planning) StdoutLine: {'line': b'writing requirements to shell_planning.egg-info/requires.txt\n'}
[1.446851] (shell_planning) StdoutLine: {'line': b'writing top-level names to shell_planning.egg-info/top_level.txt\n'}
[1.447621] (shell_planning) StdoutLine: {'line': b"writing manifest file 'shell_planning.egg-info/SOURCES.txt'\n"}
[1.451987] (shell_planning) StdoutLine: {'line': b"reading manifest file 'shell_planning.egg-info/SOURCES.txt'\n"}
[1.453792] (shell_planning) StdoutLine: {'line': b"writing manifest file 'shell_planning.egg-info/SOURCES.txt'\n"}
[1.456533] (shell_planning) StdoutLine: {'line': b'running build_ext\n'}
[1.457345] (shell_planning) StdoutLine: {'line': b'Creating /home/esraamustafa/path_planning/Path_Planning_Shell_AI/install/shell_planning/lib/python3.10/site-packages/shell-planning.egg-link (link to .)\n'}
[1.458345] (shell_planning) StdoutLine: {'line': b'Installing global_planner script to /home/esraamustafa/path_planning/Path_Planning_Shell_AI/install/shell_planning/lib/shell_planning\n'}
[1.459116] (shell_planning) StdoutLine: {'line': b'\n'}
[1.459595] (shell_planning) StdoutLine: {'line': b'Installed /home/esraamustafa/path_planning/Path_Planning_Shell_AI/build/shell_planning\n'}
[1.459978] (shell_planning) StdoutLine: {'line': b'running symlink_data\n'}
[1.460592] (shell_planning) StdoutLine: {'line': b'creating /home/esraamustafa/path_planning/Path_Planning_Shell_AI/install/shell_planning/share/ament_index\n'}
[1.460850] (shell_planning) StdoutLine: {'line': b'creating /home/esraamustafa/path_planning/Path_Planning_Shell_AI/install/shell_planning/share/ament_index/resource_index\n'}
[1.460980] (shell_planning) StdoutLine: {'line': b'creating /home/esraamustafa/path_planning/Path_Planning_Shell_AI/install/shell_planning/share/ament_index/resource_index/packages\n'}
[1.461334] (shell_planning) StdoutLine: {'line': b'symbolically linking /home/esraamustafa/path_planning/Path_Planning_Shell_AI/build/shell_planning/resource/shell_planning -> /home/esraamustafa/path_planning/Path_Planning_Shell_AI/install/shell_planning/share/ament_index/resource_index/packages\n'}
[1.461585] (shell_planning) StdoutLine: {'line': b'symbolically linking /home/esraamustafa/path_planning/Path_Planning_Shell_AI/build/shell_planning/package.xml -> /home/esraamustafa/path_planning/Path_Planning_Shell_AI/install/shell_planning/share/shell_planning\n'}
[1.461976] (shell_planning) StdoutLine: {'line': b'creating /home/esraamustafa/path_planning/Path_Planning_Shell_AI/install/shell_planning/share/shell_planning/launch\n'}
[1.462842] (shell_planning) StdoutLine: {'line': b'symbolically linking /home/esraamustafa/path_planning/Path_Planning_Shell_AI/build/shell_planning/launch/simulation.launch.py -> /home/esraamustafa/path_planning/Path_Planning_Shell_AI/install/shell_planning/share/shell_planning/launch\n'}
[1.512305] (shell_planning) CommandEnded: {'returncode': 0}
[1.516567] (-) TimerEvent: {}
[1.558103] (shell_planning) JobEnded: {'identifier': 'shell_planning', 'rc': 0}
[1.616880] (-) TimerEvent: {}
[1.717861] (-) TimerEvent: {}
[1.818799] (-) TimerEvent: {}
[1.919373] (-) TimerEvent: {}
[2.020554] (-) TimerEvent: {}
[2.121290] (-) TimerEvent: {}
[2.221916] (-) TimerEvent: {}
[2.322632] (-) TimerEvent: {}
[2.399303] (shell_interfaces) StdoutLine: {'line': b'-- The CXX compiler identification is GNU 11.4.0\n'}
[2.423380] (-) TimerEvent: {}
[2.525490] (-) TimerEvent: {}
[2.626188] (-) TimerEvent: {}
[2.726885] (-) TimerEvent: {}
[2.828174] (-) TimerEvent: {}
[2.929569] (-) TimerEvent: {}
[3.030310] (-) TimerEvent: {}
[3.130895] (-) TimerEvent: {}
[3.231546] (-) TimerEvent: {}
[3.332067] (-) TimerEvent: {}
[3.432639] (-) TimerEvent: {}
[3.533300] (-) TimerEvent: {}
[3.633868] (-) TimerEvent: {}
[3.669161] (shell_interfaces) StdoutLine: {'line': b'-- Detecting C compiler ABI info\n'}
[3.734098] (-) TimerEvent: {}
[3.834611] (-) TimerEvent: {}
[3.939931] (-) TimerEvent: {}
[4.040572] (-) TimerEvent: {}
[4.141200] (-) TimerEvent: {}
[4.155341] (shell_interfaces) StdoutLine: {'line': b'-- Detecting C compiler ABI info - done\n'}
[4.165968] (shell_interfaces) StdoutLine: {'line': b'-- Check for working C compiler: /usr/bin/cc - skipped\n'}
[4.166988] (shell_interfaces) StdoutLine: {'line': b'-- Detecting C compile features\n'}
[4.167971] (shell_interfaces) StdoutLine: {'line': b'-- Detecting C compile features - done\n'}
[4.176389] (shell_interfaces) StdoutLine: {'line': b'-- Detecting CXX compiler ABI info\n'}
[4.241563] (-) TimerEvent: {}
[4.342304] (-) TimerEvent: {}
[4.443200] (-) TimerEvent: {}
[4.544264] (-) TimerEvent: {}
[4.639166] (shell_interfaces) StdoutLine: {'line': b'-- Detecting CXX compiler ABI info - done\n'}
[4.644212] (-) TimerEvent: {}
[4.647210] (shell_interfaces) StdoutLine: {'line': b'-- Check for working CXX compiler: /usr/bin/c++ - skipped\n'}
[4.647805] (shell_interfaces) StdoutLine: {'line': b'-- Detecting CXX compile features\n'}
[4.648523] (shell_interfaces) StdoutLine: {'line': b'-- Detecting CXX compile features - done\n'}
[4.669330] (shell_interfaces) StdoutLine: {'line': b'-- Found ament_cmake: 1.3.12 (/opt/ros/humble/share/ament_cmake/cmake)\n'}
[4.744405] (-) TimerEvent: {}
[4.825724] (shell_interfaces) StdoutLine: {'line': b'-- Found Python3: /usr/bin/python3 (found version "3.10.12") found components: Interpreter \n'}
[4.844657] (-) TimerEvent: {}
[4.898458] (shell_interfaces) StdoutLine: {'line': b'-- Override CMake install command with custom implementation using symlinks instead of copying resources\n'}
[4.944890] (-) TimerEvent: {}
[4.948116] (shell_interfaces) StdoutLine: {'line': b'-- Found rosidl_default_generators: 1.2.0 (/opt/ros/humble/share/rosidl_default_generators/cmake)\n'}
[4.955888] (shell_interfaces) StdoutLine: {'line': b'-- Using all available rosidl_typesupport_c: rosidl_typesupport_fastrtps_c;rosidl_typesupport_introspection_c\n'}
[4.970480] (shell_interfaces) StdoutLine: {'line': b'-- Found rosidl_adapter: 3.1.7 (/opt/ros/humble/share/rosidl_adapter/cmake)\n'}
[5.045116] (-) TimerEvent: {}
[5.145468] (-) TimerEvent: {}
[5.245874] (-) TimerEvent: {}
[5.346408] (-) TimerEvent: {}
[5.380668] (shell_interfaces) StdoutLine: {'line': b'-- Using all available rosidl_typesupport_cpp: rosidl_typesupport_fastrtps_cpp;rosidl_typesupport_introspection_cpp\n'}
[5.446639] (-) TimerEvent: {}
[5.547054] (-) TimerEvent: {}
[5.647525] (-) TimerEvent: {}
[5.714722] (shell_interfaces) StdoutLine: {'line': b'-- Found ament_cmake_ros: 0.10.0 (/opt/ros/humble/share/ament_cmake_ros/cmake)\n'}
[5.747899] (-) TimerEvent: {}
[5.848247] (-) TimerEvent: {}
[5.896064] (shell_interfaces) StdoutLine: {'line': b'-- Using all available rosidl_typesupport_c: rosidl_typesupport_fastrtps_c;rosidl_typesupport_introspection_c\n'}
[5.948539] (-) TimerEvent: {}
[6.048907] (-) TimerEvent: {}
[6.131121] (shell_interfaces) StdoutLine: {'line': b'-- Using all available rosidl_typesupport_cpp: rosidl_typesupport_fastrtps_cpp;rosidl_typesupport_introspection_cpp\n'}
[6.149093] (-) TimerEvent: {}
[6.249552] (-) TimerEvent: {}
[6.350120] (-) TimerEvent: {}
[6.452429] (-) TimerEvent: {}
[6.552880] (-) TimerEvent: {}
[6.653443] (-) TimerEvent: {}
[6.667117] (shell_interfaces) StdoutLine: {'line': b'-- Found PythonInterp: /usr/bin/python3 (found suitable version "3.10.12", minimum required is "3.6") \n'}
[6.669751] (shell_interfaces) StdoutLine: {'line': b'-- Found python_cmake_module: 0.10.0 (/opt/ros/humble/share/python_cmake_module/cmake)\n'}
[6.753691] (-) TimerEvent: {}
[6.854608] (-) TimerEvent: {}
[6.955447] (-) TimerEvent: {}
[7.056114] (-) TimerEvent: {}
[7.156747] (-) TimerEvent: {}
[7.257333] (-) TimerEvent: {}
[7.358261] (-) TimerEvent: {}
[7.458906] (-) TimerEvent: {}
[7.559709] (-) TimerEvent: {}
[7.660370] (-) TimerEvent: {}
[7.761100] (-) TimerEvent: {}
[7.861928] (-) TimerEvent: {}
[7.962924] (-) TimerEvent: {}
[8.063503] (-) TimerEvent: {}
[8.166300] (-) TimerEvent: {}
[8.267211] (-) TimerEvent: {}
[8.367793] (-) TimerEvent: {}
[8.410571] (shell_interfaces) StdoutLine: {'line': b'-- Found PythonLibs: /usr/lib/x86_64-linux-gnu/libpython3.10.so (found suitable version "3.10.12", minimum required is "3.5") \n'}
[8.410923] (shell_interfaces) StdoutLine: {'line': b'-- Using PYTHON_EXECUTABLE: /usr/bin/python3\n'}
[8.410998] (shell_interfaces) StdoutLine: {'line': b'-- Using PYTHON_INCLUDE_DIRS: /usr/include/python3.10\n'}
[8.411041] (shell_interfaces) StdoutLine: {'line': b'-- Using PYTHON_LIBRARIES: /usr/lib/x86_64-linux-gnu/libpython3.10.so\n'}
[8.436263] (shell_interfaces) StdoutLine: {'line': b'-- Found PythonExtra: .so  \n'}
[8.468036] (-) TimerEvent: {}
[8.556509] (shell_interfaces) StdoutLine: {'line': b'-- Configuring done\n'}
[8.568415] (-) TimerEvent: {}
[8.617280] (shell_interfaces) StdoutLine: {'line': b'-- Generating done\n'}
[8.629780] (shell_interfaces) StdoutLine: {'line': b'-- Build files have been written to: /home/esraamustafa/path_planning/Path_Planning_Shell_AI/build/shell_interfaces\n'}
[8.641104] (shell_interfaces) CommandEnded: {'returncode': 0}
[8.642427] (shell_interfaces) JobProgress: {'identifier': 'shell_interfaces', 'progress': 'build'}
[8.644660] (shell_interfaces) Command: {'cmd': ['/usr/bin/cmake', '--build', '/home/esraamustafa/path_planning/Path_Planning_Shell_AI/build/shell_interfaces', '--', '-j12', '-l12'], 'cwd': '/home/esraamustafa/path_planning/Path_Planning_Shell_AI/build/shell_interfaces', 'env': OrderedDict([('PYTHON_BASIC_REPL', '1'), ('LESSOPEN', '| /usr/bin/lesspipe %s'), ('USER', 'esraamustafa'), ('GIT_ASKPASS', '/home/esraamustafa/.vscode-server/bin/c9d77990917f3102ada88be140d28b038d1dd7c7/extensions/git/dist/askpass.sh'), ('SHLVL', '1'), ('LD_LIBRARY_PATH', '/opt/ros/humble/opt/rviz_ogre_vendor/lib:/opt/ros/humble/lib/x86_64-linux-gnu:/opt/ros/humble/lib'), ('HOME', '/home/esraamustafa'), ('TERM_PROGRAM_VERSION', '1.108.2'), ('VSCODE_IPC_HOOK_CLI', '/run/user/1000/vscode-ipc-52db9783-9025-4fdc-8e9c-5e201e02a0b9.sock'), ('ROS_PYTHON_VERSION', '3'), ('VSCODE_GIT_ASKPASS_MAIN', '/home/esraamustafa/.vscode-server/bin/c9d77990917f3102ada88be140d28b038d1dd7c7/extensions/git/dist/askpass-main.js'), ('VSCODE_GIT_ASKPASS_NODE', '/home/esraamustafa/.vscode-server/bin/c9d77990917f3102ada88be140d28b038d1dd7c7/node'), ('PYDEVD_DISABLE_FILE_VALIDATION', '1'), ('BUNDLED_DEBUGPY_PATH', '/home/esraamustafa/.vscode-server/extensions/ms-python.debugpy-2025.18.0-linux-x64/bundled/libs/debugpy'), ('VSCODE_PYTHON_AUTOACTIVATE_GUARD', '1'), ('DBUS_SESSION_BUS_ADDRESS', 'unix:path=/run/user/1000/bus'), ('COLORTERM', 'truecolor'), ('WSL_DISTRO_NAME', 'Ubuntu-22.04'), ('WAYLAND_DISPLAY', 'wayland-0'), ('ROS_DISTRO', 'humble'), ('LOGNAME', 'esraamustafa'), ('NAME', 'Esraa'), ('WSL_INTEROP', '/run/WSL/465_interop'), ('PULSE_SERVER', 'unix:/mnt/wslg/PulseServer'), ('_', '/usr/bin/colcon'), ('ROS_VERSION', '2'), ('TERM', 'xterm-256color'), ('ROS_LOCALHOST_ONLY', '0'), ('PATH', '/home/esraamustafa/.vscode-server/data/User/globalStorage/github.copilot-chat/debugCommand:/home/esraamustafa/.vscode-server/data/User/globalStorage/github.copilot-chat/copilotCli:/home/esraamustafa/.vscode-server/bin/c9d77990917f3102ada88be140d28b038d1dd7c7/bin/remote-cli:/home/esraamustafa/.local/bin:/opt/ros/humble/bin:/usr/local/sbin:/usr/local/bin:/usr/sbin:/usr/bin:/sbin:/bin:/usr/games:/usr/local/games:/usr/lib/wsl/lib:/mnt/c/Program Files/Common Files/Oracle/Java/javapath:/mnt/c/Users/esraa/AppData/Local/Programs/Python/Python312/Scripts/:/mnt/c/Users/esraa/AppData/Local/Programs/Python/Python312/:/mnt/c/WINDOWS/system32:/mnt/c/WINDOWS:/mnt/c/WINDOWS/System32/Wbem:/mnt/c/WINDOWS/System32/WindowsPowerShell/v1.0/:/mnt/c/WINDOWS/System32/OpenSSH/:/mnt/c/Program Files/dotnet/:/mnt/c/Program Files/Git/cmd:/mnt/c/Program Files/nodejs/:/mnt/c/ProgramData/chocolatey/bin:/mnt/c/msys64/mingw64/bin:/mnt/c/Program Files/GitHub CLI/:/mnt/c/Program Files/MATLAB/R2024b/bin:/mnt/c/Program Files (x86)/Microsoft SQL Server/160/Tools/Binn/:/mnt/c/Program Files/Microsoft SQL Server/160/Tools/Binn/:/mnt/c/Program Files/Microsoft SQL Server/Client SDK/ODBC/170/Tools/Binn/:/mnt/c/Program Files/Microsoft SQL Server/160/DTS/Binn/:/mnt/c/Program Files/Microsoft SQL Server/150/Tools/Binn/:/mnt/c/Program Files/CMake/bin:/mnt/c/Program Files/Docker/Docker/resources/bin:/mnt/c/xampp/php/php.exe:/mnt/c/Users/esraa/AppData/Local/Programs/Python/Python314/Scripts/:/mnt/c/Users/esraa/AppData/Local/Programs/Python/Python314/:/mnt/c/Users/esraa/AppData/Local/Programs/Python/Launcher/:/mnt/c/Users/esraa/AppData/Local/Microsoft/WindowsApps:/mnt/c/Users/esraa/AppData/Local/Programs/Microsoft_VS_Code/bin:/mnt/c/Users/esraa/AppData/Local/Microsoft/WinGet/Packages/Schniz.fnm_Microsoft.Winget.Source_8wekyb3d8bbwe:/mnt/c/Users/esraa/AppData/Roaming/npm:/mnt/c/Users/esraa/AppData/Local/GitHubDesktop/bin:/mnt/c/Users/esraa/.dotnet/tools:/mnt/d/IntelliJ IDEA 2024.2.3/bin:/mnt/c/Program Files/JetBrains/IntelliJ IDEA Community Edition 2024.2.3/bin:/mnt/c/Program Files/MongoDB/Server/8.2/bin:/mnt/c/Users/esraa/AppData/Local/Programs/mongosh/:/snap/bin:/home/esraamustafa/.vscode-server/extensions/ms-python.debugpy-2025.18.0-linux-x64/bundled/scripts/noConfigScripts'), ('XDG_RUNTIME_DIR', '/run/user/1000/'), ('DISPLAY', ':0'), ('VSCODE_DEBUGPY_ADAPTER_ENDPOINTS', '/home/esraamustafa/.vscode-server/extensions/ms-python.debugpy-2025.18.0-linux-x64/.noConfigDebugAdapterEndpoints/endpoint-9aa057c463a7ace4.txt'), ('LANG', 'C.UTF-8'), ('PYTHONSTARTUP', '/home/esraamustafa/.vscode-server/data/User/workspaceStorage/9188cf032e28f409f831a5c4cd4238d1/ms-python.python/pythonrc.py'), ('LS_COLORS', 'rs=0:di=01;34:ln=01;36:mh=00:pi=40;33:so=01;35:do=01;35:bd=40;33;01:cd=40;33;01:or=40;31;01:mi=00:su=37;41:sg=30;43:ca=30;41:tw=30;42:ow=34;42:st=37;44:ex=01;32:*.tar=01;31:*.tgz=01;31:*.arc=01;31:*.arj=01;31:*.taz=01;31:*.lha=01;31:*.lz4=01;31:*.lzh=01;31:*.lzma=01;31:*.tlz=01;31:*.txz=01;31:*.tzo=01;31:*.t7z=01;31:*.zip=01;31:*.z=01;31:*.dz=01;31:*.gz=01;31:*.lrz=01;31:*.lz=01;31:*.lzo=01;31:*.xz=01;31:*.zst=01;31:*.tzst=01;31:*.bz2=01;31:*.bz=01;31:*.tbz=01;31:*.tbz2=01;31:*.tz=01;31:*.deb=01;31:*.rpm=01;31:*.jar=01;31:*.war=01;31:*.ear=01;31:*.sar=01;31:*.rar=01;31:*.alz=01;31:*.ace=01;31:*.zoo=01;31:*.cpio=01;31:*.7z=01;31:*.rz=01;31:*.cab=01;31:*.wim=01;31:*.swm=01;31:*.dwm=01;31:*.esd=01;31:*.jpg=01;35:*.jpeg=01;35:*.mjpg=01;35:*.mjpeg=01;35:*.gif=01;35:*.bmp=01;35:*.pbm=01;35:*.pgm=01;35:*.ppm=01;35:*.tga=01;35:*.xbm=01;35:*.xpm=01;35:*.tif=01;35:*.tiff=01;35:*.png=01;35:*.svg=01;35:*.svgz=01;35:*.mng=01;35:*.pcx=01;35:*.mov=01;35:*.mpg=01;35:*.mpeg=01;35:*.m2v=01;35:*.mkv=01;35:*.webm=01;35:*.webp=01;35:*.ogm=01;35:*.mp4=01;35:*.m4v=01;35:*.mp4v=01;35:*.vob=01;35:*.qt=01;35:*.nuv=01;35:*.wmv=01;35:*.asf=01;35:*.rm=01;35:*.rmvb=01;35:*.flc=01;35:*.avi=01;35:*.fli=01;35:*.flv=01;35:*.gl=01;35:*.dl=01;35:*.xcf=01;35:*.xwd=01;35:*.yuv=01;35:*.cgm=01;35:*.emf=01;35:*.ogv=01;35:*.ogx=01;35:*.aac=00;36:*.au=00;36:*.flac=00;36:*.m4a=00;36:*.mid=00;36:*.midi=00;36:*.mka=00;36:*.mp3=00;36:*.mpc=00;36:*.ogg=00;36:*.ra=00;36:*.wav=00;36:*.oga=00;36:*.opus=00;36:*.spx=00;36:*.xspf=00;36:'), ('VSCODE_GIT_IPC_HANDLE', '/run/user/1000/vscode-git-7233589553.sock'), ('TERM_PROGRAM', 'vscode'), ('AMENT_PREFIX_PATH', '/opt/ros/humble'), ('SHELL', '/bin/bash'), ('LESSCLOSE', '/usr/bin/lesspipe %s %s'), ('VSCODE_GIT_ASKPASS_EXTRA_ARGS', ''), ('PWD', '/home/esraamustafa/path_planning/Path_Planning_Shell_AI/build/shell_interfaces'), ('XDG_DATA_DIRS', '/usr/local/share:/usr/share:/var/lib/snapd/desktop'), ('PYTHONPATH', '/opt/ros/humble/lib/python3.10/site-packages:/opt/ros/humble/local/lib/python3.10/dist-packages'), ('COLCON', '1'), ('WSL2_GUI_APPS_ENABLED', '1'), ('HOSTTYPE', 'x86_64'), ('WSLENV', 'VSCODE_WSL_EXT_LOCATION/up'), ('CMAKE_PREFIX_PATH', '/opt/ros/humble')]), 'shell': False}
[8.669095] (-) TimerEvent: {}
[8.693849] (shell_interfaces) StdoutLine: {'line': b'[  2%] \x1b[34m\x1b[1mGenerating C code for ROS interfaces\x1b[0m\n'}
[8.713391] (shell_interfaces) StdoutLine: {'line': b'[  5%] \x1b[34m\x1b[1mGenerating C++ code for ROS interfaces\x1b[0m\n'}
[8.717849] (shell_interfaces) StdoutLine: {'line': b'[  5%] Built target ament_cmake_python_symlink_shell_interfaces\n'}
[8.769723] (-) TimerEvent: {}
[8.870429] (-) TimerEvent: {}
[8.971303] (-) TimerEvent: {}
[9.045795] (shell_interfaces) StdoutLine: {'line': b'running egg_info\n'}
[9.046884] (shell_interfaces) StdoutLine: {'line': b'creating shell_interfaces.egg-info\n'}
[9.047636] (shell_interfaces) StdoutLine: {'line': b'writing shell_interfaces.egg-info/PKG-INFO\n'}
[9.047961] (shell_interfaces) StdoutLine: {'line': b'writing dependency_links to shell_interfaces.egg-info/dependency_links.txt\n'}
[9.048297] (shell_interfaces) StdoutLine: {'line': b'writing top-level names to shell_interfaces.egg-info/top_level.txt\n'}
[9.048676] (shell_interfaces) StdoutLine: {'line': b"writing manifest file 'shell_interfaces.egg-info/SOURCES.txt'\n"}
[9.051690] (shell_interfaces) StdoutLine: {'line': b"reading manifest file 'shell_interfaces.egg-info/SOURCES.txt'\n"}
[9.052297] (shell_interfaces) StdoutLine: {'line': b"writing manifest file 'shell_interfaces.egg-info/SOURCES.txt'\n"}
[9.071748] (-) TimerEvent: {}
[9.093834] (shell_interfaces) StdoutLine: {'line': b'[  5%] Built target ament_cmake_python_build_shell_interfaces_egg\n'}
[9.130066] (shell_interfaces) StdoutLine: {'line': b'[  5%] Built target shell_interfaces__cpp\n'}
[9.146131] (shell_interfaces) StdoutLine: {'line': b'[ 10%] \x1b[34m\x1b[1mGenerating C++ type support for eProsima Fast-RTPS\x1b[0m\n'}
[9.146377] (shell_interfaces) StdoutLine: {'line': b'[ 10%] \x1b[34m\x1b[1mGenerating C++ introspection for ROS interfaces\x1b[0m\n'}
[9.146827] (shell_interfaces) StdoutLine: {'line': b'[ 12%] \x1b[34m\x1b[1mGenerating C++ type support dispatch for ROS interfaces\x1b[0m\n'}
[9.171936] (-) TimerEvent: {}
[9.211415] (shell_interfaces) StdoutLine: {'line': b'[ 15%] \x1b[32mBuilding C object CMakeFiles/shell_interfaces__rosidl_generator_c.dir/rosidl_generator_c/shell_interfaces/msg/detail/trajectory_point__functions.c.o\x1b[0m\n'}
[9.213689] (shell_interfaces) StdoutLine: {'line': b'[ 17%] \x1b[32mBuilding C object CMakeFiles/shell_interfaces__rosidl_generator_c.dir/rosidl_generator_c/shell_interfaces/msg/detail/trajectory__functions.c.o\x1b[0m\n'}
[9.272136] (-) TimerEvent: {}
[9.350831] (shell_interfaces) StdoutLine: {'line': b'[ 20%] \x1b[32m\x1b[1mLinking C shared library libshell_interfaces__rosidl_generator_c.so\x1b[0m\n'}
[9.372419] (-) TimerEvent: {}
[9.472984] (-) TimerEvent: {}
[9.541971] (shell_interfaces) StdoutLine: {'line': b'[ 25%] \x1b[32mBuilding CXX object CMakeFiles/shell_interfaces__rosidl_typesupport_cpp.dir/rosidl_typesupport_cpp/shell_interfaces/msg/trajectory__type_support.cpp.o\x1b[0m\n'}
[9.542293] (shell_interfaces) StdoutLine: {'line': b'[ 25%] \x1b[32mBuilding CXX object CMakeFiles/shell_interfaces__rosidl_typesupport_cpp.dir/rosidl_typesupport_cpp/shell_interfaces/msg/trajectory_point__type_support.cpp.o\x1b[0m\n'}
[9.573256] (-) TimerEvent: {}
[9.577849] (shell_interfaces) StdoutLine: {'line': b'[ 28%] \x1b[32mBuilding CXX object CMakeFiles/shell_interfaces__rosidl_typesupport_fastrtps_cpp.dir/rosidl_typesupport_fastrtps_cpp/shell_interfaces/msg/detail/dds_fastrtps/trajectory_point__type_support.cpp.o\x1b[0m\n'}
[9.583005] (shell_interfaces) StdoutLine: {'line': b'[ 30%] \x1b[32mBuilding CXX object CMakeFiles/shell_interfaces__rosidl_typesupport_introspection_cpp.dir/rosidl_typesupport_introspection_cpp/shell_interfaces/msg/detail/trajectory_point__type_support.cpp.o\x1b[0m\n'}
[9.583704] (shell_interfaces) StdoutLine: {'line': b'[ 33%] \x1b[32mBuilding CXX object CMakeFiles/shell_interfaces__rosidl_typesupport_fastrtps_cpp.dir/rosidl_typesupport_fastrtps_cpp/shell_interfaces/msg/detail/dds_fastrtps/trajectory__type_support.cpp.o\x1b[0m\n'}
[9.585118] (shell_interfaces) StdoutLine: {'line': b'[ 35%] \x1b[32mBuilding CXX object CMakeFiles/shell_interfaces__rosidl_typesupport_introspection_cpp.dir/rosidl_typesupport_introspection_cpp/shell_interfaces/msg/detail/trajectory__type_support.cpp.o\x1b[0m\n'}
[9.644988] (shell_interfaces) StdoutLine: {'line': b'[ 35%] Built target shell_interfaces__rosidl_generator_c\n'}
[9.666903] (shell_interfaces) StdoutLine: {'line': b'[ 38%] \x1b[34m\x1b[1mGenerating C type support for eProsima Fast-RTPS\x1b[0m\n'}
[9.667321] (shell_interfaces) StdoutLine: {'line': b'[ 41%] \x1b[34m\x1b[1mGenerating C introspection for ROS interfaces\x1b[0m\n'}
[9.668501] (shell_interfaces) StdoutLine: {'line': b'[ 43%] \x1b[34m\x1b[1mGenerating C type support dispatch for ROS interfaces\x1b[0m\n'}
[9.673550] (-) TimerEvent: {}
[9.775613] (-) TimerEvent: {}
[9.876208] (-) TimerEvent: {}
[9.976691] (-) TimerEvent: {}
[10.079195] (-) TimerEvent: {}
[10.179639] (-) TimerEvent: {}
[10.199904] (shell_interfaces) StdoutLine: {'line': b'[ 46%] \x1b[32mBuilding CXX object CMakeFiles/shell_interfaces__rosidl_typesupport_c.dir/rosidl_typesupport_c/shell_interfaces/msg/trajectory_point__type_support.cpp.o\x1b[0m\n'}
[10.222590] (shell_interfaces) StdoutLine: {'line': b'[ 48%] \x1b[32mBuilding CXX object CMakeFiles/shell_interfaces__rosidl_typesupport_c.dir/rosidl_typesupport_c/shell_interfaces/msg/trajectory__type_support.cpp.o\x1b[0m\n'}
[10.250321] (shell_interfaces) StdoutLine: {'line': b'[ 51%] \x1b[32m\x1b[1mLinking CXX shared library libshell_interfaces__rosidl_typesupport_cpp.so\x1b[0m\n'}
[10.260954] (shell_interfaces) StdoutLine: {'line': b'[ 53%] \x1b[32mBuilding C object CMakeFiles/shell_interfaces__rosidl_typesupport_introspection_c.dir/rosidl_typesupport_introspection_c/shell_interfaces/msg/detail/trajectory__type_support.c.o\x1b[0m\n'}
[10.269303] (shell_interfaces) StdoutLine: {'line': b'[ 56%] \x1b[32mBuilding C object CMakeFiles/shell_interfaces__rosidl_typesupport_introspection_c.dir/rosidl_typesupport_introspection_c/shell_interfaces/msg/detail/trajectory_point__type_support.c.o\x1b[0m\n'}
[10.279820] (-) TimerEvent: {}
[10.282265] (shell_interfaces) StdoutLine: {'line': b'[ 58%] \x1b[32mBuilding CXX object CMakeFiles/shell_interfaces__rosidl_typesupport_fastrtps_c.dir/rosidl_typesupport_fastrtps_c/shell_interfaces/msg/detail/trajectory__type_support_c.cpp.o\x1b[0m\n'}
[10.282642] (shell_interfaces) StdoutLine: {'line': b'[ 61%] \x1b[32mBuilding CXX object CMakeFiles/shell_interfaces__rosidl_typesupport_fastrtps_c.dir/rosidl_typesupport_fastrtps_c/shell_interfaces/msg/detail/trajectory_point__type_support_c.cpp.o\x1b[0m\n'}
[10.283537] (shell_interfaces) StdoutLine: {'line': b'[ 64%] \x1b[32m\x1b[1mLinking CXX shared library libshell_interfaces__rosidl_typesupport_c.so\x1b[0m\n'}
[10.363652] (shell_interfaces) StdoutLine: {'line': b'[ 66%] \x1b[32m\x1b[1mLinking C shared library libshell_interfaces__rosidl_typesupport_introspection_c.so\x1b[0m\n'}
[10.380082] (-) TimerEvent: {}
[10.481013] (-) TimerEvent: {}
[10.581854] (-) TimerEvent: {}
[10.663104] (shell_interfaces) StdoutLine: {'line': b'[ 66%] Built target shell_interfaces__rosidl_typesupport_c\n'}
[10.674297] (shell_interfaces) StdoutLine: {'line': b'[ 69%] \x1b[32m\x1b[1mLinking CXX shared library libshell_interfaces__rosidl_typesupport_introspection_cpp.so\x1b[0m\n'}
[10.679603] (shell_interfaces) StdoutLine: {'line': b'[ 69%] Built target shell_interfaces__rosidl_typesupport_cpp\n'}
[10.682195] (-) TimerEvent: {}
[10.696816] (shell_interfaces) StdoutLine: {'line': b'[ 69%] Built target shell_interfaces__rosidl_typesupport_introspection_c\n'}
[10.715031] (shell_interfaces) StdoutLine: {'line': b'[ 71%] \x1b[32m\x1b[1mLinking CXX shared library libshell_interfaces__rosidl_typesupport_fastrtps_cpp.so\x1b[0m\n'}
[10.782543] (-) TimerEvent: {}
[10.883295] (-) TimerEvent: {}
[10.905686] (shell_interfaces) StdoutLine: {'line': b'[ 74%] \x1b[32m\x1b[1mLinking CXX shared library libshell_interfaces__rosidl_typesupport_fastrtps_c.so\x1b[0m\n'}
[10.983529] (-) TimerEvent: {}
[11.011044] (shell_interfaces) StdoutLine: {'line': b'[ 74%] Built target shell_interfaces__rosidl_typesupport_introspection_cpp\n'}
[11.074450] (shell_interfaces) StdoutLine: {'line': b'[ 74%] Built target shell_interfaces__rosidl_typesupport_fastrtps_cpp\n'}
[11.083734] (-) TimerEvent: {}
[11.184460] (-) TimerEvent: {}
[11.253851] (shell_interfaces) StdoutLine: {'line': b'[ 74%] Built target shell_interfaces__rosidl_typesupport_fastrtps_c\n'}
[11.276761] (shell_interfaces) StdoutLine: {'line': b'[ 74%] Built target shell_interfaces\n'}
[11.284592] (-) TimerEvent: {}
[11.295490] (shell_interfaces) StdoutLine: {'line': b'[ 76%] \x1b[34m\x1b[1mGenerating Python code for ROS interfaces\x1b[0m\n'}
[11.384731] (-) TimerEvent: {}
[11.485074] (-) TimerEvent: {}
[11.585428] (-) TimerEvent: {}
[11.627724] (shell_interfaces) StdoutLine: {'line': b'[ 76%] Built target shell_interfaces__py\n'}
[11.649834] (shell_interfaces) StdoutLine: {'line': b'[ 79%] \x1b[32mBuilding C object CMakeFiles/shell_interfaces__rosidl_generator_py.dir/rosidl_generator_py/shell_interfaces/msg/_trajectory_s.c.o\x1b[0m\n'}
[11.650390] (shell_interfaces) StdoutLine: {'line': b'[ 82%] \x1b[32mBuilding C object CMakeFiles/shell_interfaces__rosidl_generator_py.dir/rosidl_generator_py/shell_interfaces/msg/_trajectory_point_s.c.o\x1b[0m\n'}
[11.685588] (-) TimerEvent: {}
[11.786180] (-) TimerEvent: {}
[11.810944] (shell_interfaces) StdoutLine: {'line': b'[ 84%] \x1b[32m\x1b[1mLinking C shared library rosidl_generator_py/shell_interfaces/libshell_interfaces__rosidl_generator_py.so\x1b[0m\n'}
[11.886417] (-) TimerEvent: {}
[11.987166] (-) TimerEvent: {}
[12.030792] (shell_interfaces) StdoutLine: {'line': b'[ 84%] Built target shell_interfaces__rosidl_generator_py\n'}
[12.051814] (shell_interfaces) StdoutLine: {'line': b'[ 87%] \x1b[32mBuilding C object CMakeFiles/shell_interfaces__rosidl_typesupport_introspection_c__pyext.dir/rosidl_generator_py/shell_interfaces/_shell_interfaces_s.ep.rosidl_typesupport_introspection_c.c.o\x1b[0m\n'}
[12.052171] (shell_interfaces) StdoutLine: {'line': b'[ 89%] \x1b[32mBuilding C object CMakeFiles/shell_interfaces__rosidl_typesupport_fastrtps_c__pyext.dir/rosidl_generator_py/shell_interfaces/_shell_interfaces_s.ep.rosidl_typesupport_fastrtps_c.c.o\x1b[0m\n'}
[12.056734] (shell_interfaces) StdoutLine: {'line': b'[ 92%] \x1b[32mBuilding C object CMakeFiles/shell_interfaces__rosidl_typesupport_c__pyext.dir/rosidl_generator_py/shell_interfaces/_shell_interfaces_s.ep.rosidl_typesupport_c.c.o\x1b[0m\n'}
[12.087364] (-) TimerEvent: {}
[12.166364] (shell_interfaces) StdoutLine: {'line': b'[ 94%] \x1b[32m\x1b[1mLinking C shared library rosidl_generator_py/shell_interfaces/shell_interfaces_s__rosidl_typesupport_fastrtps_c.cpython-310-x86_64-linux-gnu.so\x1b[0m\n'}
[12.168396] (shell_interfaces) StdoutLine: {'line': b'[ 97%] \x1b[32m\x1b[1mLinking C shared library rosidl_generator_py/shell_interfaces/shell_interfaces_s__rosidl_typesupport_introspection_c.cpython-310-x86_64-linux-gnu.so\x1b[0m\n'}
[12.182972] (shell_interfaces) StdoutLine: {'line': b'[100%] \x1b[32m\x1b[1mLinking C shared library rosidl_generator_py/shell_interfaces/shell_interfaces_s__rosidl_typesupport_c.cpython-310-x86_64-linux-gnu.so\x1b[0m\n'}
[12.187550] (-) TimerEvent: {}
[12.288071] (-) TimerEvent: {}
[12.361153] (shell_interfaces) StdoutLine: {'line': b'[100%] Built target shell_interfaces__rosidl_typesupport_fastrtps_c__pyext\n'}
[12.361863] (shell_interfaces) StdoutLine: {'line': b'[100%] Built target shell_interfaces__rosidl_typesupport_introspection_c__pyext\n'}
[12.388298] (-) TimerEvent: {}
[12.443465] (shell_interfaces) StdoutLine: {'line': b'[100%] Built target shell_interfaces__rosidl_typesupport_c__pyext\n'}
[12.456479] (shell_interfaces) CommandEnded: {'returncode': 0}
[12.458270] (shell_interfaces) JobProgress: {'identifier': 'shell_interfaces', 'progress': 'install'}
[12.466456] (shell_interfaces) Command: {'cmd': ['/usr/bin/cmake', '--install', '/home/esraamustafa/path_planning/Path_Planning_Shell_AI/build/shell_interfaces'], 'cwd': '/home/esraamustafa/path_planning/Path_Planning_Shell_AI/build/shell_interfaces', 'env': OrderedDict([('PYTHON_BASIC_REPL', '1'), ('LESSOPEN', '| /usr/bin/lesspipe %s'), ('USER', 'esraamustafa'), ('GIT_ASKPASS', '/home/esraamustafa/.vscode-server/bin/c9d77990917f3102ada88be140d28b038d1dd7c7/extensions/git/dist/askpass.sh'), ('SHLVL', '1'), ('LD_LIBRARY_PATH', '/opt/ros/humble/opt/rviz_ogre_vendor/lib:/opt/ros/humble/lib/x86_64-linux-gnu:/opt/ros/humble/lib'), ('HOME', '/home/esraamustafa'), ('TERM_PROGRAM_VERSION', '1.108.2'), ('VSCODE_IPC_HOOK_CLI', '/run/user/1000/vscode-ipc-52db9783-9025-4fdc-8e9c-5e201e02a0b9.sock'), ('ROS_PYTHON_VERSION', '3'), ('VSCODE_GIT_ASKPASS_MAIN', '/home/esraamustafa/.vscode-server/bin/c9d77990917f3102ada88be140d28b038d1dd7c7/extensions/git/dist/askpass-main.js'), ('VSCODE_GIT_ASKPASS_NODE', '/home/esraamustafa/.vscode-server/bin/c9d77990917f3102ada88be140d28b038d1dd7c7/node'), ('PYDEVD_DISABLE_FILE_VALIDATION', '1'), ('BUNDLED_DEBUGPY_PATH', '/home/esraamustafa/.vscode-server/extensions/ms-python.debugpy-2025.18.0-linux-x64/bundled/libs/debugpy'), ('VSCODE_PYTHON_AUTOACTIVATE_GUARD', '1'), ('DBUS_SESSION_BUS_ADDRESS', 'unix:path=/run/user/1000/bus'), ('COLORTERM', 'truecolor'), ('WSL_DISTRO_NAME', 'Ubuntu-22.04'), ('WAYLAND_DISPLAY', 'wayland-0'), ('ROS_DISTRO', 'humble'), ('LOGNAME', 'esraamustafa'), ('NAME', 'Esraa'), ('WSL_INTEROP', '/run/WSL/465_interop'), ('PULSE_SERVER', 'unix:/mnt/wslg/PulseServer'), ('_', '/usr/bin/colcon'), ('ROS_VERSION', '2'), ('TERM', 'xterm-256color'), ('ROS_LOCALHOST_ONLY', '0'), ('PATH', '/home/esraamustafa/.vscode-server/data/User/globalStorage/github.copilot-chat/debugCommand:/home/esraamustafa/.vscode-server/data/User/globalStorage/github.copilot-chat/copilotCli:/home/esraamustafa/.vscode-server/bin/c9d77990917f3102ada88be140d28b038d1dd7c7/bin/remote-cli:/home/esraamustafa/.local/bin:/opt/ros/humble/bin:/usr/local/sbin:/usr/local/bin:/usr/sbin:/usr/bin:/sbin:/bin:/usr/games:/usr/local/games:/usr/lib/wsl/lib:/mnt/c/Program Files/Common Files/Oracle/Java/javapath:/mnt/c/Users/esraa/AppData/Local/Programs/Python/Python312/Scripts/:/mnt/c/Users/esraa/AppData/Local/Programs/Python/Python312/:/mnt/c/WINDOWS/system32:/mnt/c/WINDOWS:/mnt/c/WINDOWS/System32/Wbem:/mnt/c/WINDOWS/System32/WindowsPowerShell/v1.0/:/mnt/c/WINDOWS/System32/OpenSSH/:/mnt/c/Program Files/dotnet/:/mnt/c/Program Files/Git/cmd:/mnt/c/Program Files/nodejs/:/mnt/c/ProgramData/chocolatey/bin:/mnt/c/msys64/mingw64/bin:/mnt/c/Program Files/GitHub CLI/:/mnt/c/Program Files/MATLAB/R2024b/bin:/mnt/c/Program Files (x86)/Microsoft SQL Server/160/Tools/Binn/:/mnt/c/Program Files/Microsoft SQL Server/160/Tools/Binn/:/mnt/c/Program Files/Microsoft SQL Server/Client SDK/ODBC/170/Tools/Binn/:/mnt/c/Program Files/Microsoft SQL Server/160/DTS/Binn/:/mnt/c/Program Files/Microsoft SQL Server/150/Tools/Binn/:/mnt/c/Program Files/CMake/bin:/mnt/c/Program Files/Docker/Docker/resources/bin:/mnt/c/xampp/php/php.exe:/mnt/c/Users/esraa/AppData/Local/Programs/Python/Python314/Scripts/:/mnt/c/Users/esraa/AppData/Local/Programs/Python/Python314/:/mnt/c/Users/esraa/AppData/Local/Programs/Python/Launcher/:/mnt/c/Users/esraa/AppData/Local/Microsoft/WindowsApps:/mnt/c/Users/esraa/AppData/Local/Programs/Microsoft_VS_Code/bin:/mnt/c/Users/esraa/AppData/Local/Microsoft/WinGet/Packages/Schniz.fnm_Microsoft.Winget.Source_8wekyb3d8bbwe:/mnt/c/Users/esraa/AppData/Roaming/npm:/mnt/c/Users/esraa/AppData/Local/GitHubDesktop/bin:/mnt/c/Users/esraa/.dotnet/tools:/mnt/d/IntelliJ IDEA 2024.2.3/bin:/mnt/c/Program Files/JetBrains/IntelliJ IDEA Community Edition 2024.2.3/bin:/mnt/c/Program Files/MongoDB/Server/8.2/bin:/mnt/c/Users/esraa/AppData/Local/Programs/mongosh/:/snap/bin:/home/esraamustafa/.vscode-server/extensions/ms-python.debugpy-2025.18.0-linux-x64/bundled/scripts/noConfigScripts'), ('XDG_RUNTIME_DIR', '/run/user/1000/'), ('DISPLAY', ':0'), ('VSCODE_DEBUGPY_ADAPTER_ENDPOINTS', '/home/esraamustafa/.vscode-server/extensions/ms-python.debugpy-2025.18.0-linux-x64/.noConfigDebugAdapterEndpoints/endpoint-9aa057c463a7ace4.txt'), ('LANG', 'C.UTF-8'), ('PYTHONSTARTUP', '/home/esraamustafa/.vscode-server/data/User/workspaceStorage/9188cf032e28f409f831a5c4cd4238d1/ms-python.python/pythonrc.py'), ('LS_COLORS', 'rs=0:di=01;34:ln=01;36:mh=00:pi=40;33:so=01;35:do=01;35:bd=40;33;01:cd=40;33;01:or=40;31;01:mi=00:su=37;41:sg=30;43:ca=30;41:tw=30;42:ow=34;42:st=37;44:ex=01;32:*.tar=01;31:*.tgz=01;31:*.arc=01;31:*.arj=01;31:*.taz=01;31:*.lha=01;31:*.lz4=01;31:*.lzh=01;31:*.lzma=01;31:*.tlz=01;31:*.txz=01;31:*.tzo=01;31:*.t7z=01;31:*.zip=01;31:*.z=01;31:*.dz=01;31:*.gz=01;31:*.lrz=01;31:*.lz=01;31:*.lzo=01;31:*.xz=01;31:*.zst=01;31:*.tzst=01;31:*.bz2=01;31:*.bz=01;31:*.tbz=01;31:*.tbz2=01;31:*.tz=01;31:*.deb=01;31:*.rpm=01;31:*.jar=01;31:*.war=01;31:*.ear=01;31:*.sar=01;31:*.rar=01;31:*.alz=01;31:*.ace=01;31:*.zoo=01;31:*.cpio=01;31:*.7z=01;31:*.rz=01;31:*.cab=01;31:*.wim=01;31:*.swm=01;31:*.dwm=01;31:*.esd=01;31:*.jpg=01;35:*.jpeg=01;35:*.mjpg=01;35:*.mjpeg=01;35:*.gif=01;35:*.bmp=01;35:*.pbm=01;35:*.pgm=01;35:*.ppm=01;35:*.tga=01;35:*.xbm=01;35:*.xpm=01;35:*.tif=01;35:*.tiff=01;35:*.png=01;35:*.svg=01;35:*.svgz=01;35:*.mng=01;35:*.pcx=01;35:*.mov=01;35:*.mpg=01;35:*.mpeg=01;35:*.m2v=01;35:*.mkv=01;35:*.webm=01;35:*.webp=01;35:*.ogm=01;35:*.mp4=01;35:*.m4v=01;35:*.mp4v=01;35:*.vob=01;35:*.qt=01;35:*.nuv=01;35:*.wmv=01;35:*.asf=01;35:*.rm=01;35:*.rmvb=01;35:*.flc=01;35:*.avi=01;35:*.fli=01;35:*.flv=01;35:*.gl=01;35:*.dl=01;35:*.xcf=01;35:*.xwd=01;35:*.yuv=01;35:*.cgm=01;35:*.emf=01;35:*.ogv=01;35:*.ogx=01;35:*.aac=00;36:*.au=00;36:*.flac=00;36:*.m4a=00;36:*.mid=00;36:*.midi=00;36:*.mka=00;36:*.mp3=00;36:*.mpc=00;36:*.ogg=00;36:*.ra=00;36:*.wav=00;36:*.oga=00;36:*.opus=00;36:*.spx=00;36:*.xspf=00;36:'), ('VSCODE_GIT_IPC_HANDLE', '/run/user/1000/vscode-git-7233589553.sock'), ('TERM_PROGRAM', 'vscode'), ('AMENT_PREFIX_PATH', '/opt/ros/humble'), ('SHELL', '/bin/bash'), ('LESSCLOSE', '/usr/bin/lesspipe %s %s'), ('VSCODE_GIT_ASKPASS_EXTRA_ARGS', ''), ('PWD', '/home/esraamustafa/path_planning/Path_Planning_Shell_AI/build/shell_interfaces'), ('XDG_DATA_DIRS', '/usr/local/share:/usr/share:/var/lib/snapd/desktop'), ('PYTHONPATH', '/opt/ros/humble/lib/python3.10/site-packages:/opt/ros/humble/local/lib/python3.10/dist-packages'), ('COLCON', '1'), ('WSL2_GUI_APPS_ENABLED', '1'), ('HOSTTYPE', 'x86_64'), ('WSLENV', 'VSCODE_WSL_EXT_LOCATION/up'), ('CMAKE_PREFIX_PATH', '/opt/ros/humble')]), 'shell': False}
[12.473160] (shell_interfaces) StdoutLine: {'line': b'-- Install configuration: ""\n'}
[12.473811] (shell_interfaces) StdoutLine: {'line': b'-- Execute custom install script\n'}
[12.474880] (shell_interfaces) StdoutLine: {'line': b'-- Symlinking: /home/esraamustafa/path_planning/Path_Planning_Shell_AI/install/shell_interfaces/share/ament_index/resource_index/rosidl_interfaces/shell_interfaces\n'}
[12.484857] (shell_interfaces) StdoutLine: {'line': b'-- Symlinking: /home/esraamustafa/path_planning/Path_Planning_Shell_AI/install/shell_interfaces/include/shell_interfaces/shell_interfaces/msg/detail/trajectory__functions.h\n'}
[12.488506] (-) TimerEvent: {}
[12.493567] (shell_interfaces) StdoutLine: {'line': b'-- Symlinking: /home/esraamustafa/path_planning/Path_Planning_Shell_AI/install/shell_interfaces/include/shell_interfaces/shell_interfaces/msg/detail/trajectory__struct.h\n'}
[12.501971] (shell_interfaces) StdoutLine: {'line': b'-- Symlinking: /home/esraamustafa/path_planning/Path_Planning_Shell_AI/install/shell_interfaces/include/shell_interfaces/shell_interfaces/msg/detail/trajectory__type_support.h\n'}
[12.511053] (shell_interfaces) StdoutLine: {'line': b'-- Symlinking: /home/esraamustafa/path_planning/Path_Planning_Shell_AI/install/shell_interfaces/include/shell_interfaces/shell_interfaces/msg/detail/trajectory_point__functions.h\n'}
[12.519084] (shell_interfaces) StdoutLine: {'line': b'-- Symlinking: /home/esraamustafa/path_planning/Path_Planning_Shell_AI/install/shell_interfaces/include/shell_interfaces/shell_interfaces/msg/detail/trajectory_point__struct.h\n'}
[12.527038] (shell_interfaces) StdoutLine: {'line': b'-- Symlinking: /home/esraamustafa/path_planning/Path_Planning_Shell_AI/install/shell_interfaces/include/shell_interfaces/shell_interfaces/msg/detail/trajectory_point__type_support.h\n'}
[12.535731] (shell_interfaces) StdoutLine: {'line': b'-- Symlinking: /home/esraamustafa/path_planning/Path_Planning_Shell_AI/install/shell_interfaces/include/shell_interfaces/shell_interfaces/msg/rosidl_generator_c__visibility_control.h\n'}
[12.543207] (shell_interfaces) StdoutLine: {'line': b'-- Symlinking: /home/esraamustafa/path_planning/Path_Planning_Shell_AI/install/shell_interfaces/include/shell_interfaces/shell_interfaces/msg/trajectory.h\n'}
[12.550767] (shell_interfaces) StdoutLine: {'line': b'-- Symlinking: /home/esraamustafa/path_planning/Path_Planning_Shell_AI/install/shell_interfaces/include/shell_interfaces/shell_interfaces/msg/trajectory_point.h\n'}
[12.558944] (shell_interfaces) StdoutLine: {'line': b'-- Symlinking: /home/esraamustafa/path_planning/Path_Planning_Shell_AI/install/shell_interfaces/share/shell_interfaces/environment/library_path.sh\n'}
[12.567242] (shell_interfaces) StdoutLine: {'line': b'-- Symlinking: /home/esraamustafa/path_planning/Path_Planning_Shell_AI/install/shell_interfaces/share/shell_interfaces/environment/library_path.dsv\n'}
[12.574884] (shell_interfaces) StdoutLine: {'line': b'-- Symlinking: /home/esraamustafa/path_planning/Path_Planning_Shell_AI/install/shell_interfaces/include/shell_interfaces/shell_interfaces/msg/detail/trajectory__rosidl_typesupport_fastrtps_c.h\n'}
[12.583146] (shell_interfaces) StdoutLine: {'line': b'-- Symlinking: /home/esraamustafa/path_planning/Path_Planning_Shell_AI/install/shell_interfaces/include/shell_interfaces/shell_interfaces/msg/detail/trajectory_point__rosidl_typesupport_fastrtps_c.h\n'}
[12.588739] (-) TimerEvent: {}
[12.590489] (shell_interfaces) StdoutLine: {'line': b'-- Symlinking: /home/esraamustafa/path_planning/Path_Planning_Shell_AI/install/shell_interfaces/include/shell_interfaces/shell_interfaces/msg/rosidl_typesupport_fastrtps_c__visibility_control.h\n'}
[12.599193] (shell_interfaces) StdoutLine: {'line': b'-- Symlinking: /home/esraamustafa/path_planning/Path_Planning_Shell_AI/install/shell_interfaces/include/shell_interfaces/shell_interfaces/msg/detail/trajectory__rosidl_typesupport_introspection_c.h\n'}
[12.607419] (shell_interfaces) StdoutLine: {'line': b'-- Symlinking: /home/esraamustafa/path_planning/Path_Planning_Shell_AI/install/shell_interfaces/include/shell_interfaces/shell_interfaces/msg/detail/trajectory_point__rosidl_typesupport_introspection_c.h\n'}
[12.616358] (shell_interfaces) StdoutLine: {'line': b'-- Symlinking: /home/esraamustafa/path_planning/Path_Planning_Shell_AI/install/shell_interfaces/include/shell_interfaces/shell_interfaces/msg/rosidl_typesupport_introspection_c__visibility_control.h\n'}
[12.624677] (shell_interfaces) StdoutLine: {'line': b'-- Symlinking: /home/esraamustafa/path_planning/Path_Planning_Shell_AI/install/shell_interfaces/include/shell_interfaces/shell_interfaces/msg/detail/trajectory__builder.hpp\n'}
[12.632573] (shell_interfaces) StdoutLine: {'line': b'-- Symlinking: /home/esraamustafa/path_planning/Path_Planning_Shell_AI/install/shell_interfaces/include/shell_interfaces/shell_interfaces/msg/detail/trajectory__struct.hpp\n'}
[12.640099] (shell_interfaces) StdoutLine: {'line': b'-- Symlinking: /home/esraamustafa/path_planning/Path_Planning_Shell_AI/install/shell_interfaces/include/shell_interfaces/shell_interfaces/msg/detail/trajectory__traits.hpp\n'}
[12.647785] (shell_interfaces) StdoutLine: {'line': b'-- Symlinking: /home/esraamustafa/path_planning/Path_Planning_Shell_AI/install/shell_interfaces/include/shell_interfaces/shell_interfaces/msg/detail/trajectory__type_support.hpp\n'}
[12.656427] (shell_interfaces) StdoutLine: {'line': b'-- Symlinking: /home/esraamustafa/path_planning/Path_Planning_Shell_AI/install/shell_interfaces/include/shell_interfaces/shell_interfaces/msg/detail/trajectory_point__builder.hpp\n'}
[12.665496] (shell_interfaces) StdoutLine: {'line': b'-- Symlinking: /home/esraamustafa/path_planning/Path_Planning_Shell_AI/install/shell_interfaces/include/shell_interfaces/shell_interfaces/msg/detail/trajectory_point__struct.hpp\n'}
[12.673928] (shell_interfaces) StdoutLine: {'line': b'-- Symlinking: /home/esraamustafa/path_planning/Path_Planning_Shell_AI/install/shell_interfaces/include/shell_interfaces/shell_interfaces/msg/detail/trajectory_point__traits.hpp\n'}
[12.682838] (shell_interfaces) StdoutLine: {'line': b'-- Symlinking: /home/esraamustafa/path_planning/Path_Planning_Shell_AI/install/shell_interfaces/include/shell_interfaces/shell_interfaces/msg/detail/trajectory_point__type_support.hpp\n'}
[12.689165] (-) TimerEvent: {}
[12.691493] (shell_interfaces) StdoutLine: {'line': b'-- Symlinking: /home/esraamustafa/path_planning/Path_Planning_Shell_AI/install/shell_interfaces/include/shell_interfaces/shell_interfaces/msg/rosidl_generator_cpp__visibility_control.hpp\n'}
[12.698912] (shell_interfaces) StdoutLine: {'line': b'-- Symlinking: /home/esraamustafa/path_planning/Path_Planning_Shell_AI/install/shell_interfaces/include/shell_interfaces/shell_interfaces/msg/trajectory.hpp\n'}
[12.710619] (shell_interfaces) StdoutLine: {'line': b'-- Symlinking: /home/esraamustafa/path_planning/Path_Planning_Shell_AI/install/shell_interfaces/include/shell_interfaces/shell_interfaces/msg/trajectory_point.hpp\n'}
[12.719709] (shell_interfaces) StdoutLine: {'line': b'-- Symlinking: /home/esraamustafa/path_planning/Path_Planning_Shell_AI/install/shell_interfaces/include/shell_interfaces/shell_interfaces/msg/detail/trajectory__rosidl_typesupport_fastrtps_cpp.hpp\n'}
[12.729484] (shell_interfaces) StdoutLine: {'line': b'-- Symlinking: /home/esraamustafa/path_planning/Path_Planning_Shell_AI/install/shell_interfaces/include/shell_interfaces/shell_interfaces/msg/detail/trajectory_point__rosidl_typesupport_fastrtps_cpp.hpp\n'}
[12.738312] (shell_interfaces) StdoutLine: {'line': b'-- Symlinking: /home/esraamustafa/path_planning/Path_Planning_Shell_AI/install/shell_interfaces/include/shell_interfaces/shell_interfaces/msg/rosidl_typesupport_fastrtps_cpp__visibility_control.h\n'}
[12.748128] (shell_interfaces) StdoutLine: {'line': b'-- Symlinking: /home/esraamustafa/path_planning/Path_Planning_Shell_AI/install/shell_interfaces/include/shell_interfaces/shell_interfaces/msg/detail/trajectory__rosidl_typesupport_introspection_cpp.hpp\n'}
[12.762353] (shell_interfaces) StdoutLine: {'line': b'-- Symlinking: /home/esraamustafa/path_planning/Path_Planning_Shell_AI/install/shell_interfaces/include/shell_interfaces/shell_interfaces/msg/detail/trajectory_point__rosidl_typesupport_introspection_cpp.hpp\n'}
[12.776260] (shell_interfaces) StdoutLine: {'line': b'-- Symlinking: /home/esraamustafa/path_planning/Path_Planning_Shell_AI/install/shell_interfaces/share/shell_interfaces/environment/pythonpath.sh\n'}
[12.786536] (shell_interfaces) StdoutLine: {'line': b'-- Symlinking: /home/esraamustafa/path_planning/Path_Planning_Shell_AI/install/shell_interfaces/share/shell_interfaces/environment/pythonpath.dsv\n'}
[12.789345] (-) TimerEvent: {}
[12.798957] (shell_interfaces) StdoutLine: {'line': b'-- Symlinking: /home/esraamustafa/path_planning/Path_Planning_Shell_AI/install/shell_interfaces/local/lib/python3.10/dist-packages/shell_interfaces-0.0.0-py3.10.egg-info/PKG-INFO\n'}
[12.811826] (shell_interfaces) StdoutLine: {'line': b'-- Symlinking: /home/esraamustafa/path_planning/Path_Planning_Shell_AI/install/shell_interfaces/local/lib/python3.10/dist-packages/shell_interfaces-0.0.0-py3.10.egg-info/SOURCES.txt\n'}
[12.820732] (shell_interfaces) StdoutLine: {'line': b'-- Symlinking: /home/esraamustafa/path_planning/Path_Planning_Shell_AI/install/shell_interfaces/local/lib/python3.10/dist-packages/shell_interfaces-0.0.0-py3.10.egg-info/dependency_links.txt\n'}
[12.832035] (shell_interfaces) StdoutLine: {'line': b'-- Symlinking: /home/esraamustafa/path_planning/Path_Planning_Shell_AI/install/shell_interfaces/local/lib/python3.10/dist-packages/shell_interfaces-0.0.0-py3.10.egg-info/top_level.txt\n'}
[12.845239] (shell_interfaces) StdoutLine: {'line': b'-- Symlinking: /home/esraamustafa/path_planning/Path_Planning_Shell_AI/install/shell_interfaces/local/lib/python3.10/dist-packages/shell_interfaces/__init__.py\n'}
[12.861001] (shell_interfaces) StdoutLine: {'line': b'-- Symlinking: /home/esraamustafa/path_planning/Path_Planning_Shell_AI/install/shell_interfaces/local/lib/python3.10/dist-packages/shell_interfaces/_shell_interfaces_s.ep.rosidl_typesupport_c.c\n'}
[12.870319] (shell_interfaces) StdoutLine: {'line': b'-- Symlinking: /home/esraamustafa/path_planning/Path_Planning_Shell_AI/install/shell_interfaces/local/lib/python3.10/dist-packages/shell_interfaces/_shell_interfaces_s.ep.rosidl_typesupport_fastrtps_c.c\n'}
[12.879286] (shell_interfaces) StdoutLine: {'line': b'-- Symlinking: /home/esraamustafa/path_planning/Path_Planning_Shell_AI/install/shell_interfaces/local/lib/python3.10/dist-packages/shell_interfaces/_shell_interfaces_s.ep.rosidl_typesupport_introspection_c.c\n'}
[12.887136] (shell_interfaces) StdoutLine: {'line': b'-- Symlinking: /home/esraamustafa/path_planning/Path_Planning_Shell_AI/install/shell_interfaces/local/lib/python3.10/dist-packages/shell_interfaces/libshell_interfaces__rosidl_generator_py.so\n'}
[12.889531] (-) TimerEvent: {}
[12.896407] (shell_interfaces) StdoutLine: {'line': b'-- Symlinking: /home/esraamustafa/path_planning/Path_Planning_Shell_AI/install/shell_interfaces/local/lib/python3.10/dist-packages/shell_interfaces/msg/__init__.py\n'}
[12.905312] (shell_interfaces) StdoutLine: {'line': b'-- Symlinking: /home/esraamustafa/path_planning/Path_Planning_Shell_AI/install/shell_interfaces/local/lib/python3.10/dist-packages/shell_interfaces/msg/_trajectory.py\n'}
[12.914779] (shell_interfaces) StdoutLine: {'line': b'-- Symlinking: /home/esraamustafa/path_planning/Path_Planning_Shell_AI/install/shell_interfaces/local/lib/python3.10/dist-packages/shell_interfaces/msg/_trajectory_point.py\n'}
[12.923250] (shell_interfaces) StdoutLine: {'line': b'-- Symlinking: /home/esraamustafa/path_planning/Path_Planning_Shell_AI/install/shell_interfaces/local/lib/python3.10/dist-packages/shell_interfaces/msg/_trajectory_point_s.c\n'}
[12.934653] (shell_interfaces) StdoutLine: {'line': b'-- Symlinking: /home/esraamustafa/path_planning/Path_Planning_Shell_AI/install/shell_interfaces/local/lib/python3.10/dist-packages/shell_interfaces/msg/_trajectory_s.c\n'}
[12.943283] (shell_interfaces) StdoutLine: {'line': b'-- Symlinking: /home/esraamustafa/path_planning/Path_Planning_Shell_AI/install/shell_interfaces/local/lib/python3.10/dist-packages/shell_interfaces/shell_interfaces_s__rosidl_typesupport_c.cpython-310-x86_64-linux-gnu.so\n'}
[12.953219] (shell_interfaces) StdoutLine: {'line': b'-- Symlinking: /home/esraamustafa/path_planning/Path_Planning_Shell_AI/install/shell_interfaces/local/lib/python3.10/dist-packages/shell_interfaces/shell_interfaces_s__rosidl_typesupport_fastrtps_c.cpython-310-x86_64-linux-gnu.so\n'}
[12.962044] (shell_interfaces) StdoutLine: {'line': b'-- Symlinking: /home/esraamustafa/path_planning/Path_Planning_Shell_AI/install/shell_interfaces/local/lib/python3.10/dist-packages/shell_interfaces/shell_interfaces_s__rosidl_typesupport_introspection_c.cpython-310-x86_64-linux-gnu.so\n'}
[12.974962] (shell_interfaces) StdoutLine: {'line': b'-- Up-to-date symlink: /home/esraamustafa/path_planning/Path_Planning_Shell_AI/install/shell_interfaces/local/lib/python3.10/dist-packages/shell_interfaces/shell_interfaces_s__rosidl_typesupport_fastrtps_c.cpython-310-x86_64-linux-gnu.so\n'}
[12.975529] (shell_interfaces) StdoutLine: {'line': b'-- Up-to-date symlink: /home/esraamustafa/path_planning/Path_Planning_Shell_AI/install/shell_interfaces/local/lib/python3.10/dist-packages/shell_interfaces/shell_interfaces_s__rosidl_typesupport_introspection_c.cpython-310-x86_64-linux-gnu.so\n'}
[12.975855] (shell_interfaces) StdoutLine: {'line': b'-- Up-to-date symlink: /home/esraamustafa/path_planning/Path_Planning_Shell_AI/install/shell_interfaces/local/lib/python3.10/dist-packages/shell_interfaces/shell_interfaces_s__rosidl_typesupport_c.cpython-310-x86_64-linux-gnu.so\n'}
[12.976304] (shell_interfaces) StdoutLine: {'line': b'-- Symlinking: /home/esraamustafa/path_planning/Path_Planning_Shell_AI/install/shell_interfaces/share/shell_interfaces/msg/TrajectoryPoint.idl\n'}
[12.987125] (shell_interfaces) StdoutLine: {'line': b'-- Symlinking: /home/esraamustafa/path_planning/Path_Planning_Shell_AI/install/shell_interfaces/share/shell_interfaces/msg/Trajectory.idl\n'}
[12.989728] (-) TimerEvent: {}
[12.996729] (shell_interfaces) StdoutLine: {'line': b'-- Symlinking: /home/esraamustafa/path_planning/Path_Planning_Shell_AI/install/shell_interfaces/share/shell_interfaces/msg/TrajectoryPoint.msg\n'}
[13.007684] (shell_interfaces) StdoutLine: {'line': b'-- Symlinking: /home/esraamustafa/path_planning/Path_Planning_Shell_AI/install/shell_interfaces/share/shell_interfaces/msg/Trajectory.msg\n'}
[13.018775] (shell_interfaces) StdoutLine: {'line': b'-- Symlinking: /home/esraamustafa/path_planning/Path_Planning_Shell_AI/install/shell_interfaces/share/ament_index/resource_index/package_run_dependencies/shell_interfaces\n'}
[13.030652] (shell_interfaces) StdoutLine: {'line': b'-- Symlinking: /home/esraamustafa/path_planning/Path_Planning_Shell_AI/install/shell_interfaces/share/ament_index/resource_index/parent_prefix_path/shell_interfaces\n'}
[13.040554] (shell_interfaces) StdoutLine: {'line': b'-- Symlinking: /home/esraamustafa/path_planning/Path_Planning_Shell_AI/install/shell_interfaces/share/shell_interfaces/environment/ament_prefix_path.sh\n'}
[13.054503] (shell_interfaces) StdoutLine: {'line': b'-- Symlinking: /home/esraamustafa/path_planning/Path_Planning_Shell_AI/install/shell_interfaces/share/shell_interfaces/environment/ament_prefix_path.dsv\n'}
[13.065018] (shell_interfaces) StdoutLine: {'line': b'-- Symlinking: /home/esraamustafa/path_planning/Path_Planning_Shell_AI/install/shell_interfaces/share/shell_interfaces/environment/path.sh\n'}
[13.073380] (shell_interfaces) StdoutLine: {'line': b'-- Symlinking: /home/esraamustafa/path_planning/Path_Planning_Shell_AI/install/shell_interfaces/share/shell_interfaces/environment/path.dsv\n'}
[13.082585] (shell_interfaces) StdoutLine: {'line': b'-- Symlinking: /home/esraamustafa/path_planning/Path_Planning_Shell_AI/install/shell_interfaces/share/shell_interfaces/local_setup.bash\n'}
[13.090012] (-) TimerEvent: {}
[13.093382] (shell_interfaces) StdoutLine: {'line': b'-- Symlinking: /home/esraamustafa/path_planning/Path_Planning_Shell_AI/install/shell_interfaces/share/shell_interfaces/local_setup.sh\n'}
[13.102637] (shell_interfaces) StdoutLine: {'line': b'-- Symlinking: /home/esraamustafa/path_planning/Path_Planning_Shell_AI/install/shell_interfaces/share/shell_interfaces/local_setup.zsh\n'}
[13.113784] (shell_interfaces) StdoutLine: {'line': b'-- Symlinking: /home/esraamustafa/path_planning/Path_Planning_Shell_AI/install/shell_interfaces/share/shell_interfaces/local_setup.dsv\n'}
[13.122599] (shell_interfaces) StdoutLine: {'line': b'-- Symlinking: /home/esraamustafa/path_planning/Path_Planning_Shell_AI/install/shell_interfaces/share/shell_interfaces/package.dsv\n'}
[13.134334] (shell_interfaces) StdoutLine: {'line': b'-- Symlinking: /home/esraamustafa/path_planning/Path_Planning_Shell_AI/install/shell_interfaces/share/ament_index/resource_index/packages/shell_interfaces\n'}
[13.143872] (shell_interfaces) StdoutLine: {'line': b'-- Symlinking: /home/esraamustafa/path_planning/Path_Planning_Shell_AI/install/shell_interfaces/share/shell_interfaces/cmake/rosidl_cmake-extras.cmake\n'}
[13.153712] (shell_interfaces) StdoutLine: {'line': b'-- Symlinking: /home/esraamustafa/path_planning/Path_Planning_Shell_AI/install/shell_interfaces/share/shell_interfaces/cmake/ament_cmake_export_include_directories-extras.cmake\n'}
[13.162823] (shell_interfaces) StdoutLine: {'line': b'-- Symlinking: /home/esraamustafa/path_planning/Path_Planning_Shell_AI/install/shell_interfaces/share/shell_interfaces/cmake/ament_cmake_export_libraries-extras.cmake\n'}
[13.171692] (shell_interfaces) StdoutLine: {'line': b'-- Symlinking: /home/esraamustafa/path_planning/Path_Planning_Shell_AI/install/shell_interfaces/share/shell_interfaces/cmake/ament_cmake_export_targets-extras.cmake\n'}
[13.181706] (shell_interfaces) StdoutLine: {'line': b'-- Symlinking: /home/esraamustafa/path_planning/Path_Planning_Shell_AI/install/shell_interfaces/share/shell_interfaces/cmake/rosidl_cmake_export_typesupport_targets-extras.cmake\n'}
[13.190221] (-) TimerEvent: {}
[13.194577] (shell_interfaces) StdoutLine: {'line': b'-- Symlinking: /home/esraamustafa/path_planning/Path_Planning_Shell_AI/install/shell_interfaces/share/shell_interfaces/cmake/ament_cmake_export_dependencies-extras.cmake\n'}
[13.209035] (shell_interfaces) StdoutLine: {'line': b'-- Symlinking: /home/esraamustafa/path_planning/Path_Planning_Shell_AI/install/shell_interfaces/share/shell_interfaces/cmake/rosidl_cmake_export_typesupport_libraries-extras.cmake\n'}
[13.218089] (shell_interfaces) StdoutLine: {'line': b'-- Symlinking: /home/esraamustafa/path_planning/Path_Planning_Shell_AI/install/shell_interfaces/share/shell_interfaces/cmake/shell_interfacesConfig.cmake\n'}
[13.229134] (shell_interfaces) StdoutLine: {'line': b'-- Symlinking: /home/esraamustafa/path_planning/Path_Planning_Shell_AI/install/shell_interfaces/share/shell_interfaces/cmake/shell_interfacesConfig-version.cmake\n'}
[13.241159] (shell_interfaces) StdoutLine: {'line': b'-- Symlinking: /home/esraamustafa/path_planning/Path_Planning_Shell_AI/install/shell_interfaces/share/shell_interfaces/package.xml\n'}
[13.251709] (shell_interfaces) StdoutLine: {'line': b'-- Installing: /home/esraamustafa/path_planning/Path_Planning_Shell_AI/install/shell_interfaces/lib/libshell_interfaces__rosidl_generator_c.so\n'}
[13.252302] (shell_interfaces) StdoutLine: {'line': b'-- Set runtime path of "/home/esraamustafa/path_planning/Path_Planning_Shell_AI/install/shell_interfaces/lib/libshell_interfaces__rosidl_generator_c.so" to ""\n'}
[13.252504] (shell_interfaces) StdoutLine: {'line': b'-- Installing: /home/esraamustafa/path_planning/Path_Planning_Shell_AI/install/shell_interfaces/lib/libshell_interfaces__rosidl_typesupport_fastrtps_c.so\n'}
[13.252609] (shell_interfaces) StdoutLine: {'line': b'-- Set runtime path of "/home/esraamustafa/path_planning/Path_Planning_Shell_AI/install/shell_interfaces/lib/libshell_interfaces__rosidl_typesupport_fastrtps_c.so" to ""\n'}
[13.252717] (shell_interfaces) StdoutLine: {'line': b'-- Installing: /home/esraamustafa/path_planning/Path_Planning_Shell_AI/install/shell_interfaces/lib/libshell_interfaces__rosidl_typesupport_introspection_c.so\n'}
[13.253131] (shell_interfaces) StdoutLine: {'line': b'-- Set runtime path of "/home/esraamustafa/path_planning/Path_Planning_Shell_AI/install/shell_interfaces/lib/libshell_interfaces__rosidl_typesupport_introspection_c.so" to ""\n'}
[13.253448] (shell_interfaces) StdoutLine: {'line': b'-- Installing: /home/esraamustafa/path_planning/Path_Planning_Shell_AI/install/shell_interfaces/lib/libshell_interfaces__rosidl_typesupport_c.so\n'}
[13.253624] (shell_interfaces) StdoutLine: {'line': b'-- Set runtime path of "/home/esraamustafa/path_planning/Path_Planning_Shell_AI/install/shell_interfaces/lib/libshell_interfaces__rosidl_typesupport_c.so" to ""\n'}
[13.253988] (shell_interfaces) StdoutLine: {'line': b'-- Installing: /home/esraamustafa/path_planning/Path_Planning_Shell_AI/install/shell_interfaces/lib/libshell_interfaces__rosidl_typesupport_fastrtps_cpp.so\n'}
[13.254073] (shell_interfaces) StdoutLine: {'line': b'-- Set runtime path of "/home/esraamustafa/path_planning/Path_Planning_Shell_AI/install/shell_interfaces/lib/libshell_interfaces__rosidl_typesupport_fastrtps_cpp.so" to ""\n'}
[13.254143] (shell_interfaces) StdoutLine: {'line': b'-- Installing: /home/esraamustafa/path_planning/Path_Planning_Shell_AI/install/shell_interfaces/lib/libshell_interfaces__rosidl_typesupport_introspection_cpp.so\n'}
[13.254209] (shell_interfaces) StdoutLine: {'line': b'-- Set runtime path of "/home/esraamustafa/path_planning/Path_Planning_Shell_AI/install/shell_interfaces/lib/libshell_interfaces__rosidl_typesupport_introspection_cpp.so" to ""\n'}
[13.254272] (shell_interfaces) StdoutLine: {'line': b'-- Installing: /home/esraamustafa/path_planning/Path_Planning_Shell_AI/install/shell_interfaces/lib/libshell_interfaces__rosidl_typesupport_cpp.so\n'}
[13.254496] (shell_interfaces) StdoutLine: {'line': b'-- Set runtime path of "/home/esraamustafa/path_planning/Path_Planning_Shell_AI/install/shell_interfaces/lib/libshell_interfaces__rosidl_typesupport_cpp.so" to ""\n'}
[13.290435] (-) TimerEvent: {}
[13.315040] (shell_interfaces) StdoutLine: {'line': b"Listing '/home/esraamustafa/path_planning/Path_Planning_Shell_AI/install/shell_interfaces/local/lib/python3.10/dist-packages/shell_interfaces'...\n"}
[13.315350] (shell_interfaces) StdoutLine: {'line': b"Compiling '/home/esraamustafa/path_planning/Path_Planning_Shell_AI/install/shell_interfaces/local/lib/python3.10/dist-packages/shell_interfaces/__init__.py'...\n"}
[13.315458] (shell_interfaces) StdoutLine: {'line': b"Listing '/home/esraamustafa/path_planning/Path_Planning_Shell_AI/install/shell_interfaces/local/lib/python3.10/dist-packages/shell_interfaces/msg'...\n"}
[13.315551] (shell_interfaces) StdoutLine: {'line': b"Compiling '/home/esraamustafa/path_planning/Path_Planning_Shell_AI/install/shell_interfaces/local/lib/python3.10/dist-packages/shell_interfaces/msg/__init__.py'...\n"}
[13.315642] (shell_interfaces) StdoutLine: {'line': b"Compiling '/home/esraamustafa/path_planning/Path_Planning_Shell_AI/install/shell_interfaces/local/lib/python3.10/dist-packages/shell_interfaces/msg/_trajectory.py'...\n"}
[13.315748] (shell_interfaces) StdoutLine: {'line': b"Compiling '/home/esraamustafa/path_planning/Path_Planning_Shell_AI/install/shell_interfaces/local/lib/python3.10/dist-packages/shell_interfaces/msg/_trajectory_point.py'...\n"}
[13.320123] (shell_interfaces) StdoutLine: {'line': b'-- Installing: /home/esraamustafa/path_planning/Path_Planning_Shell_AI/install/shell_interfaces/lib/libshell_interfaces__rosidl_generator_py.so\n'}
[13.320636] (shell_interfaces) StdoutLine: {'line': b'-- Set runtime path of "/home/esraamustafa/path_planning/Path_Planning_Shell_AI/install/shell_interfaces/lib/libshell_interfaces__rosidl_generator_py.so" to ""\n'}
[13.320767] (shell_interfaces) StdoutLine: {'line': b'-- Installing: /home/esraamustafa/path_planning/Path_Planning_Shell_AI/install/shell_interfaces/share/shell_interfaces/cmake/export_shell_interfaces__rosidl_generator_cExport.cmake\n'}
[13.320915] (shell_interfaces) StdoutLine: {'line': b'-- Installing: /home/esraamustafa/path_planning/Path_Planning_Shell_AI/install/shell_interfaces/share/shell_interfaces/cmake/export_shell_interfaces__rosidl_generator_cExport-noconfig.cmake\n'}
[13.321246] (shell_interfaces) StdoutLine: {'line': b'-- Installing: /home/esraamustafa/path_planning/Path_Planning_Shell_AI/install/shell_interfaces/share/shell_interfaces/cmake/export_shell_interfaces__rosidl_typesupport_fastrtps_cExport.cmake\n'}
[13.321402] (shell_interfaces) StdoutLine: {'line': b'-- Installing: /home/esraamustafa/path_planning/Path_Planning_Shell_AI/install/shell_interfaces/share/shell_interfaces/cmake/export_shell_interfaces__rosidl_typesupport_fastrtps_cExport-noconfig.cmake\n'}
[13.321800] (shell_interfaces) StdoutLine: {'line': b'-- Installing: /home/esraamustafa/path_planning/Path_Planning_Shell_AI/install/shell_interfaces/share/shell_interfaces/cmake/shell_interfaces__rosidl_typesupport_introspection_cExport.cmake\n'}
[13.321919] (shell_interfaces) StdoutLine: {'line': b'-- Installing: /home/esraamustafa/path_planning/Path_Planning_Shell_AI/install/shell_interfaces/share/shell_interfaces/cmake/shell_interfaces__rosidl_typesupport_introspection_cExport-noconfig.cmake\n'}
[13.322121] (shell_interfaces) StdoutLine: {'line': b'-- Installing: /home/esraamustafa/path_planning/Path_Planning_Shell_AI/install/shell_interfaces/share/shell_interfaces/cmake/shell_interfaces__rosidl_typesupport_cExport.cmake\n'}
[13.322533] (shell_interfaces) StdoutLine: {'line': b'-- Installing: /home/esraamustafa/path_planning/Path_Planning_Shell_AI/install/shell_interfaces/share/shell_interfaces/cmake/shell_interfaces__rosidl_typesupport_cExport-noconfig.cmake\n'}
[13.322625] (shell_interfaces) StdoutLine: {'line': b'-- Installing: /home/esraamustafa/path_planning/Path_Planning_Shell_AI/install/shell_interfaces/share/shell_interfaces/cmake/export_shell_interfaces__rosidl_generator_cppExport.cmake\n'}
[13.322689] (shell_interfaces) StdoutLine: {'line': b'-- Installing: /home/esraamustafa/path_planning/Path_Planning_Shell_AI/install/shell_interfaces/share/shell_interfaces/cmake/export_shell_interfaces__rosidl_typesupport_fastrtps_cppExport.cmake\n'}
[13.322765] (shell_interfaces) StdoutLine: {'line': b'-- Installing: /home/esraamustafa/path_planning/Path_Planning_Shell_AI/install/shell_interfaces/share/shell_interfaces/cmake/export_shell_interfaces__rosidl_typesupport_fastrtps_cppExport-noconfig.cmake\n'}
[13.323227] (shell_interfaces) StdoutLine: {'line': b'-- Installing: /home/esraamustafa/path_planning/Path_Planning_Shell_AI/install/shell_interfaces/share/shell_interfaces/cmake/shell_interfaces__rosidl_typesupport_introspection_cppExport.cmake\n'}
[13.325348] (shell_interfaces) StdoutLine: {'line': b'-- Installing: /home/esraamustafa/path_planning/Path_Planning_Shell_AI/install/shell_interfaces/share/shell_interfaces/cmake/shell_interfaces__rosidl_typesupport_introspection_cppExport-noconfig.cmake\n'}
[13.325815] (shell_interfaces) StdoutLine: {'line': b'-- Installing: /home/esraamustafa/path_planning/Path_Planning_Shell_AI/install/shell_interfaces/share/shell_interfaces/cmake/shell_interfaces__rosidl_typesupport_cppExport.cmake\n'}
[13.326369] (shell_interfaces) StdoutLine: {'line': b'-- Installing: /home/esraamustafa/path_planning/Path_Planning_Shell_AI/install/shell_interfaces/share/shell_interfaces/cmake/shell_interfaces__rosidl_typesupport_cppExport-noconfig.cmake\n'}
[13.326926] (shell_interfaces) StdoutLine: {'line': b'-- Installing: /home/esraamustafa/path_planning/Path_Planning_Shell_AI/install/shell_interfaces/share/shell_interfaces/cmake/export_shell_interfaces__rosidl_generator_pyExport.cmake\n'}
[13.327353] (shell_interfaces) StdoutLine: {'line': b'-- Installing: /home/esraamustafa/path_planning/Path_Planning_Shell_AI/install/shell_interfaces/share/shell_interfaces/cmake/export_shell_interfaces__rosidl_generator_pyExport-noconfig.cmake\n'}
[13.333206] (shell_interfaces) CommandEnded: {'returncode': 0}
[13.360555] (shell_interfaces) JobEnded: {'identifier': 'shell_interfaces', 'rc': 0}
[13.362814] (shell_test_nodes) JobStarted: {'identifier': 'shell_test_nodes'}
[13.370861] (shell_visualization) JobStarted: {'identifier': 'shell_visualization'}
[13.390654] (-) TimerEvent: {}
[13.491118] (-) TimerEvent: {}
[13.591671] (-) TimerEvent: {}
[13.692296] (-) TimerEvent: {}
[13.793068] (-) TimerEvent: {}
[13.894106] (-) TimerEvent: {}
[13.994609] (-) TimerEvent: {}
[14.095210] (-) TimerEvent: {}
[14.195794] (-) TimerEvent: {}
[14.296947] (-) TimerEvent: {}
[14.397653] (-) TimerEvent: {}
[14.498679] (-) TimerEvent: {}
[14.599714] (-) TimerEvent: {}
[14.700629] (-) TimerEvent: {}
[14.804836] (-) TimerEvent: {}
[14.906539] (-) TimerEvent: {}
[14.994749] (shell_test_nodes) Command: {'cmd': ['/usr/bin/python3', '-W', 'ignore:setup.py install is deprecated', '-W', 'ignore:easy_install command is deprecated', 'setup.py', 'develop', '--editable', '--build-directory', '/home/esraamustafa/path_planning/Path_Planning_Shell_AI/build/shell_test_nodes/build', '--no-deps'], 'cwd': '/home/esraamustafa/path_planning/Path_Planning_Shell_AI/build/shell_test_nodes', 'env': {'PYTHON_BASIC_REPL': '1', 'LESSOPEN': '| /usr/bin/lesspipe %s', 'USER': 'esraamustafa', 'GIT_ASKPASS': '/home/esraamustafa/.vscode-server/bin/c9d77990917f3102ada88be140d28b038d1dd7c7/extensions/git/dist/askpass.sh', 'SHLVL': '1', 'LD_LIBRARY_PATH': '/home/esraamustafa/path_planning/Path_Planning_Shell_AI/install/shell_interfaces/lib:/opt/ros/humble/opt/rviz_ogre_vendor/lib:/opt/ros/humble/lib/x86_64-linux-gnu:/opt/ros/humble/lib', 'HOME': '/home/esraamustafa', 'TERM_PROGRAM_VERSION': '1.108.2', 'VSCODE_IPC_HOOK_CLI': '/run/user/1000/vscode-ipc-52db9783-9025-4fdc-8e9c-5e201e02a0b9.sock', 'ROS_PYTHON_VERSION': '3', 'VSCODE_GIT_ASKPASS_MAIN': '/home/esraamustafa/.vscode-server/bin/c9d77990917f3102ada88be140d28b038d1dd7c7/extensions/git/dist/askpass-main.js', 'VSCODE_GIT_ASKPASS_NODE': '/home/esraamustafa/.vscode-server/bin/c9d77990917f3102ada88be140d28b038d1dd7c7/node', 'PYDEVD_DISABLE_FILE_VALIDATION': '1', 'BUNDLED_DEBUGPY_PATH': '/home/esraamustafa/.vscode-server/extensions/ms-python.debugpy-2025.18.0-linux-x64/bundled/libs/debugpy', 'VSCODE_PYTHON_AUTOACTIVATE_GUARD': '1', 'DBUS_SESSION_BUS_ADDRESS': 'unix:path=/run/user/1000/bus', 'COLORTERM': 'truecolor', 'WSL_DISTRO_NAME': 'Ubuntu-22.04', 'WAYLAND_DISPLAY': 'wayland-0', 'ROS_DISTRO': 'humble', 'LOGNAME': 'esraamustafa', 'NAME': 'Esraa', 'WSL_INTEROP': '/run/WSL/465_interop', 'PULSE_SERVER': 'unix:/mnt/wslg/PulseServer', '_': '/usr/bin/colcon', 'ROS_VERSION': '2', 'TERM': 'xterm-256color', 'ROS_LOCALHOST_ONLY': '0', 'PATH': '/home/esraamustafa/.vscode-server/data/User/globalStorage/github.copilot-chat/debugCommand:/home/esraamustafa/.vscode-server/data/User/globalStorage/github.copilot-chat/copilotCli:/home/esraamustafa/.vscode-server/bin/c9d77990917f3102ada88be140d28b038d1dd7c7/bin/remote-cli:/home/esraamustafa/.local/bin:/opt/ros/humble/bin:/usr/local/sbin:/usr/local/bin:/usr/sbin:/usr/bin:/sbin:/bin:/usr/games:/usr/local/games:/usr/lib/wsl/lib:/mnt/c/Program Files/Common Files/Oracle/Java/javapath:/mnt/c/Users/esraa/AppData/Local/Programs/Python/Python312/Scripts/:/mnt/c/Users/esraa/AppData/Local/Programs/Python/Python312/:/mnt/c/WINDOWS/system32:/mnt/c/WINDOWS:/mnt/c/WINDOWS/System32/Wbem:/mnt/c/WINDOWS/System32/WindowsPowerShell/v1.0/:/mnt/c/WINDOWS/System32/OpenSSH/:/mnt/c/Program Files/dotnet/:/mnt/c/Program Files/Git/cmd:/mnt/c/Program Files/nodejs/:/mnt/c/ProgramData/chocolatey/bin:/mnt/c/msys64/mingw64/bin:/mnt/c/Program Files/GitHub CLI/:/mnt/c/Program Files/MATLAB/R2024b/bin:/mnt/c/Program Files (x86)/Microsoft SQL Server/160/Tools/Binn/:/mnt/c/Program Files/Microsoft SQL Server/160/Tools/Binn/:/mnt/c/Program Files/Microsoft SQL Server/Client SDK/ODBC/170/Tools/Binn/:/mnt/c/Program Files/Microsoft SQL Server/160/DTS/Binn/:/mnt/c/Program Files/Microsoft SQL Server/150/Tools/Binn/:/mnt/c/Program Files/CMake/bin:/mnt/c/Program Files/Docker/Docker/resources/bin:/mnt/c/xampp/php/php.exe:/mnt/c/Users/esraa/AppData/Local/Programs/Python/Python314/Scripts/:/mnt/c/Users/esraa/AppData/Local/Programs/Python/Python314/:/mnt/c/Users/esraa/AppData/Local/Programs/Python/Launcher/:/mnt/c/Users/esraa/AppData/Local/Microsoft/WindowsApps:/mnt/c/Users/esraa/AppData/Local/Programs/Microsoft_VS_Code/bin:/mnt/c/Users/esraa/AppData/Local/Microsoft/WinGet/Packages/Schniz.fnm_Microsoft.Winget.Source_8wekyb3d8bbwe:/mnt/c/Users/esraa/AppData/Roaming/npm:/mnt/c/Users/esraa/AppData/Local/GitHubDesktop/bin:/mnt/c/Users/esraa/.dotnet/tools:/mnt/d/IntelliJ IDEA 2024.2.3/bin:/mnt/c/Program Files/JetBrains/IntelliJ IDEA Community Edition 2024.2.3/bin:/mnt/c/Program Files/MongoDB/Server/8.2/bin:/mnt/c/Users/esraa/AppData/Local/Programs/mongosh/:/snap/bin:/home/esraamustafa/.vscode-server/extensions/ms-python.debugpy-2025.18.0-linux-x64/bundled/scripts/noConfigScripts', 'XDG_RUNTIME_DIR': '/run/user/1000/', 'DISPLAY': ':0', 'VSCODE_DEBUGPY_ADAPTER_ENDPOINTS': '/home/esraamustafa/.vscode-server/extensions/ms-python.debugpy-2025.18.0-linux-x64/.noConfigDebugAdapterEndpoints/endpoint-9aa057c463a7ace4.txt', 'LANG': 'C.UTF-8', 'PYTHONSTARTUP': '/home/esraamustafa/.vscode-server/data/User/workspaceStorage/9188cf032e28f409f831a5c4cd4238d1/ms-python.python/pythonrc.py', 'LS_COLORS': 'rs=0:di=01;34:ln=01;36:mh=00:pi=40;33:so=01;35:do=01;35:bd=40;33;01:cd=40;33;01:or=40;31;01:mi=00:su=37;41:sg=30;43:ca=30;41:tw=30;42:ow=34;42:st=37;44:ex=01;32:*.tar=01;31:*.tgz=01;31:*.arc=01;31:*.arj=01;31:*.taz=01;31:*.lha=01;31:*.lz4=01;31:*.lzh=01;31:*.lzma=01;31:*.tlz=01;31:*.txz=01;31:*.tzo=01;31:*.t7z=01;31:*.zip=01;31:*.z=01;31:*.dz=01;31:*.gz=01;31:*.lrz=01;31:*.lz=01;31:*.lzo=01;31:*.xz=01;31:*.zst=01;31:*.tzst=01;31:*.bz2=01;31:*.bz=01;31:*.tbz=01;31:*.tbz2=01;31:*.tz=01;31:*.deb=01;31:*.rpm=01;31:*.jar=01;31:*.war=01;31:*.ear=01;31:*.sar=01;31:*.rar=01;31:*.alz=01;31:*.ace=01;31:*.zoo=01;31:*.cpio=01;31:*.7z=01;31:*.rz=01;31:*.cab=01;31:*.wim=01;31:*.swm=01;31:*.dwm=01;31:*.esd=01;31:*.jpg=01;35:*.jpeg=01;35:*.mjpg=01;35:*.mjpeg=01;35:*.gif=01;35:*.bmp=01;35:*.pbm=01;35:*.pgm=01;35:*.ppm=01;35:*.tga=01;35:*.xbm=01;35:*.xpm=01;35:*.tif=01;35:*.tiff=01;35:*.png=01;35:*.svg=01;35:*.svgz=01;35:*.mng=01;35:*.pcx=01;35:*.mov=01;35:*.mpg=01;35:*.mpeg=01;35:*.m2v=01;35:*.mkv=01;35:*.webm=01;35:*.webp=01;35:*.ogm=01;35:*.mp4=01;35:*.m4v=01;35:*.mp4v=01;35:*.vob=01;35:*.qt=01;35:*.nuv=01;35:*.wmv=01;35:*.asf=01;35:*.rm=01;35:*.rmvb=01;35:*.flc=01;35:*.avi=01;35:*.fli=01;35:*.flv=01;35:*.gl=01;35:*.dl=01;35:*.xcf=01;35:*.xwd=01;35:*.yuv=01;35:*.cgm=01;35:*.emf=01;35:*.ogv=01;35:*.ogx=01;35:*.aac=00;36:*.au=00;36:*.flac=00;36:*.m4a=00;36:*.mid=00;36:*.midi=00;36:*.mka=00;36:*.mp3=00;36:*.mpc=00;36:*.ogg=00;36:*.ra=00;36:*.wav=00;36:*.oga=00;36:*.opus=00;36:*.spx=00;36:*.xspf=00;36:', 'VSCODE_GIT_IPC_HANDLE': '/run/user/1000/vscode-git-7233589553.sock', 'TERM_PROGRAM': 'vscode', 'AMENT_PREFIX_PATH': '/home/esraamustafa/path_planning/Path_Planning_Shell_AI/install/shell_interfaces:/opt/ros/humble', 'SHELL': '/bin/bash', 'LESSCLOSE': '/usr/bin/lesspipe %s %s', 'VSCODE_GIT_ASKPASS_EXTRA_ARGS': '', 'PWD': '/home/esraamustafa/path_planning/Path_Planning_Shell_AI/build/shell_test_nodes', 'XDG_DATA_DIRS': '/usr/local/share:/usr/share:/var/lib/snapd/desktop', 'PYTHONPATH': '/home/esraamustafa/path_planning/Path_Planning_Shell_AI/build/shell_test_nodes/prefix_override:/usr/lib/python3/dist-packages/colcon_core/task/python/colcon_distutils_commands:/home/esraamustafa/path_planning/Path_Planning_Shell_AI/install/shell_test_nodes/lib/python3.10/site-packages:/home/esraamustafa/path_planning/Path_Planning_Shell_AI/install/shell_interfaces/local/lib/python3.10/dist-packages:/opt/ros/humble/lib/python3.10/site-packages:/opt/ros/humble/local/lib/python3.10/dist-packages', 'COLCON': '1', 'WSL2_GUI_APPS_ENABLED': '1', 'HOSTTYPE': 'x86_64', 'WSLENV': 'VSCODE_WSL_EXT_LOCATION/up', 'CMAKE_PREFIX_PATH': '/home/esraamustafa/path_planning/Path_Planning_Shell_AI/install/shell_interfaces'}, 'shell': False}
[15.007175] (-) TimerEvent: {}
[15.108133] (-) TimerEvent: {}
[15.210352] (-) TimerEvent: {}
[15.311408] (-) TimerEvent: {}
[15.382742] (shell_visualization) Command: {'cmd': ['/usr/bin/python3', '-W', 'ignore:setup.py install is deprecated', '-W', 'ignore:easy_install command is deprecated', 'setup.py', 'develop', '--editable', '--build-directory', '/home/esraamustafa/path_planning/Path_Planning_Shell_AI/build/shell_visualization/build', '--no-deps', 'symlink_data'], 'cwd': '/home/esraamustafa/path_planning/Path_Planning_Shell_AI/build/shell_visualization', 'env': {'PYTHON_BASIC_REPL': '1', 'LESSOPEN': '| /usr/bin/lesspipe %s', 'USER': 'esraamustafa', 'GIT_ASKPASS': '/home/esraamustafa/.vscode-server/bin/c9d77990917f3102ada88be140d28b038d1dd7c7/extensions/git/dist/askpass.sh', 'SHLVL': '1', 'LD_LIBRARY_PATH': '/home/esraamustafa/path_planning/Path_Planning_Shell_AI/install/shell_interfaces/lib:/opt/ros/humble/opt/rviz_ogre_vendor/lib:/opt/ros/humble/lib/x86_64-linux-gnu:/opt/ros/humble/lib', 'HOME': '/home/esraamustafa', 'TERM_PROGRAM_VERSION': '1.108.2', 'VSCODE_IPC_HOOK_CLI': '/run/user/1000/vscode-ipc-52db9783-9025-4fdc-8e9c-5e201e02a0b9.sock', 'ROS_PYTHON_VERSION': '3', 'VSCODE_GIT_ASKPASS_MAIN': '/home/esraamustafa/.vscode-server/bin/c9d77990917f3102ada88be140d28b038d1dd7c7/extensions/git/dist/askpass-main.js', 'VSCODE_GIT_ASKPASS_NODE': '/home/esraamustafa/.vscode-server/bin/c9d77990917f3102ada88be140d28b038d1dd7c7/node', 'PYDEVD_DISABLE_FILE_VALIDATION': '1', 'BUNDLED_DEBUGPY_PATH': '/home/esraamustafa/.vscode-server/extensions/ms-python.debugpy-2025.18.0-linux-x64/bundled/libs/debugpy', 'VSCODE_PYTHON_AUTOACTIVATE_GUARD': '1', 'DBUS_SESSION_BUS_ADDRESS': 'unix:path=/run/user/1000/bus', 'COLORTERM': 'truecolor', 'WSL_DISTRO_NAME': 'Ubuntu-22.04', 'WAYLAND_DISPLAY': 'wayland-0', 'ROS_DISTRO': 'humble', 'LOGNAME': 'esraamustafa', 'NAME': 'Esraa', 'WSL_INTEROP': '/run/WSL/465_interop', 'PULSE_SERVER': 'unix:/mnt/wslg/PulseServer', '_': '/usr/bin/colcon', 'ROS_VERSION': '2', 'TERM': 'xterm-256color', 'ROS_LOCALHOST_ONLY': '0', 'PATH': '/home/esraamustafa/.vscode-server/data/User/globalStorage/github.copilot-chat/debugCommand:/home/esraamustafa/.vscode-server/data/User/globalStorage/github.copilot-chat/copilotCli:/home/esraamustafa/.vscode-server/bin/c9d77990917f3102ada88be140d28b038d1dd7c7/bin/remote-cli:/home/esraamustafa/.local/bin:/opt/ros/humble/bin:/usr/local/sbin:/usr/local/bin:/usr/sbin:/usr/bin:/sbin:/bin:/usr/games:/usr/local/games:/usr/lib/wsl/lib:/mnt/c/Program Files/Common Files/Oracle/Java/javapath:/mnt/c/Users/esraa/AppData/Local/Programs/Python/Python312/Scripts/:/mnt/c/Users/esraa/AppData/Local/Programs/Python/Python312/:/mnt/c/WINDOWS/system32:/mnt/c/WINDOWS:/mnt/c/WINDOWS/System32/Wbem:/mnt/c/WINDOWS/System32/WindowsPowerShell/v1.0/:/mnt/c/WINDOWS/System32/OpenSSH/:/mnt/c/Program Files/dotnet/:/mnt/c/Program Files/Git/cmd:/mnt/c/Program Files/nodejs/:/mnt/c/ProgramData/chocolatey/bin:/mnt/c/msys64/mingw64/bin:/mnt/c/Program Files/GitHub CLI/:/mnt/c/Program Files/MATLAB/R2024b/bin:/mnt/c/Program Files (x86)/Microsoft SQL Server/160/Tools/Binn/:/mnt/c/Program Files/Microsoft SQL Server/160/Tools/Binn/:/mnt/c/Program Files/Microsoft SQL Server/Client SDK/ODBC/170/Tools/Binn/:/mnt/c/Program Files/Microsoft SQL Server/160/DTS/Binn/:/mnt/c/Program Files/Microsoft SQL Server/150/Tools/Binn/:/mnt/c/Program Files/CMake/bin:/mnt/c/Program Files/Docker/Docker/resources/bin:/mnt/c/xampp/php/php.exe:/mnt/c/Users/esraa/AppData/Local/Programs/Python/Python314/Scripts/:/mnt/c/Users/esraa/AppData/Local/Programs/Python/Python314/:/mnt/c/Users/esraa/AppData/Local/Programs/Python/Launcher/:/mnt/c/Users/esraa/AppData/Local/Microsoft/WindowsApps:/mnt/c/Users/esraa/AppData/Local/Programs/Microsoft_VS_Code/bin:/mnt/c/Users/esraa/AppData/Local/Microsoft/WinGet/Packages/Schniz.fnm_Microsoft.Winget.Source_8wekyb3d8bbwe:/mnt/c/Users/esraa/AppData/Roaming/npm:/mnt/c/Users/esraa/AppData/Local/GitHubDesktop/bin:/mnt/c/Users/esraa/.dotnet/tools:/mnt/d/IntelliJ IDEA 2024.2.3/bin:/mnt/c/Program Files/JetBrains/IntelliJ IDEA Community Edition 2024.2.3/bin:/mnt/c/Program Files/MongoDB/Server/8.2/bin:/mnt/c/Users/esraa/AppData/Local/Programs/mongosh/:/snap/bin:/home/esraamustafa/.vscode-server/extensions/ms-python.debugpy-2025.18.0-linux-x64/bundled/scripts/noConfigScripts', 'XDG_RUNTIME_DIR': '/run/user/1000/', 'DISPLAY': ':0', 'VSCODE_DEBUGPY_ADAPTER_ENDPOINTS': '/home/esraamustafa/.vscode-server/extensions/ms-python.debugpy-2025.18.0-linux-x64/.noConfigDebugAdapterEndpoints/endpoint-9aa057c463a7ace4.txt', 'LANG': 'C.UTF-8', 'PYTHONSTARTUP': '/home/esraamustafa/.vscode-server/data/User/workspaceStorage/9188cf032e28f409f831a5c4cd4238d1/ms-python.python/pythonrc.py', 'LS_COLORS': 'rs=0:di=01;34:ln=01;36:mh=00:pi=40;33:so=01;35:do=01;35:bd=40;33;01:cd=40;33;01:or=40;31;01:mi=00:su=37;41:sg=30;43:ca=30;41:tw=30;42:ow=34;42:st=37;44:ex=01;32:*.tar=01;31:*.tgz=01;31:*.arc=01;31:*.arj=01;31:*.taz=01;31:*.lha=01;31:*.lz4=01;31:*.lzh=01;31:*.lzma=01;31:*.tlz=01;31:*.txz=01;31:*.tzo=01;31:*.t7z=01;31:*.zip=01;31:*.z=01;31:*.dz=01;31:*.gz=01;31:*.lrz=01;31:*.lz=01;31:*.lzo=01;31:*.xz=01;31:*.zst=01;31:*.tzst=01;31:*.bz2=01;31:*.bz=01;31:*.tbz=01;31:*.tbz2=01;31:*.tz=01;31:*.deb=01;31:*.rpm=01;31:*.jar=01;31:*.war=01;31:*.ear=01;31:*.sar=01;31:*.rar=01;31:*.alz=01;31:*.ace=01;31:*.zoo=01;31:*.cpio=01;31:*.7z=01;31:*.rz=01;31:*.cab=01;31:*.wim=01;31:*.swm=01;31:*.dwm=01;31:*.esd=01;31:*.jpg=01;35:*.jpeg=01;35:*.mjpg=01;35:*.mjpeg=01;35:*.gif=01;35:*.bmp=01;35:*.pbm=01;35:*.pgm=01;35:*.ppm=01;35:*.tga=01;35:*.xbm=01;35:*.xpm=01;35:*.tif=01;35:*.tiff=01;35:*.png=01;35:*.svg=01;35:*.svgz=01;35:*.mng=01;35:*.pcx=01;35:*.mov=01;35:*.mpg=01;35:*.mpeg=01;35:*.m2v=01;35:*.mkv=01;35:*.webm=01;35:*.webp=01;35:*.ogm=01;35:*.mp4=01;35:*.m4v=01;35:*.mp4v=01;35:*.vob=01;35:*.qt=01;35:*.nuv=01;35:*.wmv=01;35:*.asf=01;35:*.rm=01;35:*.rmvb=01;35:*.flc=01;35:*.avi=01;35:*.fli=01;35:*.flv=01;35:*.gl=01;35:*.dl=01;35:*.xcf=01;35:*.xwd=01;35:*.yuv=01;35:*.cgm=01;35:*.emf=01;35:*.ogv=01;35:*.ogx=01;35:*.aac=00;36:*.au=00;36:*.flac=00;36:*.m4a=00;36:*.mid=00;36:*.midi=00;36:*.mka=00;36:*.mp3=00;36:*.mpc=00;36:*.ogg=00;36:*.ra=00;36:*.wav=00;36:*.oga=00;36:*.opus=00;36:*.spx=00;36:*.xspf=00;36:', 'VSCODE_GIT_IPC_HANDLE': '/run/user/1000/vscode-git-7233589553.sock', 'TERM_PROGRAM': 'vscode', 'AMENT_PREFIX_PATH': '/home/esraamustafa/path_planning/Path_Planning_Shell_AI/install/shell_interfaces:/opt/ros/humble', 'SHELL': '/bin/bash', 'LESSCLOSE': '/usr/bin/lesspipe %s %s', 'VSCODE_GIT_ASKPASS_EXTRA_ARGS': '', 'PWD': '/home/esraamustafa/path_planning/Path_Planning_Shell_AI/build/shell_visualization', 'XDG_DATA_DIRS': '/usr/local/share:/usr/share:/var/lib/snapd/desktop', 'PYTHONPATH': '/home/esraamustafa/path_planning/Path_Planning_Shell_AI/build/shell_visualization/prefix_override:/usr/lib/python3/dist-packages/colcon_core/task/python/colcon_distutils_commands:/home/esraamustafa/path_planning/Path_Planning_Shell_AI/install/shell_visualization/lib/python3.10/site-packages:/home/esraamustafa/path_planning/Path_Planning_Shell_AI/install/shell_interfaces/local/lib/python3.10/dist-packages:/opt/ros/humble/lib/python3.10/site-packages:/opt/ros/humble/local/lib/python3.10/dist-packages', 'COLCON': '1', 'WSL2_GUI_APPS_ENABLED': '1', 'HOSTTYPE': 'x86_64', 'WSLENV': 'VSCODE_WSL_EXT_LOCATION/up', 'CMAKE_PREFIX_PATH': '/home/esraamustafa/path_planning/Path_Planning_Shell_AI/install/shell_interfaces'}, 'shell': False}
[15.412036] (-) TimerEvent: {}
[15.472990] (shell_test_nodes) StdoutLine: {'line': b'running develop\n'}
[15.512441] (-) TimerEvent: {}
[15.613996] (-) TimerEvent: {}
[15.704436] (shell_test_nodes) StdoutLine: {'line': b'running egg_info\n'}
[15.705640] (shell_test_nodes) StdoutLine: {'line': b'creating shell_test_nodes.egg-info\n'}
[15.706205] (shell_test_nodes) StdoutLine: {'line': b'writing shell_test_nodes.egg-info/PKG-INFO\n'}
[15.706789] (shell_test_nodes) StdoutLine: {'line': b'writing dependency_links to shell_test_nodes.egg-info/dependency_links.txt\n'}
[15.707814] (shell_test_nodes) StdoutLine: {'line': b'writing entry points to shell_test_nodes.egg-info/entry_points.txt\n'}
[15.708401] (shell_test_nodes) StdoutLine: {'line': b'writing requirements to shell_test_nodes.egg-info/requires.txt\n'}
[15.709226] (shell_test_nodes) StdoutLine: {'line': b'writing top-level names to shell_test_nodes.egg-info/top_level.txt\n'}
[15.709487] (shell_test_nodes) StdoutLine: {'line': b"writing manifest file 'shell_test_nodes.egg-info/SOURCES.txt'\n"}
[15.709693] (shell_test_nodes) StdoutLine: {'line': b"reading manifest file 'shell_test_nodes.egg-info/SOURCES.txt'\n"}
[15.709889] (shell_test_nodes) StdoutLine: {'line': b"writing manifest file 'shell_test_nodes.egg-info/SOURCES.txt'\n"}
[15.710663] (shell_test_nodes) StdoutLine: {'line': b'running build_ext\n'}
[15.711206] (shell_test_nodes) StdoutLine: {'line': b'Creating /home/esraamustafa/path_planning/Path_Planning_Shell_AI/install/shell_test_nodes/lib/python3.10/site-packages/shell-test-nodes.egg-link (link to .)\n'}
[15.713215] (shell_test_nodes) StdoutLine: {'line': b'Installing fake_control script to /home/esraamustafa/path_planning/Path_Planning_Shell_AI/install/shell_test_nodes/lib/shell_test_nodes\n'}
[15.714332] (shell_test_nodes) StdoutLine: {'line': b'Installing fake_localization script to /home/esraamustafa/path_planning/Path_Planning_Shell_AI/install/shell_test_nodes/lib/shell_test_nodes\n'}
[15.714623] (-) TimerEvent: {}
[15.715160] (shell_test_nodes) StdoutLine: {'line': b'Installing fake_perception script to /home/esraamustafa/path_planning/Path_Planning_Shell_AI/install/shell_test_nodes/lib/shell_test_nodes\n'}
[15.715646] (shell_test_nodes) StdoutLine: {'line': b'Installing fake_supervisor script to /home/esraamustafa/path_planning/Path_Planning_Shell_AI/install/shell_test_nodes/lib/shell_test_nodes\n'}
[15.715937] (shell_test_nodes) StdoutLine: {'line': b'\n'}
[15.716288] (shell_test_nodes) StdoutLine: {'line': b'Installed /home/esraamustafa/path_planning/Path_Planning_Shell_AI/build/shell_test_nodes\n'}
[15.763839] (shell_test_nodes) CommandEnded: {'returncode': 0}
[15.795511] (shell_test_nodes) JobEnded: {'identifier': 'shell_test_nodes', 'rc': 0}
[15.815268] (-) TimerEvent: {}
[15.851359] (shell_visualization) StdoutLine: {'line': b'running develop\n'}
[15.915434] (-) TimerEvent: {}
[16.016709] (-) TimerEvent: {}
[16.044089] (shell_visualization) StdoutLine: {'line': b'running egg_info\n'}
[16.045064] (shell_visualization) StdoutLine: {'line': b'creating shell_visualization.egg-info\n'}
[16.046064] (shell_visualization) StdoutLine: {'line': b'writing shell_visualization.egg-info/PKG-INFO\n'}
[16.046425] (shell_visualization) StdoutLine: {'line': b'writing dependency_links to shell_visualization.egg-info/dependency_links.txt\n'}
[16.047732] (shell_visualization) StdoutLine: {'line': b'writing entry points to shell_visualization.egg-info/entry_points.txt\n'}
[16.048134] (shell_visualization) StdoutLine: {'line': b'writing requirements to shell_visualization.egg-info/requires.txt\n'}
[16.048413] (shell_visualization) StdoutLine: {'line': b'writing top-level names to shell_visualization.egg-info/top_level.txt\n'}
[16.049477] (shell_visualization) StdoutLine: {'line': b"writing manifest file 'shell_visualization.egg-info/SOURCES.txt'\n"}
[16.054834] (shell_visualization) StdoutLine: {'line': b"reading manifest file 'shell_visualization.egg-info/SOURCES.txt'\n"}
[16.056494] (shell_visualization) StdoutLine: {'line': b"writing manifest file 'shell_visualization.egg-info/SOURCES.txt'\n"}
[16.059201] (shell_visualization) StdoutLine: {'line': b'running build_ext\n'}
[16.059741] (shell_visualization) StdoutLine: {'line': b'Creating /home/esraamustafa/path_planning/Path_Planning_Shell_AI/install/shell_visualization/lib/python3.10/site-packages/shell-visualization.egg-link (link to .)\n'}
[16.062587] (shell_visualization) StdoutLine: {'line': b'Installing planner_visualizer script to /home/esraamustafa/path_planning/Path_Planning_Shell_AI/install/shell_visualization/lib/shell_visualization\n'}
[16.063525] (shell_visualization) StdoutLine: {'line': b'\n'}
[16.063654] (shell_visualization) StdoutLine: {'line': b'Installed /home/esraamustafa/path_planning/Path_Planning_Shell_AI/build/shell_visualization\n'}
[16.063713] (shell_visualization) StdoutLine: {'line': b'running symlink_data\n'}
[16.063762] (shell_visualization) StdoutLine: {'line': b'creating /home/esraamustafa/path_planning/Path_Planning_Shell_AI/install/shell_visualization/share/ament_index\n'}
[16.064135] (shell_visualization) StdoutLine: {'line': b'creating /home/esraamustafa/path_planning/Path_Planning_Shell_AI/install/shell_visualization/share/ament_index/resource_index\n'}
[16.065878] (shell_visualization) StdoutLine: {'line': b'creating /home/esraamustafa/path_planning/Path_Planning_Shell_AI/install/shell_visualization/share/ament_index/resource_index/packages\n'}
[16.066390] (shell_visualization) StdoutLine: {'line': b'symbolically linking /home/esraamustafa/path_planning/Path_Planning_Shell_AI/build/shell_visualization/resource/shell_visualization -> /home/esraamustafa/path_planning/Path_Planning_Shell_AI/install/shell_visualization/share/ament_index/resource_index/packages\n'}
[16.067262] (shell_visualization) StdoutLine: {'line': b'symbolically linking /home/esraamustafa/path_planning/Path_Planning_Shell_AI/build/shell_visualization/package.xml -> /home/esraamustafa/path_planning/Path_Planning_Shell_AI/install/shell_visualization/share/shell_visualization\n'}
[16.113029] (shell_visualization) CommandEnded: {'returncode': 0}
[16.118515] (-) TimerEvent: {}
[16.124580] (shell_visualization) JobEnded: {'identifier': 'shell_visualization', 'rc': 0}
[16.127157] (-) EventReactorShutdown: {}
