[0.000000] (-) TimerEvent: {}
[0.000266] (shell_interfaces) JobQueued: {'identifier': 'shell_interfaces', 'dependencies': OrderedDict()}
[0.000322] (shell_planning) JobQueued: {'identifier': 'shell_planning', 'dependencies': OrderedDict()}
[0.000355] (shell_test_nodes) JobQueued: {'identifier': 'shell_test_nodes', 'dependencies': OrderedDict([('shell_interfaces', '/home/esraamustafa/path_planning/Path_Planning_Shell_AI/ros2_sim/install/shell_interfaces')])}
[0.000371] (shell_visualization) JobQueued: {'identifier': 'shell_visualization', 'dependencies': OrderedDict([('shell_interfaces', '/home/esraamustafa/path_planning/Path_Planning_Shell_AI/ros2_sim/install/shell_interfaces')])}
[0.000424] (shell_interfaces) JobStarted: {'identifier': 'shell_interfaces'}
[0.007501] (shell_planning) JobStarted: {'identifier': 'shell_planning'}
[0.018098] (shell_interfaces) JobProgress: {'identifier': 'shell_interfaces', 'progress': 'cmake'}
[0.021410] (shell_interfaces) Command: {'cmd': ['/usr/bin/cmake', '/home/esraamustafa/path_planning/Path_Planning_Shell_AI/ros2_sim/src/shell_interfaces', '-DAMENT_CMAKE_SYMLINK_INSTALL=1', '-DCMAKE_INSTALL_PREFIX=/home/esraamustafa/path_planning/Path_Planning_Shell_AI/ros2_sim/install/shell_interfaces'], 'cwd': '/home/esraamustafa/path_planning/Path_Planning_Shell_AI/ros2_sim/build/shell_interfaces', 'env': OrderedDict([('PYTHON_BASIC_REPL', '1'), ('LESSOPEN', '| /usr/bin/lesspipe %s'), ('USER', 'esraamustafa'), ('GIT_ASKPASS', '/home/esraamustafa/.vscode-server/bin/c9d77990917f3102ada88be140d28b038d1dd7c7/extensions/git/dist/askpass.sh'), ('SHLVL', '1'), ('LD_LIBRARY_PATH', '/home/esraamustafa/path_planning/Path_Planning_Shell_AI/ros2_sim/install/shell_interfaces/lib:/opt/ros/humble/opt/rviz_ogre_vendor/lib:/opt/ros/humble/lib/x86_64-linux-gnu:/opt/ros/humble/lib'), ('HOME', '/home/esraamustafa'), ('OLDPWD', '/home/esraamustafa/path_planning/Path_Planning_Shell_AI'), ('TERM_PROGRAM_VERSION', '1.108.2'), ('VSCODE_IPC_HOOK_CLI', '/run/user/1000/vscode-ipc-7043a3ed-b62b-44df-9733-1458a938b1c4.sock'), ('ROS_PYTHON_VERSION', '3'), ('VSCODE_GIT_ASKPASS_MAIN', '/home/esraamustafa/.vscode-server/bin/c9d77990917f3102ada88be140d28b038d1dd7c7/extensions/git/dist/askpass-main.js'), ('VSCODE_GIT_ASKPASS_NODE', '/home/esraamustafa/.vscode-server/bin/c9d77990917f3102ada88be140d28b038d1dd7c7/node'), ('PYDEVD_DISABLE_FILE_VALIDATION', '1'), ('BUNDLED_DEBUGPY_PATH', '/home/esraamustafa/.vscode-server/extensions/ms-python.debugpy-2025.18.0-linux-x64/bundled/libs/debugpy'), ('VSCODE_PYTHON_AUTOACTIVATE_GUARD', '1'), ('DBUS_SESSION_BUS_ADDRESS', 'unix:path=/run/user/1000/bus'), ('COLORTERM', 'truecolor'), ('WSL_DISTRO_NAME', 'Ubuntu-22.04'), ('WAYLAND_DISPLAY', 'wayland-0'), ('COLCON_PREFIX_PATH', '/home/esraamustafa/path_planning/Path_Planning_Shell_AI/ros2_sim/install'), ('ROS_DISTRO', 'humble'), ('LOGNAME', 'esraamustafa'), ('NAME', 'Esraa'), ('WSL_INTEROP', '/run/WSL/465_interop'), ('PULSE_SERVER', 'unix:/mnt/wslg/PulseServer'), ('_', '/usr/bin/colcon'), ('ROS_VERSION', '2'), ('TERM', 'xterm-256color'), ('ROS_LOCALHOST_ONLY', '0'), ('PATH', '/home/esraamustafa/.vscode-server/data/User/globalStorage/github.copilot-chat/debugCommand:/home/esraamustafa/.vscode-server/data/User/globalStorage/github.copilot-chat/copilotCli:/home/esraamustafa/.vscode-server/bin/c9d77990917f3102ada88be140d28b038d1dd7c7/bin/remote-cli:/home/esraamustafa/.local/bin:/opt/ros/humble/bin:/usr/local/sbin:/usr/local/bin:/usr/sbin:/usr/bin:/sbin:/bin:/usr/games:/usr/local/games:/usr/lib/wsl/lib:/mnt/c/Program Files/Common Files/Oracle/Java/javapath:/mnt/c/Users/esraa/AppData/Local/Programs/Python/Python312/Scripts/:/mnt/c/Users/esraa/AppData/Local/Programs/Python/Python312/:/mnt/c/WINDOWS/system32:/mnt/c/WINDOWS:/mnt/c/WINDOWS/System32/Wbem:/mnt/c/WINDOWS/System32/WindowsPowerShell/v1.0/:/mnt/c/WINDOWS/System32/OpenSSH/:/mnt/c/Program Files/dotnet/:/mnt/c/Program Files/Git/cmd:/mnt/c/Program Files/nodejs/:/mnt/c/ProgramData/chocolatey/bin:/mnt/c/msys64/mingw64/bin:/mnt/c/Program Files/GitHub CLI/:/mnt/c/Program Files/MATLAB/R2024b/bin:/mnt/c/Program Files (x86)/Microsoft SQL Server/160/Tools/Binn/:/mnt/c/Program Files/Microsoft SQL Server/160/Tools/Binn/:/mnt/c/Program Files/Microsoft SQL Server/Client SDK/ODBC/170/Tools/Binn/:/mnt/c/Program Files/Microsoft SQL Server/160/DTS/Binn/:/mnt/c/Program Files/Microsoft SQL Server/150/Tools/Binn/:/mnt/c/Program Files/CMake/bin:/mnt/c/Program Files/Docker/Docker/resources/bin:/mnt/c/xampp/php/php.exe:/mnt/c/Users/esraa/AppData/Local/Programs/Python/Python314/Scripts/:/mnt/c/Users/esraa/AppData/Local/Programs/Python/Python314/:/mnt/c/Users/esraa/AppData/Local/Programs/Python/Launcher/:/mnt/c/Users/esraa/AppData/Local/Microsoft/WindowsApps:/mnt/c/Users/esraa/AppData/Local/Programs/Microsoft_VS_Code/bin:/mnt/c/Users/esraa/AppData/Local/Microsoft/WinGet/Packages/Schniz.fnm_Microsoft.Winget.Source_8wekyb3d8bbwe:/mnt/c/Users/esraa/AppData/Roaming/npm:/mnt/c/Users/esraa/AppData/Local/GitHubDesktop/bin:/mnt/c/Users/esraa/.dotnet/tools:/mnt/d/IntelliJ IDEA 2024.2.3/bin:/mnt/c/Program Files/JetBrains/IntelliJ IDEA Community Edition 2024.2.3/bin:/mnt/c/Program Files/MongoDB/Server/8.2/bin:/mnt/c/Users/esraa/AppData/Local/Programs/mongosh/:/snap/bin:/home/esraamustafa/.vscode-server/extensions/ms-python.debugpy-2025.18.0-linux-x64/bundled/scripts/noConfigScripts'), ('XDG_RUNTIME_DIR', '/run/user/1000/'), ('DISPLAY', ':0'), ('VSCODE_DEBUGPY_ADAPTER_ENDPOINTS', '/home/esraamustafa/.vscode-server/extensions/ms-python.debugpy-2025.18.0-linux-x64/.noConfigDebugAdapterEndpoints/endpoint-9aa057c463a7ace4.txt'), ('LANG', 'C.UTF-8'), ('PYTHONSTARTUP', '/home/esraamustafa/.vscode-server/data/User/workspaceStorage/9188cf032e28f409f831a5c4cd4238d1/ms-python.python/pythonrc.py'), ('LS_COLORS', 'rs=0:di=01;34:ln=01;36:mh=00:pi=40;33:so=01;35:do=01;35:bd=40;33;01:cd=40;33;01:or=40;31;01:mi=00:su=37;41:sg=30;43:ca=30;41:tw=30;42:ow=34;42:st=37;44:ex=01;32:*.tar=01;31:*.tgz=01;31:*.arc=01;31:*.arj=01;31:*.taz=01;31:*.lha=01;31:*.lz4=01;31:*.lzh=01;31:*.lzma=01;31:*.tlz=01;31:*.txz=01;31:*.tzo=01;31:*.t7z=01;31:*.zip=01;31:*.z=01;31:*.dz=01;31:*.gz=01;31:*.lrz=01;31:*.lz=01;31:*.lzo=01;31:*.xz=01;31:*.zst=01;31:*.tzst=01;31:*.bz2=01;31:*.bz=01;31:*.tbz=01;31:*.tbz2=01;31:*.tz=01;31:*.deb=01;31:*.rpm=01;31:*.jar=01;31:*.war=01;31:*.ear=01;31:*.sar=01;31:*.rar=01;31:*.alz=01;31:*.ace=01;31:*.zoo=01;31:*.cpio=01;31:*.7z=01;31:*.rz=01;31:*.cab=01;31:*.wim=01;31:*.swm=01;31:*.dwm=01;31:*.esd=01;31:*.jpg=01;35:*.jpeg=01;35:*.mjpg=01;35:*.mjpeg=01;35:*.gif=01;35:*.bmp=01;35:*.pbm=01;35:*.pgm=01;35:*.ppm=01;35:*.tga=01;35:*.xbm=01;35:*.xpm=01;35:*.tif=01;35:*.tiff=01;35:*.png=01;35:*.svg=01;35:*.svgz=01;35:*.mng=01;35:*.pcx=01;35:*.mov=01;35:*.mpg=01;35:*.mpeg=01;35:*.m2v=01;35:*.mkv=01;35:*.webm=01;35:*.webp=01;35:*.ogm=01;35:*.mp4=01;35:*.m4v=01;35:*.mp4v=01;35:*.vob=01;35:*.qt=01;35:*.nuv=01;35:*.wmv=01;35:*.asf=01;35:*.rm=01;35:*.rmvb=01;35:*.flc=01;35:*.avi=01;35:*.fli=01;35:*.flv=01;35:*.gl=01;35:*.dl=01;35:*.xcf=01;35:*.xwd=01;35:*.yuv=01;35:*.cgm=01;35:*.emf=01;35:*.ogv=01;35:*.ogx=01;35:*.aac=00;36:*.au=00;36:*.flac=00;36:*.m4a=00;36:*.mid=00;36:*.midi=00;36:*.mka=00;36:*.mp3=00;36:*.mpc=00;36:*.ogg=00;36:*.ra=00;36:*.wav=00;36:*.oga=00;36:*.opus=00;36:*.spx=00;36:*.xspf=00;36:'), ('VSCODE_GIT_IPC_HANDLE', '/run/user/1000/vscode-git-7233589553.sock'), ('TERM_PROGRAM', 'vscode'), ('AMENT_PREFIX_PATH', '/home/esraamustafa/path_planning/Path_Planning_Shell_AI/ros2_sim/install/shell_visualization:/home/esraamustafa/path_planning/Path_Planning_Shell_AI/ros2_sim/install/shell_test_nodes:/home/esraamustafa/path_planning/Path_Planning_Shell_AI/ros2_sim/install/shell_planning:/home/esraamustafa/path_planning/Path_Planning_Shell_AI/ros2_sim/install/shell_interfaces:/opt/ros/humble'), ('SHELL', '/bin/bash'), ('LESSCLOSE', '/usr/bin/lesspipe %s %s'), ('VSCODE_GIT_ASKPASS_EXTRA_ARGS', ''), ('PWD', '/home/esraamustafa/path_planning/Path_Planning_Shell_AI/ros2_sim/build/shell_interfaces'), ('XDG_DATA_DIRS', '/usr/local/share:/usr/share:/var/lib/snapd/desktop'), ('PYTHONPATH', '/home/esraamustafa/path_planning/Path_Planning_Shell_AI/ros2_sim/build/shell_visualization:/home/esraamustafa/path_planning/Path_Planning_Shell_AI/ros2_sim/install/shell_visualization/lib/python3.10/site-packages:/home/esraamustafa/path_planning/Path_Planning_Shell_AI/ros2_sim/build/shell_test_nodes:/home/esraamustafa/path_planning/Path_Planning_Shell_AI/ros2_sim/install/shell_test_nodes/lib/python3.10/site-packages:/home/esraamustafa/path_planning/Path_Planning_Shell_AI/ros2_sim/build/shell_planning:/home/esraamustafa/path_planning/Path_Planning_Shell_AI/ros2_sim/install/shell_planning/lib/python3.10/site-packages:/home/esraamustafa/path_planning/Path_Planning_Shell_AI/ros2_sim/install/shell_interfaces/local/lib/python3.10/dist-packages:/opt/ros/humble/lib/python3.10/site-packages:/opt/ros/humble/local/lib/python3.10/dist-packages'), ('COLCON', '1'), ('WSL2_GUI_APPS_ENABLED', '1'), ('HOSTTYPE', 'x86_64'), ('CMAKE_PREFIX_PATH', '/home/esraamustafa/path_planning/Path_Planning_Shell_AI/ros2_sim/install/shell_interfaces:/home/esraamustafa/path_planning/Path_Planning_Shell_AI/ros2_sim/install/shell_visualization:/home/esraamustafa/path_planning/Path_Planning_Shell_AI/ros2_sim/install/shell_test_nodes:/home/esraamustafa/path_planning/Path_Planning_Shell_AI/ros2_sim/install/shell_planning:/opt/ros/humble'), ('WSLENV', 'VSCODE_WSL_EXT_LOCATION/up')]), 'shell': False}
[0.098969] (-) TimerEvent: {}
[0.199545] (-) TimerEvent: {}
[0.300283] (-) TimerEvent: {}
[0.360516] (shell_interfaces) StdoutLine: {'line': b'-- The C compiler identification is GNU 11.4.0\n'}
[0.400599] (-) TimerEvent: {}
[0.501410] (-) TimerEvent: {}
[0.602023] (-) TimerEvent: {}
[0.702539] (-) TimerEvent: {}
[0.803069] (-) TimerEvent: {}
[0.839517] (shell_planning) Command: {'cmd': ['/usr/bin/python3', '-W', 'ignore:setup.py install is deprecated', '-W', 'ignore:easy_install command is deprecated', 'setup.py', 'develop', '--editable', '--build-directory', '/home/esraamustafa/path_planning/Path_Planning_Shell_AI/ros2_sim/build/shell_planning/build', '--no-deps', 'symlink_data'], 'cwd': '/home/esraamustafa/path_planning/Path_Planning_Shell_AI/ros2_sim/build/shell_planning', 'env': {'PYTHON_BASIC_REPL': '1', 'LESSOPEN': '| /usr/bin/lesspipe %s', 'USER': 'esraamustafa', 'GIT_ASKPASS': '/home/esraamustafa/.vscode-server/bin/c9d77990917f3102ada88be140d28b038d1dd7c7/extensions/git/dist/askpass.sh', 'SHLVL': '1', 'LD_LIBRARY_PATH': '/home/esraamustafa/path_planning/Path_Planning_Shell_AI/ros2_sim/install/shell_interfaces/lib:/opt/ros/humble/opt/rviz_ogre_vendor/lib:/opt/ros/humble/lib/x86_64-linux-gnu:/opt/ros/humble/lib', 'HOME': '/home/esraamustafa', 'OLDPWD': '/home/esraamustafa/path_planning/Path_Planning_Shell_AI', 'TERM_PROGRAM_VERSION': '1.108.2', 'VSCODE_IPC_HOOK_CLI': '/run/user/1000/vscode-ipc-7043a3ed-b62b-44df-9733-1458a938b1c4.sock', 'ROS_PYTHON_VERSION': '3', 'VSCODE_GIT_ASKPASS_MAIN': '/home/esraamustafa/.vscode-server/bin/c9d77990917f3102ada88be140d28b038d1dd7c7/extensions/git/dist/askpass-main.js', 'VSCODE_GIT_ASKPASS_NODE': '/home/esraamustafa/.vscode-server/bin/c9d77990917f3102ada88be140d28b038d1dd7c7/node', 'PYDEVD_DISABLE_FILE_VALIDATION': '1', 'BUNDLED_DEBUGPY_PATH': '/home/esraamustafa/.vscode-server/extensions/ms-python.debugpy-2025.18.0-linux-x64/bundled/libs/debugpy', 'VSCODE_PYTHON_AUTOACTIVATE_GUARD': '1', 'DBUS_SESSION_BUS_ADDRESS': 'unix:path=/run/user/1000/bus', 'COLORTERM': 'truecolor', 'WSL_DISTRO_NAME': 'Ubuntu-22.04', 'WAYLAND_DISPLAY': 'wayland-0', 'COLCON_PREFIX_PATH': '/home/esraamustafa/path_planning/Path_Planning_Shell_AI/ros2_sim/install', 'ROS_DISTRO': 'humble', 'LOGNAME': 'esraamustafa', 'NAME': 'Esraa', 'WSL_INTEROP': '/run/WSL/465_interop', 'PULSE_SERVER': 'unix:/mnt/wslg/PulseServer', '_': '/usr/bin/colcon', 'ROS_VERSION': '2', 'TERM': 'xterm-256color', 'ROS_LOCALHOST_ONLY': '0', 'PATH': '/home/esraamustafa/.vscode-server/data/User/globalStorage/github.copilot-chat/debugCommand:/home/esraamustafa/.vscode-server/data/User/globalStorage/github.copilot-chat/copilotCli:/home/esraamustafa/.vscode-server/bin/c9d77990917f3102ada88be140d28b038d1dd7c7/bin/remote-cli:/home/esraamustafa/.local/bin:/opt/ros/humble/bin:/usr/local/sbin:/usr/local/bin:/usr/sbin:/usr/bin:/sbin:/bin:/usr/games:/usr/local/games:/usr/lib/wsl/lib:/mnt/c/Program Files/Common Files/Oracle/Java/javapath:/mnt/c/Users/esraa/AppData/Local/Programs/Python/Python312/Scripts/:/mnt/c/Users/esraa/AppData/Local/Programs/Python/Python312/:/mnt/c/WINDOWS/system32:/mnt/c/WINDOWS:/mnt/c/WINDOWS/System32/Wbem:/mnt/c/WINDOWS/System32/WindowsPowerShell/v1.0/:/mnt/c/WINDOWS/System32/OpenSSH/:/mnt/c/Program Files/dotnet/:/mnt/c/Program Files/Git/cmd:/mnt/c/Program Files/nodejs/:/mnt/c/ProgramData/chocolatey/bin:/mnt/c/msys64/mingw64/bin:/mnt/c/Program Files/GitHub CLI/:/mnt/c/Program Files/MATLAB/R2024b/bin:/mnt/c/Program Files (x86)/Microsoft SQL Server/160/Tools/Binn/:/mnt/c/Program Files/Microsoft SQL Server/160/Tools/Binn/:/mnt/c/Program Files/Microsoft SQL Server/Client SDK/ODBC/170/Tools/Binn/:/mnt/c/Program Files/Microsoft SQL Server/160/DTS/Binn/:/mnt/c/Program Files/Microsoft SQL Server/150/Tools/Binn/:/mnt/c/Program Files/CMake/bin:/mnt/c/Program Files/Docker/Docker/resources/bin:/mnt/c/xampp/php/php.exe:/mnt/c/Users/esraa/AppData/Local/Programs/Python/Python314/Scripts/:/mnt/c/Users/esraa/AppData/Local/Programs/Python/Python314/:/mnt/c/Users/esraa/AppData/Local/Programs/Python/Launcher/:/mnt/c/Users/esraa/AppData/Local/Microsoft/WindowsApps:/mnt/c/Users/esraa/AppData/Local/Programs/Microsoft_VS_Code/bin:/mnt/c/Users/esraa/AppData/Local/Microsoft/WinGet/Packages/Schniz.fnm_Microsoft.Winget.Source_8wekyb3d8bbwe:/mnt/c/Users/esraa/AppData/Roaming/npm:/mnt/c/Users/esraa/AppData/Local/GitHubDesktop/bin:/mnt/c/Users/esraa/.dotnet/tools:/mnt/d/IntelliJ IDEA 2024.2.3/bin:/mnt/c/Program Files/JetBrains/IntelliJ IDEA Community Edition 2024.2.3/bin:/mnt/c/Program Files/MongoDB/Server/8.2/bin:/mnt/c/Users/esraa/AppData/Local/Programs/mongosh/:/snap/bin:/home/esraamustafa/.vscode-server/extensions/ms-python.debugpy-2025.18.0-linux-x64/bundled/scripts/noConfigScripts', 'XDG_RUNTIME_DIR': '/run/user/1000/', 'DISPLAY': ':0', 'VSCODE_DEBUGPY_ADAPTER_ENDPOINTS': '/home/esraamustafa/.vscode-server/extensions/ms-python.debugpy-2025.18.0-linux-x64/.noConfigDebugAdapterEndpoints/endpoint-9aa057c463a7ace4.txt', 'LANG': 'C.UTF-8', 'PYTHONSTARTUP': '/home/esraamustafa/.vscode-server/data/User/workspaceStorage/9188cf032e28f409f831a5c4cd4238d1/ms-python.python/pythonrc.py', 'LS_COLORS': 'rs=0:di=01;34:ln=01;36:mh=00:pi=40;33:so=01;35:do=01;35:bd=40;33;01:cd=40;33;01:or=40;31;01:mi=00:su=37;41:sg=30;43:ca=30;41:tw=30;42:ow=34;42:st=37;44:ex=01;32:*.tar=01;31:*.tgz=01;31:*.arc=01;31:*.arj=01;31:*.taz=01;31:*.lha=01;31:*.lz4=01;31:*.lzh=01;31:*.lzma=01;31:*.tlz=01;31:*.txz=01;31:*.tzo=01;31:*.t7z=01;31:*.zip=01;31:*.z=01;31:*.dz=01;31:*.gz=01;31:*.lrz=01;31:*.lz=01;31:*.lzo=01;31:*.xz=01;31:*.zst=01;31:*.tzst=01;31:*.bz2=01;31:*.bz=01;31:*.tbz=01;31:*.tbz2=01;31:*.tz=01;31:*.deb=01;31:*.rpm=01;31:*.jar=01;31:*.war=01;31:*.ear=01;31:*.sar=01;31:*.rar=01;31:*.alz=01;31:*.ace=01;31:*.zoo=01;31:*.cpio=01;31:*.7z=01;31:*.rz=01;31:*.cab=01;31:*.wim=01;31:*.swm=01;31:*.dwm=01;31:*.esd=01;31:*.jpg=01;35:*.jpeg=01;35:*.mjpg=01;35:*.mjpeg=01;35:*.gif=01;35:*.bmp=01;35:*.pbm=01;35:*.pgm=01;35:*.ppm=01;35:*.tga=01;35:*.xbm=01;35:*.xpm=01;35:*.tif=01;35:*.tiff=01;35:*.png=01;35:*.svg=01;35:*.svgz=01;35:*.mng=01;35:*.pcx=01;35:*.mov=01;35:*.mpg=01;35:*.mpeg=01;35:*.m2v=01;35:*.mkv=01;35:*.webm=01;35:*.webp=01;35:*.ogm=01;35:*.mp4=01;35:*.m4v=01;35:*.mp4v=01;35:*.vob=01;35:*.qt=01;35:*.nuv=01;35:*.wmv=01;35:*.asf=01;35:*.rm=01;35:*.rmvb=01;35:*.flc=01;35:*.avi=01;35:*.fli=01;35:*.flv=01;35:*.gl=01;35:*.dl=01;35:*.xcf=01;35:*.xwd=01;35:*.yuv=01;35:*.cgm=01;35:*.emf=01;35:*.ogv=01;35:*.ogx=01;35:*.aac=00;36:*.au=00;36:*.flac=00;36:*.m4a=00;36:*.mid=00;36:*.midi=00;36:*.mka=00;36:*.mp3=00;36:*.mpc=00;36:*.ogg=00;36:*.ra=00;36:*.wav=00;36:*.oga=00;36:*.opus=00;36:*.spx=00;36:*.xspf=00;36:', 'VSCODE_GIT_IPC_HANDLE': '/run/user/1000/vscode-git-7233589553.sock', 'TERM_PROGRAM': 'vscode', 'AMENT_PREFIX_PATH': '/home/esraamustafa/path_planning/Path_Planning_Shell_AI/ros2_sim/install/shell_visualization:/home/esraamustafa/path_planning/Path_Planning_Shell_AI/ros2_sim/install/shell_test_nodes:/home/esraamustafa/path_planning/Path_Planning_Shell_AI/ros2_sim/install/shell_planning:/home/esraamustafa/path_planning/Path_Planning_Shell_AI/ros2_sim/install/shell_interfaces:/opt/ros/humble', 'SHELL': '/bin/bash', 'LESSCLOSE': '/usr/bin/lesspipe %s %s', 'VSCODE_GIT_ASKPASS_EXTRA_ARGS': '', 'PWD': '/home/esraamustafa/path_planning/Path_Planning_Shell_AI/ros2_sim/build/shell_planning', 'XDG_DATA_DIRS': '/usr/local/share:/usr/share:/var/lib/snapd/desktop', 'PYTHONPATH': '/home/esraamustafa/path_planning/Path_Planning_Shell_AI/ros2_sim/build/shell_planning/prefix_override:/usr/lib/python3/dist-packages/colcon_core/task/python/colcon_distutils_commands:/home/esraamustafa/path_planning/Path_Planning_Shell_AI/ros2_sim/install/shell_planning/lib/python3.10/site-packages:/home/esraamustafa/path_planning/Path_Planning_Shell_AI/ros2_sim/build/shell_visualization:/home/esraamustafa/path_planning/Path_Planning_Shell_AI/ros2_sim/install/shell_visualization/lib/python3.10/site-packages:/home/esraamustafa/path_planning/Path_Planning_Shell_AI/ros2_sim/build/shell_test_nodes:/home/esraamustafa/path_planning/Path_Planning_Shell_AI/ros2_sim/install/shell_test_nodes/lib/python3.10/site-packages:/home/esraamustafa/path_planning/Path_Planning_Shell_AI/ros2_sim/build/shell_planning:/home/esraamustafa/path_planning/Path_Planning_Shell_AI/ros2_sim/install/shell_planning/lib/python3.10/site-packages:/home/esraamustafa/path_planning/Path_Planning_Shell_AI/ros2_sim/install/shell_interfaces/local/lib/python3.10/dist-packages:/opt/ros/humble/lib/python3.10/site-packages:/opt/ros/humble/local/lib/python3.10/dist-packages', 'COLCON': '1', 'WSL2_GUI_APPS_ENABLED': '1', 'HOSTTYPE': 'x86_64', 'CMAKE_PREFIX_PATH': '/home/esraamustafa/path_planning/Path_Planning_Shell_AI/ros2_sim/install/shell_interfaces', 'WSLENV': 'VSCODE_WSL_EXT_LOCATION/up'}, 'shell': False}
[0.903293] (-) TimerEvent: {}
[1.003745] (-) TimerEvent: {}
[1.067625] (shell_planning) StdoutLine: {'line': b'running develop\n'}
[1.103933] (-) TimerEvent: {}
[1.182841] (shell_planning) StdoutLine: {'line': b'running egg_info\n'}
[1.183176] (shell_planning) StdoutLine: {'line': b'creating shell_planning.egg-info\n'}
[1.183343] (shell_planning) StdoutLine: {'line': b'writing shell_planning.egg-info/PKG-INFO\n'}
[1.183555] (shell_planning) StdoutLine: {'line': b'writing dependency_links to shell_planning.egg-info/dependency_links.txt\n'}
[1.183798] (shell_planning) StdoutLine: {'line': b'writing entry points to shell_planning.egg-info/entry_points.txt\n'}
[1.183866] (shell_planning) StdoutLine: {'line': b'writing requirements to shell_planning.egg-info/requires.txt\n'}
[1.183928] (shell_planning) StdoutLine: {'line': b'writing top-level names to shell_planning.egg-info/top_level.txt\n'}
[1.184069] (shell_planning) StdoutLine: {'line': b"writing manifest file 'shell_planning.egg-info/SOURCES.txt'\n"}
[1.185077] (shell_planning) StdoutLine: {'line': b"reading manifest file 'shell_planning.egg-info/SOURCES.txt'\n"}
[1.185686] (shell_planning) StdoutLine: {'line': b"writing manifest file 'shell_planning.egg-info/SOURCES.txt'\n"}
[1.186965] (shell_planning) StdoutLine: {'line': b'running build_ext\n'}
[1.187263] (shell_planning) StdoutLine: {'line': b'Creating /home/esraamustafa/path_planning/Path_Planning_Shell_AI/ros2_sim/install/shell_planning/lib/python3.10/site-packages/shell-planning.egg-link (link to .)\n'}
[1.188136] (shell_planning) StdoutLine: {'line': b'Installing global_planner script to /home/esraamustafa/path_planning/Path_Planning_Shell_AI/ros2_sim/install/shell_planning/lib/shell_planning\n'}
[1.188621] (shell_planning) StdoutLine: {'line': b'\n'}
[1.188877] (shell_planning) StdoutLine: {'line': b'Installed /home/esraamustafa/path_planning/Path_Planning_Shell_AI/ros2_sim/build/shell_planning\n'}
[1.189024] (shell_planning) StdoutLine: {'line': b'running symlink_data\n'}
[1.189254] (shell_planning) StdoutLine: {'line': b'creating /home/esraamustafa/path_planning/Path_Planning_Shell_AI/ros2_sim/install/shell_planning/share/ament_index\n'}
[1.189756] (shell_planning) StdoutLine: {'line': b'creating /home/esraamustafa/path_planning/Path_Planning_Shell_AI/ros2_sim/install/shell_planning/share/ament_index/resource_index\n'}
[1.189950] (shell_planning) StdoutLine: {'line': b'creating /home/esraamustafa/path_planning/Path_Planning_Shell_AI/ros2_sim/install/shell_planning/share/ament_index/resource_index/packages\n'}
[1.190042] (shell_planning) StdoutLine: {'line': b'symbolically linking /home/esraamustafa/path_planning/Path_Planning_Shell_AI/ros2_sim/build/shell_planning/resource/shell_planning -> /home/esraamustafa/path_planning/Path_Planning_Shell_AI/ros2_sim/install/shell_planning/share/ament_index/resource_index/packages\n'}
[1.190128] (shell_planning) StdoutLine: {'line': b'symbolically linking /home/esraamustafa/path_planning/Path_Planning_Shell_AI/ros2_sim/build/shell_planning/package.xml -> /home/esraamustafa/path_planning/Path_Planning_Shell_AI/ros2_sim/install/shell_planning/share/shell_planning\n'}
[1.190206] (shell_planning) StdoutLine: {'line': b'creating /home/esraamustafa/path_planning/Path_Planning_Shell_AI/ros2_sim/install/shell_planning/share/shell_planning/launch\n'}
[1.190281] (shell_planning) StdoutLine: {'line': b'symbolically linking /home/esraamustafa/path_planning/Path_Planning_Shell_AI/ros2_sim/build/shell_planning/launch/simulation.launch.py -> /home/esraamustafa/path_planning/Path_Planning_Shell_AI/ros2_sim/install/shell_planning/share/shell_planning/launch\n'}
[1.204349] (-) TimerEvent: {}
[1.214278] (shell_planning) CommandEnded: {'returncode': 0}
[1.226054] (shell_planning) JobEnded: {'identifier': 'shell_planning', 'rc': 0}
[1.304476] (-) TimerEvent: {}
[1.405072] (-) TimerEvent: {}
[1.505883] (-) TimerEvent: {}
[1.602347] (shell_interfaces) StdoutLine: {'line': b'-- The CXX compiler identification is GNU 11.4.0\n'}
[1.606144] (-) TimerEvent: {}
[1.706978] (-) TimerEvent: {}
[1.807625] (-) TimerEvent: {}
[1.908255] (-) TimerEvent: {}
[2.009077] (-) TimerEvent: {}
[2.109754] (-) TimerEvent: {}
[2.210807] (-) TimerEvent: {}
[2.311686] (-) TimerEvent: {}
[2.412590] (-) TimerEvent: {}
[2.513245] (-) TimerEvent: {}
[2.614482] (-) TimerEvent: {}
[2.715887] (-) TimerEvent: {}
[2.817122] (-) TimerEvent: {}
[2.918533] (-) TimerEvent: {}
[3.019486] (-) TimerEvent: {}
[3.120172] (-) TimerEvent: {}
[3.211326] (shell_interfaces) StdoutLine: {'line': b'-- Detecting C compiler ABI info\n'}
[3.220721] (-) TimerEvent: {}
[3.321637] (-) TimerEvent: {}
[3.422614] (-) TimerEvent: {}
[3.523632] (-) TimerEvent: {}
[3.625298] (-) TimerEvent: {}
[3.726975] (-) TimerEvent: {}
[3.795714] (shell_interfaces) StdoutLine: {'line': b'-- Detecting C compiler ABI info - done\n'}
[3.808169] (shell_interfaces) StdoutLine: {'line': b'-- Check for working C compiler: /usr/bin/cc - skipped\n'}
[3.808431] (shell_interfaces) StdoutLine: {'line': b'-- Detecting C compile features\n'}
[3.808950] (shell_interfaces) StdoutLine: {'line': b'-- Detecting C compile features - done\n'}
[3.812397] (shell_interfaces) StdoutLine: {'line': b'-- Detecting CXX compiler ABI info\n'}
[3.827224] (-) TimerEvent: {}
[3.927812] (-) TimerEvent: {}
[4.028569] (-) TimerEvent: {}
[4.129382] (-) TimerEvent: {}
[4.230367] (-) TimerEvent: {}
[4.331181] (-) TimerEvent: {}
[4.432749] (-) TimerEvent: {}
[4.442134] (shell_interfaces) StdoutLine: {'line': b'-- Detecting CXX compiler ABI info - done\n'}
[4.451713] (shell_interfaces) StdoutLine: {'line': b'-- Check for working CXX compiler: /usr/bin/c++ - skipped\n'}
[4.452926] (shell_interfaces) StdoutLine: {'line': b'-- Detecting CXX compile features\n'}
[4.453656] (shell_interfaces) StdoutLine: {'line': b'-- Detecting CXX compile features - done\n'}
[4.456866] (shell_interfaces) StdoutLine: {'line': b'-- Found ament_cmake: 1.3.12 (/opt/ros/humble/share/ament_cmake/cmake)\n'}
[4.533395] (-) TimerEvent: {}
[4.634248] (-) TimerEvent: {}
[4.696886] (shell_interfaces) StdoutLine: {'line': b'-- Found Python3: /usr/bin/python3 (found version "3.10.12") found components: Interpreter \n'}
[4.734745] (-) TimerEvent: {}
[4.785747] (shell_interfaces) StdoutLine: {'line': b'-- Override CMake install command with custom implementation using symlinks instead of copying resources\n'}
[4.812431] (shell_interfaces) StdoutLine: {'line': b'-- Found rosidl_default_generators: 1.2.0 (/opt/ros/humble/share/rosidl_default_generators/cmake)\n'}
[4.815939] (shell_interfaces) StdoutLine: {'line': b'-- Using all available rosidl_typesupport_c: rosidl_typesupport_fastrtps_c;rosidl_typesupport_introspection_c\n'}
[4.822574] (shell_interfaces) StdoutLine: {'line': b'-- Found rosidl_adapter: 3.1.7 (/opt/ros/humble/share/rosidl_adapter/cmake)\n'}
[4.835239] (-) TimerEvent: {}
[4.936335] (-) TimerEvent: {}
[5.037468] (-) TimerEvent: {}
[5.138635] (-) TimerEvent: {}
[5.239763] (-) TimerEvent: {}
[5.341174] (-) TimerEvent: {}
[5.442010] (-) TimerEvent: {}
[5.542964] (-) TimerEvent: {}
[5.616547] (shell_interfaces) StdoutLine: {'line': b'-- Using all available rosidl_typesupport_cpp: rosidl_typesupport_fastrtps_cpp;rosidl_typesupport_introspection_cpp\n'}
[5.643214] (-) TimerEvent: {}
[5.743776] (-) TimerEvent: {}
[5.844398] (-) TimerEvent: {}
[5.945226] (-) TimerEvent: {}
[5.996481] (shell_interfaces) StdoutLine: {'line': b'-- Found ament_cmake_ros: 0.10.0 (/opt/ros/humble/share/ament_cmake_ros/cmake)\n'}
[6.045898] (-) TimerEvent: {}
[6.146667] (-) TimerEvent: {}
[6.247956] (-) TimerEvent: {}
[6.257147] (shell_interfaces) StdoutLine: {'line': b'-- Using all available rosidl_typesupport_c: rosidl_typesupport_fastrtps_c;rosidl_typesupport_introspection_c\n'}
[6.349101] (-) TimerEvent: {}
[6.449654] (-) TimerEvent: {}
[6.509367] (shell_interfaces) StdoutLine: {'line': b'-- Using all available rosidl_typesupport_cpp: rosidl_typesupport_fastrtps_cpp;rosidl_typesupport_introspection_cpp\n'}
[6.550420] (-) TimerEvent: {}
[6.650990] (-) TimerEvent: {}
[6.752838] (-) TimerEvent: {}
[6.853378] (-) TimerEvent: {}
[6.951693] (shell_interfaces) StdoutLine: {'line': b'-- Found PythonInterp: /usr/bin/python3 (found suitable version "3.10.12", minimum required is "3.6") \n'}
[6.952699] (shell_interfaces) StdoutLine: {'line': b'-- Found python_cmake_module: 0.10.0 (/opt/ros/humble/share/python_cmake_module/cmake)\n'}
[6.953505] (-) TimerEvent: {}
[7.053997] (-) TimerEvent: {}
[7.155514] (-) TimerEvent: {}
[7.257037] (-) TimerEvent: {}
[7.357781] (-) TimerEvent: {}
[7.459183] (-) TimerEvent: {}
[7.560445] (-) TimerEvent: {}
[7.661838] (-) TimerEvent: {}
[7.762863] (-) TimerEvent: {}
[7.864318] (-) TimerEvent: {}
[7.965693] (-) TimerEvent: {}
[8.066477] (-) TimerEvent: {}
[8.167603] (-) TimerEvent: {}
[8.268896] (-) TimerEvent: {}
[8.369911] (-) TimerEvent: {}
[8.394189] (shell_interfaces) StdoutLine: {'line': b'-- Found PythonLibs: /usr/lib/x86_64-linux-gnu/libpython3.10.so (found suitable version "3.10.12", minimum required is "3.5") \n'}
[8.394526] (shell_interfaces) StdoutLine: {'line': b'-- Using PYTHON_EXECUTABLE: /usr/bin/python3\n'}
[8.394625] (shell_interfaces) StdoutLine: {'line': b'-- Using PYTHON_INCLUDE_DIRS: /usr/include/python3.10\n'}
[8.394695] (shell_interfaces) StdoutLine: {'line': b'-- Using PYTHON_LIBRARIES: /usr/lib/x86_64-linux-gnu/libpython3.10.so\n'}
[8.419739] (shell_interfaces) StdoutLine: {'line': b'-- Found PythonExtra: .so  \n'}
[8.472066] (-) TimerEvent: {}
[8.573791] (-) TimerEvent: {}
[8.626237] (shell_interfaces) StdoutLine: {'line': b'-- Configuring done\n'}
[8.666322] (shell_interfaces) StdoutLine: {'line': b'-- Generating done\n'}
[8.674474] (-) TimerEvent: {}
[8.680963] (shell_interfaces) StdoutLine: {'line': b'-- Build files have been written to: /home/esraamustafa/path_planning/Path_Planning_Shell_AI/ros2_sim/build/shell_interfaces\n'}
[8.692726] (shell_interfaces) CommandEnded: {'returncode': 0}
[8.693958] (shell_interfaces) JobProgress: {'identifier': 'shell_interfaces', 'progress': 'build'}
[8.696947] (shell_interfaces) Command: {'cmd': ['/usr/bin/cmake', '--build', '/home/esraamustafa/path_planning/Path_Planning_Shell_AI/ros2_sim/build/shell_interfaces', '--', '-j12', '-l12'], 'cwd': '/home/esraamustafa/path_planning/Path_Planning_Shell_AI/ros2_sim/build/shell_interfaces', 'env': OrderedDict([('PYTHON_BASIC_REPL', '1'), ('LESSOPEN', '| /usr/bin/lesspipe %s'), ('USER', 'esraamustafa'), ('GIT_ASKPASS', '/home/esraamustafa/.vscode-server/bin/c9d77990917f3102ada88be140d28b038d1dd7c7/extensions/git/dist/askpass.sh'), ('SHLVL', '1'), ('LD_LIBRARY_PATH', '/home/esraamustafa/path_planning/Path_Planning_Shell_AI/ros2_sim/install/shell_interfaces/lib:/opt/ros/humble/opt/rviz_ogre_vendor/lib:/opt/ros/humble/lib/x86_64-linux-gnu:/opt/ros/humble/lib'), ('HOME', '/home/esraamustafa'), ('OLDPWD', '/home/esraamustafa/path_planning/Path_Planning_Shell_AI'), ('TERM_PROGRAM_VERSION', '1.108.2'), ('VSCODE_IPC_HOOK_CLI', '/run/user/1000/vscode-ipc-7043a3ed-b62b-44df-9733-1458a938b1c4.sock'), ('ROS_PYTHON_VERSION', '3'), ('VSCODE_GIT_ASKPASS_MAIN', '/home/esraamustafa/.vscode-server/bin/c9d77990917f3102ada88be140d28b038d1dd7c7/extensions/git/dist/askpass-main.js'), ('VSCODE_GIT_ASKPASS_NODE', '/home/esraamustafa/.vscode-server/bin/c9d77990917f3102ada88be140d28b038d1dd7c7/node'), ('PYDEVD_DISABLE_FILE_VALIDATION', '1'), ('BUNDLED_DEBUGPY_PATH', '/home/esraamustafa/.vscode-server/extensions/ms-python.debugpy-2025.18.0-linux-x64/bundled/libs/debugpy'), ('VSCODE_PYTHON_AUTOACTIVATE_GUARD', '1'), ('DBUS_SESSION_BUS_ADDRESS', 'unix:path=/run/user/1000/bus'), ('COLORTERM', 'truecolor'), ('WSL_DISTRO_NAME', 'Ubuntu-22.04'), ('WAYLAND_DISPLAY', 'wayland-0'), ('COLCON_PREFIX_PATH', '/home/esraamustafa/path_planning/Path_Planning_Shell_AI/ros2_sim/install'), ('ROS_DISTRO', 'humble'), ('LOGNAME', 'esraamustafa'), ('NAME', 'Esraa'), ('WSL_INTEROP', '/run/WSL/465_interop'), ('PULSE_SERVER', 'unix:/mnt/wslg/PulseServer'), ('_', '/usr/bin/colcon'), ('ROS_VERSION', '2'), ('TERM', 'xterm-256color'), ('ROS_LOCALHOST_ONLY', '0'), ('PATH', '/home/esraamustafa/.vscode-server/data/User/globalStorage/github.copilot-chat/debugCommand:/home/esraamustafa/.vscode-server/data/User/globalStorage/github.copilot-chat/copilotCli:/home/esraamustafa/.vscode-server/bin/c9d77990917f3102ada88be140d28b038d1dd7c7/bin/remote-cli:/home/esraamustafa/.local/bin:/opt/ros/humble/bin:/usr/local/sbin:/usr/local/bin:/usr/sbin:/usr/bin:/sbin:/bin:/usr/games:/usr/local/games:/usr/lib/wsl/lib:/mnt/c/Program Files/Common Files/Oracle/Java/javapath:/mnt/c/Users/esraa/AppData/Local/Programs/Python/Python312/Scripts/:/mnt/c/Users/esraa/AppData/Local/Programs/Python/Python312/:/mnt/c/WINDOWS/system32:/mnt/c/WINDOWS:/mnt/c/WINDOWS/System32/Wbem:/mnt/c/WINDOWS/System32/WindowsPowerShell/v1.0/:/mnt/c/WINDOWS/System32/OpenSSH/:/mnt/c/Program Files/dotnet/:/mnt/c/Program Files/Git/cmd:/mnt/c/Program Files/nodejs/:/mnt/c/ProgramData/chocolatey/bin:/mnt/c/msys64/mingw64/bin:/mnt/c/Program Files/GitHub CLI/:/mnt/c/Program Files/MATLAB/R2024b/bin:/mnt/c/Program Files (x86)/Microsoft SQL Server/160/Tools/Binn/:/mnt/c/Program Files/Microsoft SQL Server/160/Tools/Binn/:/mnt/c/Program Files/Microsoft SQL Server/Client SDK/ODBC/170/Tools/Binn/:/mnt/c/Program Files/Microsoft SQL Server/160/DTS/Binn/:/mnt/c/Program Files/Microsoft SQL Server/150/Tools/Binn/:/mnt/c/Program Files/CMake/bin:/mnt/c/Program Files/Docker/Docker/resources/bin:/mnt/c/xampp/php/php.exe:/mnt/c/Users/esraa/AppData/Local/Programs/Python/Python314/Scripts/:/mnt/c/Users/esraa/AppData/Local/Programs/Python/Python314/:/mnt/c/Users/esraa/AppData/Local/Programs/Python/Launcher/:/mnt/c/Users/esraa/AppData/Local/Microsoft/WindowsApps:/mnt/c/Users/esraa/AppData/Local/Programs/Microsoft_VS_Code/bin:/mnt/c/Users/esraa/AppData/Local/Microsoft/WinGet/Packages/Schniz.fnm_Microsoft.Winget.Source_8wekyb3d8bbwe:/mnt/c/Users/esraa/AppData/Roaming/npm:/mnt/c/Users/esraa/AppData/Local/GitHubDesktop/bin:/mnt/c/Users/esraa/.dotnet/tools:/mnt/d/IntelliJ IDEA 2024.2.3/bin:/mnt/c/Program Files/JetBrains/IntelliJ IDEA Community Edition 2024.2.3/bin:/mnt/c/Program Files/MongoDB/Server/8.2/bin:/mnt/c/Users/esraa/AppData/Local/Programs/mongosh/:/snap/bin:/home/esraamustafa/.vscode-server/extensions/ms-python.debugpy-2025.18.0-linux-x64/bundled/scripts/noConfigScripts'), ('XDG_RUNTIME_DIR', '/run/user/1000/'), ('DISPLAY', ':0'), ('VSCODE_DEBUGPY_ADAPTER_ENDPOINTS', '/home/esraamustafa/.vscode-server/extensions/ms-python.debugpy-2025.18.0-linux-x64/.noConfigDebugAdapterEndpoints/endpoint-9aa057c463a7ace4.txt'), ('LANG', 'C.UTF-8'), ('PYTHONSTARTUP', '/home/esraamustafa/.vscode-server/data/User/workspaceStorage/9188cf032e28f409f831a5c4cd4238d1/ms-python.python/pythonrc.py'), ('LS_COLORS', 'rs=0:di=01;34:ln=01;36:mh=00:pi=40;33:so=01;35:do=01;35:bd=40;33;01:cd=40;33;01:or=40;31;01:mi=00:su=37;41:sg=30;43:ca=30;41:tw=30;42:ow=34;42:st=37;44:ex=01;32:*.tar=01;31:*.tgz=01;31:*.arc=01;31:*.arj=01;31:*.taz=01;31:*.lha=01;31:*.lz4=01;31:*.lzh=01;31:*.lzma=01;31:*.tlz=01;31:*.txz=01;31:*.tzo=01;31:*.t7z=01;31:*.zip=01;31:*.z=01;31:*.dz=01;31:*.gz=01;31:*.lrz=01;31:*.lz=01;31:*.lzo=01;31:*.xz=01;31:*.zst=01;31:*.tzst=01;31:*.bz2=01;31:*.bz=01;31:*.tbz=01;31:*.tbz2=01;31:*.tz=01;31:*.deb=01;31:*.rpm=01;31:*.jar=01;31:*.war=01;31:*.ear=01;31:*.sar=01;31:*.rar=01;31:*.alz=01;31:*.ace=01;31:*.zoo=01;31:*.cpio=01;31:*.7z=01;31:*.rz=01;31:*.cab=01;31:*.wim=01;31:*.swm=01;31:*.dwm=01;31:*.esd=01;31:*.jpg=01;35:*.jpeg=01;35:*.mjpg=01;35:*.mjpeg=01;35:*.gif=01;35:*.bmp=01;35:*.pbm=01;35:*.pgm=01;35:*.ppm=01;35:*.tga=01;35:*.xbm=01;35:*.xpm=01;35:*.tif=01;35:*.tiff=01;35:*.png=01;35:*.svg=01;35:*.svgz=01;35:*.mng=01;35:*.pcx=01;35:*.mov=01;35:*.mpg=01;35:*.mpeg=01;35:*.m2v=01;35:*.mkv=01;35:*.webm=01;35:*.webp=01;35:*.ogm=01;35:*.mp4=01;35:*.m4v=01;35:*.mp4v=01;35:*.vob=01;35:*.qt=01;35:*.nuv=01;35:*.wmv=01;35:*.asf=01;35:*.rm=01;35:*.rmvb=01;35:*.flc=01;35:*.avi=01;35:*.fli=01;35:*.flv=01;35:*.gl=01;35:*.dl=01;35:*.xcf=01;35:*.xwd=01;35:*.yuv=01;35:*.cgm=01;35:*.emf=01;35:*.ogv=01;35:*.ogx=01;35:*.aac=00;36:*.au=00;36:*.flac=00;36:*.m4a=00;36:*.mid=00;36:*.midi=00;36:*.mka=00;36:*.mp3=00;36:*.mpc=00;36:*.ogg=00;36:*.ra=00;36:*.wav=00;36:*.oga=00;36:*.opus=00;36:*.spx=00;36:*.xspf=00;36:'), ('VSCODE_GIT_IPC_HANDLE', '/run/user/1000/vscode-git-7233589553.sock'), ('TERM_PROGRAM', 'vscode'), ('AMENT_PREFIX_PATH', '/home/esraamustafa/path_planning/Path_Planning_Shell_AI/ros2_sim/install/shell_visualization:/home/esraamustafa/path_planning/Path_Planning_Shell_AI/ros2_sim/install/shell_test_nodes:/home/esraamustafa/path_planning/Path_Planning_Shell_AI/ros2_sim/install/shell_planning:/home/esraamustafa/path_planning/Path_Planning_Shell_AI/ros2_sim/install/shell_interfaces:/opt/ros/humble'), ('SHELL', '/bin/bash'), ('LESSCLOSE', '/usr/bin/lesspipe %s %s'), ('VSCODE_GIT_ASKPASS_EXTRA_ARGS', ''), ('PWD', '/home/esraamustafa/path_planning/Path_Planning_Shell_AI/ros2_sim/build/shell_interfaces'), ('XDG_DATA_DIRS', '/usr/local/share:/usr/share:/var/lib/snapd/desktop'), ('PYTHONPATH', '/home/esraamustafa/path_planning/Path_Planning_Shell_AI/ros2_sim/build/shell_visualization:/home/esraamustafa/path_planning/Path_Planning_Shell_AI/ros2_sim/install/shell_visualization/lib/python3.10/site-packages:/home/esraamustafa/path_planning/Path_Planning_Shell_AI/ros2_sim/build/shell_test_nodes:/home/esraamustafa/path_planning/Path_Planning_Shell_AI/ros2_sim/install/shell_test_nodes/lib/python3.10/site-packages:/home/esraamustafa/path_planning/Path_Planning_Shell_AI/ros2_sim/build/shell_planning:/home/esraamustafa/path_planning/Path_Planning_Shell_AI/ros2_sim/install/shell_planning/lib/python3.10/site-packages:/home/esraamustafa/path_planning/Path_Planning_Shell_AI/ros2_sim/install/shell_interfaces/local/lib/python3.10/dist-packages:/opt/ros/humble/lib/python3.10/site-packages:/opt/ros/humble/local/lib/python3.10/dist-packages'), ('COLCON', '1'), ('WSL2_GUI_APPS_ENABLED', '1'), ('HOSTTYPE', 'x86_64'), ('CMAKE_PREFIX_PATH', '/home/esraamustafa/path_planning/Path_Planning_Shell_AI/ros2_sim/install/shell_interfaces:/home/esraamustafa/path_planning/Path_Planning_Shell_AI/ros2_sim/install/shell_visualization:/home/esraamustafa/path_planning/Path_Planning_Shell_AI/ros2_sim/install/shell_test_nodes:/home/esraamustafa/path_planning/Path_Planning_Shell_AI/ros2_sim/install/shell_planning:/opt/ros/humble'), ('WSLENV', 'VSCODE_WSL_EXT_LOCATION/up')]), 'shell': False}
[8.738872] (shell_interfaces) StdoutLine: {'line': b'[  2%] \x1b[34m\x1b[1mGenerating C code for ROS interfaces\x1b[0m\n'}
[8.758018] (shell_interfaces) StdoutLine: {'line': b'[  5%] \x1b[34m\x1b[1mGenerating C++ code for ROS interfaces\x1b[0m\n'}
[8.766610] (shell_interfaces) StdoutLine: {'line': b'[  5%] Built target ament_cmake_python_symlink_shell_interfaces\n'}
[8.774737] (-) TimerEvent: {}
[8.876041] (-) TimerEvent: {}
[8.976881] (-) TimerEvent: {}
[9.077545] (-) TimerEvent: {}
[9.167434] (shell_interfaces) StdoutLine: {'line': b'running egg_info\n'}
[9.169009] (shell_interfaces) StdoutLine: {'line': b'creating shell_interfaces.egg-info\n'}
[9.169874] (shell_interfaces) StdoutLine: {'line': b'writing shell_interfaces.egg-info/PKG-INFO\n'}
[9.170284] (shell_interfaces) StdoutLine: {'line': b'writing dependency_links to shell_interfaces.egg-info/dependency_links.txt\n'}
[9.170700] (shell_interfaces) StdoutLine: {'line': b'writing top-level names to shell_interfaces.egg-info/top_level.txt\n'}
[9.171495] (shell_interfaces) StdoutLine: {'line': b"writing manifest file 'shell_interfaces.egg-info/SOURCES.txt'\n"}
[9.176335] (shell_interfaces) StdoutLine: {'line': b"reading manifest file 'shell_interfaces.egg-info/SOURCES.txt'\n"}
[9.177080] (shell_interfaces) StdoutLine: {'line': b"writing manifest file 'shell_interfaces.egg-info/SOURCES.txt'\n"}
[9.178049] (-) TimerEvent: {}
[9.231836] (shell_interfaces) StdoutLine: {'line': b'[  5%] Built target ament_cmake_python_build_shell_interfaces_egg\n'}
[9.232718] (shell_interfaces) StdoutLine: {'line': b'[  7%] \x1b[32mBuilding C object CMakeFiles/shell_interfaces__rosidl_generator_c.dir/rosidl_generator_c/shell_interfaces/msg/detail/trajectory_point__functions.c.o\x1b[0m\n'}
[9.237131] (shell_interfaces) StdoutLine: {'line': b'[ 10%] \x1b[32mBuilding C object CMakeFiles/shell_interfaces__rosidl_generator_c.dir/rosidl_generator_c/shell_interfaces/msg/detail/trajectory__functions.c.o\x1b[0m\n'}
[9.240562] (shell_interfaces) StdoutLine: {'line': b'[ 10%] Built target shell_interfaces__cpp\n'}
[9.253797] (shell_interfaces) StdoutLine: {'line': b'[ 12%] \x1b[34m\x1b[1mGenerating C++ type support dispatch for ROS interfaces\x1b[0m\n'}
[9.254145] (shell_interfaces) StdoutLine: {'line': b'[ 15%] \x1b[34m\x1b[1mGenerating C++ type support for eProsima Fast-RTPS\x1b[0m\n'}
[9.258006] (shell_interfaces) StdoutLine: {'line': b'[ 17%] \x1b[34m\x1b[1mGenerating C++ introspection for ROS interfaces\x1b[0m\n'}
[9.278573] (-) TimerEvent: {}
[9.329905] (shell_interfaces) StdoutLine: {'line': b'[ 20%] \x1b[32m\x1b[1mLinking C shared library libshell_interfaces__rosidl_generator_c.so\x1b[0m\n'}
[9.378867] (-) TimerEvent: {}
[9.479801] (-) TimerEvent: {}
[9.581014] (-) TimerEvent: {}
[9.682116] (-) TimerEvent: {}
[9.783288] (-) TimerEvent: {}
[9.798790] (shell_interfaces) StdoutLine: {'line': b'[ 23%] \x1b[32mBuilding CXX object CMakeFiles/shell_interfaces__rosidl_typesupport_cpp.dir/rosidl_typesupport_cpp/shell_interfaces/msg/trajectory_point__type_support.cpp.o\x1b[0m\n'}
[9.801587] (shell_interfaces) StdoutLine: {'line': b'[ 25%] \x1b[32mBuilding CXX object CMakeFiles/shell_interfaces__rosidl_typesupport_cpp.dir/rosidl_typesupport_cpp/shell_interfaces/msg/trajectory__type_support.cpp.o\x1b[0m\n'}
[9.818293] (shell_interfaces) StdoutLine: {'line': b'[ 28%] \x1b[32mBuilding CXX object CMakeFiles/shell_interfaces__rosidl_typesupport_introspection_cpp.dir/rosidl_typesupport_introspection_cpp/shell_interfaces/msg/detail/trajectory__type_support.cpp.o\x1b[0m\n'}
[9.822628] (shell_interfaces) StdoutLine: {'line': b'[ 30%] \x1b[32mBuilding CXX object CMakeFiles/shell_interfaces__rosidl_typesupport_introspection_cpp.dir/rosidl_typesupport_introspection_cpp/shell_interfaces/msg/detail/trajectory_point__type_support.cpp.o\x1b[0m\n'}
[9.846479] (shell_interfaces) StdoutLine: {'line': b'[ 33%] \x1b[32mBuilding CXX object CMakeFiles/shell_interfaces__rosidl_typesupport_fastrtps_cpp.dir/rosidl_typesupport_fastrtps_cpp/shell_interfaces/msg/detail/dds_fastrtps/trajectory_point__type_support.cpp.o\x1b[0m\n'}
[9.851836] (shell_interfaces) StdoutLine: {'line': b'[ 35%] \x1b[32mBuilding CXX object CMakeFiles/shell_interfaces__rosidl_typesupport_fastrtps_cpp.dir/rosidl_typesupport_fastrtps_cpp/shell_interfaces/msg/detail/dds_fastrtps/trajectory__type_support.cpp.o\x1b[0m\n'}
[9.869136] (shell_interfaces) StdoutLine: {'line': b'[ 35%] Built target shell_interfaces__rosidl_generator_c\n'}
[9.886612] (-) TimerEvent: {}
[9.889109] (shell_interfaces) StdoutLine: {'line': b'[ 38%] \x1b[34m\x1b[1mGenerating C introspection for ROS interfaces\x1b[0m\n'}
[9.904094] (shell_interfaces) StdoutLine: {'line': b'[ 41%] \x1b[34m\x1b[1mGenerating C type support dispatch for ROS interfaces\x1b[0m\n'}
[9.906767] (shell_interfaces) StdoutLine: {'line': b'[ 43%] \x1b[34m\x1b[1mGenerating C type support for eProsima Fast-RTPS\x1b[0m\n'}
[9.990966] (-) TimerEvent: {}
[10.091809] (-) TimerEvent: {}
[10.192795] (-) TimerEvent: {}
[10.299128] (-) TimerEvent: {}
[10.399969] (-) TimerEvent: {}
[10.503530] (-) TimerEvent: {}
[10.607812] (-) TimerEvent: {}
[10.722707] (-) TimerEvent: {}
[10.731645] (shell_interfaces) StdoutLine: {'line': b'[ 48%] \x1b[32mBuilding CXX object CMakeFiles/shell_interfaces__rosidl_typesupport_c.dir/rosidl_typesupport_c/shell_interfaces/msg/trajectory_point__type_support.cpp.o\x1b[0m\n'}
[10.732286] (shell_interfaces) StdoutLine: {'line': b'[ 48%] \x1b[32mBuilding CXX object CMakeFiles/shell_interfaces__rosidl_typesupport_c.dir/rosidl_typesupport_c/shell_interfaces/msg/trajectory__type_support.cpp.o\x1b[0m\n'}
[10.824608] (-) TimerEvent: {}
[10.830712] (shell_interfaces) StdoutLine: {'line': b'[ 51%] \x1b[32m\x1b[1mLinking CXX shared library libshell_interfaces__rosidl_typesupport_c.so\x1b[0m\n'}
[10.927137] (-) TimerEvent: {}
[11.028206] (-) TimerEvent: {}
[11.129299] (-) TimerEvent: {}
[11.153107] (shell_interfaces) StdoutLine: {'line': b'[ 53%] \x1b[32mBuilding C object CMakeFiles/shell_interfaces__rosidl_typesupport_introspection_c.dir/rosidl_typesupport_introspection_c/shell_interfaces/msg/detail/trajectory_point__type_support.c.o\x1b[0m\n'}
[11.161728] (shell_interfaces) StdoutLine: {'line': b'[ 56%] \x1b[32mBuilding C object CMakeFiles/shell_interfaces__rosidl_typesupport_introspection_c.dir/rosidl_typesupport_introspection_c/shell_interfaces/msg/detail/trajectory__type_support.c.o\x1b[0m\n'}
[11.206261] (shell_interfaces) StdoutLine: {'line': b'[ 58%] \x1b[32m\x1b[1mLinking CXX shared library libshell_interfaces__rosidl_typesupport_cpp.so\x1b[0m\n'}
[11.235466] (-) TimerEvent: {}
[11.262173] (shell_interfaces) StdoutLine: {'line': b'[ 61%] \x1b[32mBuilding CXX object CMakeFiles/shell_interfaces__rosidl_typesupport_fastrtps_c.dir/rosidl_typesupport_fastrtps_c/shell_interfaces/msg/detail/trajectory__type_support_c.cpp.o\x1b[0m\n'}
[11.280827] (shell_interfaces) StdoutLine: {'line': b'[ 64%] \x1b[32mBuilding CXX object CMakeFiles/shell_interfaces__rosidl_typesupport_fastrtps_c.dir/rosidl_typesupport_fastrtps_c/shell_interfaces/msg/detail/trajectory_point__type_support_c.cpp.o\x1b[0m\n'}
[11.336551] (-) TimerEvent: {}
[11.362078] (shell_interfaces) StdoutLine: {'line': b'[ 66%] \x1b[32m\x1b[1mLinking C shared library libshell_interfaces__rosidl_typesupport_introspection_c.so\x1b[0m\n'}
[11.437396] (-) TimerEvent: {}
[11.539263] (-) TimerEvent: {}
[11.642744] (-) TimerEvent: {}
[11.734982] (shell_interfaces) StdoutLine: {'line': b'[ 66%] Built target shell_interfaces__rosidl_typesupport_c\n'}
[11.743042] (-) TimerEvent: {}
[11.844066] (-) TimerEvent: {}
[11.946128] (-) TimerEvent: {}
[12.013094] (shell_interfaces) StdoutLine: {'line': b'[ 69%] \x1b[32m\x1b[1mLinking CXX shared library libshell_interfaces__rosidl_typesupport_fastrtps_cpp.so\x1b[0m\n'}
[12.046623] (-) TimerEvent: {}
[12.149793] (-) TimerEvent: {}
[12.151276] (shell_interfaces) StdoutLine: {'line': b'[ 69%] Built target shell_interfaces__rosidl_typesupport_cpp\n'}
[12.174788] (shell_interfaces) StdoutLine: {'line': b'[ 69%] Built target shell_interfaces__rosidl_typesupport_introspection_c\n'}
[12.181735] (shell_interfaces) StdoutLine: {'line': b'[ 71%] \x1b[32m\x1b[1mLinking CXX shared library libshell_interfaces__rosidl_typesupport_introspection_cpp.so\x1b[0m\n'}
[12.250295] (-) TimerEvent: {}
[12.351330] (-) TimerEvent: {}
[12.452558] (-) TimerEvent: {}
[12.548520] (shell_interfaces) StdoutLine: {'line': b'[ 74%] \x1b[32m\x1b[1mLinking CXX shared library libshell_interfaces__rosidl_typesupport_fastrtps_c.so\x1b[0m\n'}
[12.552938] (-) TimerEvent: {}
[12.654267] (-) TimerEvent: {}
[12.755583] (-) TimerEvent: {}
[12.779963] (shell_interfaces) StdoutLine: {'line': b'[ 74%] Built target shell_interfaces__rosidl_typesupport_fastrtps_cpp\n'}
[12.856054] (-) TimerEvent: {}
[12.884130] (shell_interfaces) StdoutLine: {'line': b'[ 74%] Built target shell_interfaces__rosidl_typesupport_introspection_cpp\n'}
[12.956696] (-) TimerEvent: {}
[13.057968] (-) TimerEvent: {}
[13.158723] (-) TimerEvent: {}
[13.173598] (shell_interfaces) StdoutLine: {'line': b'[ 74%] Built target shell_interfaces__rosidl_typesupport_fastrtps_c\n'}
[13.225514] (shell_interfaces) StdoutLine: {'line': b'[ 74%] Built target shell_interfaces\n'}
[13.259086] (-) TimerEvent: {}
[13.271913] (shell_interfaces) StdoutLine: {'line': b'[ 76%] \x1b[34m\x1b[1mGenerating Python code for ROS interfaces\x1b[0m\n'}
[13.359349] (-) TimerEvent: {}
[13.461182] (-) TimerEvent: {}
[13.562209] (-) TimerEvent: {}
[13.664170] (-) TimerEvent: {}
[13.765297] (-) TimerEvent: {}
[13.866461] (-) TimerEvent: {}
[13.886886] (shell_interfaces) StdoutLine: {'line': b'[ 76%] Built target shell_interfaces__py\n'}
[13.926052] (shell_interfaces) StdoutLine: {'line': b'[ 79%] \x1b[32mBuilding C object CMakeFiles/shell_interfaces__rosidl_generator_py.dir/rosidl_generator_py/shell_interfaces/msg/_trajectory_point_s.c.o\x1b[0m\n'}
[13.932522] (shell_interfaces) StdoutLine: {'line': b'[ 82%] \x1b[32mBuilding C object CMakeFiles/shell_interfaces__rosidl_generator_py.dir/rosidl_generator_py/shell_interfaces/msg/_trajectory_s.c.o\x1b[0m\n'}
[13.966626] (-) TimerEvent: {}
[14.067525] (-) TimerEvent: {}
[14.088474] (shell_interfaces) StdoutLine: {'line': b'[ 84%] \x1b[32m\x1b[1mLinking C shared library rosidl_generator_py/shell_interfaces/libshell_interfaces__rosidl_generator_py.so\x1b[0m\n'}
[14.168111] (-) TimerEvent: {}
[14.269171] (-) TimerEvent: {}
[14.369735] (-) TimerEvent: {}
[14.470406] (-) TimerEvent: {}
[14.571308] (-) TimerEvent: {}
[14.628707] (shell_interfaces) StdoutLine: {'line': b'[ 84%] Built target shell_interfaces__rosidl_generator_py\n'}
[14.662877] (shell_interfaces) StdoutLine: {'line': b'[ 87%] \x1b[32mBuilding C object CMakeFiles/shell_interfaces__rosidl_typesupport_fastrtps_c__pyext.dir/rosidl_generator_py/shell_interfaces/_shell_interfaces_s.ep.rosidl_typesupport_fastrtps_c.c.o\x1b[0m\n'}
[14.664705] (shell_interfaces) StdoutLine: {'line': b'[ 89%] \x1b[32mBuilding C object CMakeFiles/shell_interfaces__rosidl_typesupport_c__pyext.dir/rosidl_generator_py/shell_interfaces/_shell_interfaces_s.ep.rosidl_typesupport_c.c.o\x1b[0m\n'}
[14.665615] (shell_interfaces) StdoutLine: {'line': b'[ 92%] \x1b[32mBuilding C object CMakeFiles/shell_interfaces__rosidl_typesupport_introspection_c__pyext.dir/rosidl_generator_py/shell_interfaces/_shell_interfaces_s.ep.rosidl_typesupport_introspection_c.c.o\x1b[0m\n'}
[14.672600] (-) TimerEvent: {}
[14.780568] (-) TimerEvent: {}
[14.881652] (-) TimerEvent: {}
[14.899401] (shell_interfaces) StdoutLine: {'line': b'[ 94%] \x1b[32m\x1b[1mLinking C shared library rosidl_generator_py/shell_interfaces/shell_interfaces_s__rosidl_typesupport_c.cpython-310-x86_64-linux-gnu.so\x1b[0m\n'}
[14.900056] (shell_interfaces) StdoutLine: {'line': b'[ 97%] \x1b[32m\x1b[1mLinking C shared library rosidl_generator_py/shell_interfaces/shell_interfaces_s__rosidl_typesupport_fastrtps_c.cpython-310-x86_64-linux-gnu.so\x1b[0m\n'}
[14.917407] (shell_interfaces) StdoutLine: {'line': b'[100%] \x1b[32m\x1b[1mLinking C shared library rosidl_generator_py/shell_interfaces/shell_interfaces_s__rosidl_typesupport_introspection_c.cpython-310-x86_64-linux-gnu.so\x1b[0m\n'}
[14.981805] (-) TimerEvent: {}
[15.082514] (-) TimerEvent: {}
[15.147053] (shell_interfaces) StdoutLine: {'line': b'[100%] Built target shell_interfaces__rosidl_typesupport_c__pyext\n'}
[15.148701] (shell_interfaces) StdoutLine: {'line': b'[100%] Built target shell_interfaces__rosidl_typesupport_fastrtps_c__pyext\n'}
[15.182702] (-) TimerEvent: {}
[15.231359] (shell_interfaces) StdoutLine: {'line': b'[100%] Built target shell_interfaces__rosidl_typesupport_introspection_c__pyext\n'}
[15.249141] (shell_interfaces) CommandEnded: {'returncode': 0}
[15.251175] (shell_interfaces) JobProgress: {'identifier': 'shell_interfaces', 'progress': 'install'}
[15.262844] (shell_interfaces) Command: {'cmd': ['/usr/bin/cmake', '--install', '/home/esraamustafa/path_planning/Path_Planning_Shell_AI/ros2_sim/build/shell_interfaces'], 'cwd': '/home/esraamustafa/path_planning/Path_Planning_Shell_AI/ros2_sim/build/shell_interfaces', 'env': OrderedDict([('PYTHON_BASIC_REPL', '1'), ('LESSOPEN', '| /usr/bin/lesspipe %s'), ('USER', 'esraamustafa'), ('GIT_ASKPASS', '/home/esraamustafa/.vscode-server/bin/c9d77990917f3102ada88be140d28b038d1dd7c7/extensions/git/dist/askpass.sh'), ('SHLVL', '1'), ('LD_LIBRARY_PATH', '/home/esraamustafa/path_planning/Path_Planning_Shell_AI/ros2_sim/install/shell_interfaces/lib:/opt/ros/humble/opt/rviz_ogre_vendor/lib:/opt/ros/humble/lib/x86_64-linux-gnu:/opt/ros/humble/lib'), ('HOME', '/home/esraamustafa'), ('OLDPWD', '/home/esraamustafa/path_planning/Path_Planning_Shell_AI'), ('TERM_PROGRAM_VERSION', '1.108.2'), ('VSCODE_IPC_HOOK_CLI', '/run/user/1000/vscode-ipc-7043a3ed-b62b-44df-9733-1458a938b1c4.sock'), ('ROS_PYTHON_VERSION', '3'), ('VSCODE_GIT_ASKPASS_MAIN', '/home/esraamustafa/.vscode-server/bin/c9d77990917f3102ada88be140d28b038d1dd7c7/extensions/git/dist/askpass-main.js'), ('VSCODE_GIT_ASKPASS_NODE', '/home/esraamustafa/.vscode-server/bin/c9d77990917f3102ada88be140d28b038d1dd7c7/node'), ('PYDEVD_DISABLE_FILE_VALIDATION', '1'), ('BUNDLED_DEBUGPY_PATH', '/home/esraamustafa/.vscode-server/extensions/ms-python.debugpy-2025.18.0-linux-x64/bundled/libs/debugpy'), ('VSCODE_PYTHON_AUTOACTIVATE_GUARD', '1'), ('DBUS_SESSION_BUS_ADDRESS', 'unix:path=/run/user/1000/bus'), ('COLORTERM', 'truecolor'), ('WSL_DISTRO_NAME', 'Ubuntu-22.04'), ('WAYLAND_DISPLAY', 'wayland-0'), ('COLCON_PREFIX_PATH', '/home/esraamustafa/path_planning/Path_Planning_Shell_AI/ros2_sim/install'), ('ROS_DISTRO', 'humble'), ('LOGNAME', 'esraamustafa'), ('NAME', 'Esraa'), ('WSL_INTEROP', '/run/WSL/465_interop'), ('PULSE_SERVER', 'unix:/mnt/wslg/PulseServer'), ('_', '/usr/bin/colcon'), ('ROS_VERSION', '2'), ('TERM', 'xterm-256color'), ('ROS_LOCALHOST_ONLY', '0'), ('PATH', '/home/esraamustafa/.vscode-server/data/User/globalStorage/github.copilot-chat/debugCommand:/home/esraamustafa/.vscode-server/data/User/globalStorage/github.copilot-chat/copilotCli:/home/esraamustafa/.vscode-server/bin/c9d77990917f3102ada88be140d28b038d1dd7c7/bin/remote-cli:/home/esraamustafa/.local/bin:/opt/ros/humble/bin:/usr/local/sbin:/usr/local/bin:/usr/sbin:/usr/bin:/sbin:/bin:/usr/games:/usr/local/games:/usr/lib/wsl/lib:/mnt/c/Program Files/Common Files/Oracle/Java/javapath:/mnt/c/Users/esraa/AppData/Local/Programs/Python/Python312/Scripts/:/mnt/c/Users/esraa/AppData/Local/Programs/Python/Python312/:/mnt/c/WINDOWS/system32:/mnt/c/WINDOWS:/mnt/c/WINDOWS/System32/Wbem:/mnt/c/WINDOWS/System32/WindowsPowerShell/v1.0/:/mnt/c/WINDOWS/System32/OpenSSH/:/mnt/c/Program Files/dotnet/:/mnt/c/Program Files/Git/cmd:/mnt/c/Program Files/nodejs/:/mnt/c/ProgramData/chocolatey/bin:/mnt/c/msys64/mingw64/bin:/mnt/c/Program Files/GitHub CLI/:/mnt/c/Program Files/MATLAB/R2024b/bin:/mnt/c/Program Files (x86)/Microsoft SQL Server/160/Tools/Binn/:/mnt/c/Program Files/Microsoft SQL Server/160/Tools/Binn/:/mnt/c/Program Files/Microsoft SQL Server/Client SDK/ODBC/170/Tools/Binn/:/mnt/c/Program Files/Microsoft SQL Server/160/DTS/Binn/:/mnt/c/Program Files/Microsoft SQL Server/150/Tools/Binn/:/mnt/c/Program Files/CMake/bin:/mnt/c/Program Files/Docker/Docker/resources/bin:/mnt/c/xampp/php/php.exe:/mnt/c/Users/esraa/AppData/Local/Programs/Python/Python314/Scripts/:/mnt/c/Users/esraa/AppData/Local/Programs/Python/Python314/:/mnt/c/Users/esraa/AppData/Local/Programs/Python/Launcher/:/mnt/c/Users/esraa/AppData/Local/Microsoft/WindowsApps:/mnt/c/Users/esraa/AppData/Local/Programs/Microsoft_VS_Code/bin:/mnt/c/Users/esraa/AppData/Local/Microsoft/WinGet/Packages/Schniz.fnm_Microsoft.Winget.Source_8wekyb3d8bbwe:/mnt/c/Users/esraa/AppData/Roaming/npm:/mnt/c/Users/esraa/AppData/Local/GitHubDesktop/bin:/mnt/c/Users/esraa/.dotnet/tools:/mnt/d/IntelliJ IDEA 2024.2.3/bin:/mnt/c/Program Files/JetBrains/IntelliJ IDEA Community Edition 2024.2.3/bin:/mnt/c/Program Files/MongoDB/Server/8.2/bin:/mnt/c/Users/esraa/AppData/Local/Programs/mongosh/:/snap/bin:/home/esraamustafa/.vscode-server/extensions/ms-python.debugpy-2025.18.0-linux-x64/bundled/scripts/noConfigScripts'), ('XDG_RUNTIME_DIR', '/run/user/1000/'), ('DISPLAY', ':0'), ('VSCODE_DEBUGPY_ADAPTER_ENDPOINTS', '/home/esraamustafa/.vscode-server/extensions/ms-python.debugpy-2025.18.0-linux-x64/.noConfigDebugAdapterEndpoints/endpoint-9aa057c463a7ace4.txt'), ('LANG', 'C.UTF-8'), ('PYTHONSTARTUP', '/home/esraamustafa/.vscode-server/data/User/workspaceStorage/9188cf032e28f409f831a5c4cd4238d1/ms-python.python/pythonrc.py'), ('LS_COLORS', 'rs=0:di=01;34:ln=01;36:mh=00:pi=40;33:so=01;35:do=01;35:bd=40;33;01:cd=40;33;01:or=40;31;01:mi=00:su=37;41:sg=30;43:ca=30;41:tw=30;42:ow=34;42:st=37;44:ex=01;32:*.tar=01;31:*.tgz=01;31:*.arc=01;31:*.arj=01;31:*.taz=01;31:*.lha=01;31:*.lz4=01;31:*.lzh=01;31:*.lzma=01;31:*.tlz=01;31:*.txz=01;31:*.tzo=01;31:*.t7z=01;31:*.zip=01;31:*.z=01;31:*.dz=01;31:*.gz=01;31:*.lrz=01;31:*.lz=01;31:*.lzo=01;31:*.xz=01;31:*.zst=01;31:*.tzst=01;31:*.bz2=01;31:*.bz=01;31:*.tbz=01;31:*.tbz2=01;31:*.tz=01;31:*.deb=01;31:*.rpm=01;31:*.jar=01;31:*.war=01;31:*.ear=01;31:*.sar=01;31:*.rar=01;31:*.alz=01;31:*.ace=01;31:*.zoo=01;31:*.cpio=01;31:*.7z=01;31:*.rz=01;31:*.cab=01;31:*.wim=01;31:*.swm=01;31:*.dwm=01;31:*.esd=01;31:*.jpg=01;35:*.jpeg=01;35:*.mjpg=01;35:*.mjpeg=01;35:*.gif=01;35:*.bmp=01;35:*.pbm=01;35:*.pgm=01;35:*.ppm=01;35:*.tga=01;35:*.xbm=01;35:*.xpm=01;35:*.tif=01;35:*.tiff=01;35:*.png=01;35:*.svg=01;35:*.svgz=01;35:*.mng=01;35:*.pcx=01;35:*.mov=01;35:*.mpg=01;35:*.mpeg=01;35:*.m2v=01;35:*.mkv=01;35:*.webm=01;35:*.webp=01;35:*.ogm=01;35:*.mp4=01;35:*.m4v=01;35:*.mp4v=01;35:*.vob=01;35:*.qt=01;35:*.nuv=01;35:*.wmv=01;35:*.asf=01;35:*.rm=01;35:*.rmvb=01;35:*.flc=01;35:*.avi=01;35:*.fli=01;35:*.flv=01;35:*.gl=01;35:*.dl=01;35:*.xcf=01;35:*.xwd=01;35:*.yuv=01;35:*.cgm=01;35:*.emf=01;35:*.ogv=01;35:*.ogx=01;35:*.aac=00;36:*.au=00;36:*.flac=00;36:*.m4a=00;36:*.mid=00;36:*.midi=00;36:*.mka=00;36:*.mp3=00;36:*.mpc=00;36:*.ogg=00;36:*.ra=00;36:*.wav=00;36:*.oga=00;36:*.opus=00;36:*.spx=00;36:*.xspf=00;36:'), ('VSCODE_GIT_IPC_HANDLE', '/run/user/1000/vscode-git-7233589553.sock'), ('TERM_PROGRAM', 'vscode'), ('AMENT_PREFIX_PATH', '/home/esraamustafa/path_planning/Path_Planning_Shell_AI/ros2_sim/install/shell_visualization:/home/esraamustafa/path_planning/Path_Planning_Shell_AI/ros2_sim/install/shell_test_nodes:/home/esraamustafa/path_planning/Path_Planning_Shell_AI/ros2_sim/install/shell_planning:/home/esraamustafa/path_planning/Path_Planning_Shell_AI/ros2_sim/install/shell_interfaces:/opt/ros/humble'), ('SHELL', '/bin/bash'), ('LESSCLOSE', '/usr/bin/lesspipe %s %s'), ('VSCODE_GIT_ASKPASS_EXTRA_ARGS', ''), ('PWD', '/home/esraamustafa/path_planning/Path_Planning_Shell_AI/ros2_sim/build/shell_interfaces'), ('XDG_DATA_DIRS', '/usr/local/share:/usr/share:/var/lib/snapd/desktop'), ('PYTHONPATH', '/home/esraamustafa/path_planning/Path_Planning_Shell_AI/ros2_sim/build/shell_visualization:/home/esraamustafa/path_planning/Path_Planning_Shell_AI/ros2_sim/install/shell_visualization/lib/python3.10/site-packages:/home/esraamustafa/path_planning/Path_Planning_Shell_AI/ros2_sim/build/shell_test_nodes:/home/esraamustafa/path_planning/Path_Planning_Shell_AI/ros2_sim/install/shell_test_nodes/lib/python3.10/site-packages:/home/esraamustafa/path_planning/Path_Planning_Shell_AI/ros2_sim/build/shell_planning:/home/esraamustafa/path_planning/Path_Planning_Shell_AI/ros2_sim/install/shell_planning/lib/python3.10/site-packages:/home/esraamustafa/path_planning/Path_Planning_Shell_AI/ros2_sim/install/shell_interfaces/local/lib/python3.10/dist-packages:/opt/ros/humble/lib/python3.10/site-packages:/opt/ros/humble/local/lib/python3.10/dist-packages'), ('COLCON', '1'), ('WSL2_GUI_APPS_ENABLED', '1'), ('HOSTTYPE', 'x86_64'), ('CMAKE_PREFIX_PATH', '/home/esraamustafa/path_planning/Path_Planning_Shell_AI/ros2_sim/install/shell_interfaces:/home/esraamustafa/path_planning/Path_Planning_Shell_AI/ros2_sim/install/shell_visualization:/home/esraamustafa/path_planning/Path_Planning_Shell_AI/ros2_sim/install/shell_test_nodes:/home/esraamustafa/path_planning/Path_Planning_Shell_AI/ros2_sim/install/shell_planning:/opt/ros/humble'), ('WSLENV', 'VSCODE_WSL_EXT_LOCATION/up')]), 'shell': False}
[15.271479] (shell_interfaces) StdoutLine: {'line': b'-- Install configuration: ""\n'}
[15.272252] (shell_interfaces) StdoutLine: {'line': b'-- Execute custom install script\n'}
[15.273489] (shell_interfaces) StdoutLine: {'line': b'-- Symlinking: /home/esraamustafa/path_planning/Path_Planning_Shell_AI/ros2_sim/install/shell_interfaces/share/ament_index/resource_index/rosidl_interfaces/shell_interfaces\n'}
[15.282953] (-) TimerEvent: {}
[15.285487] (shell_interfaces) StdoutLine: {'line': b'-- Symlinking: /home/esraamustafa/path_planning/Path_Planning_Shell_AI/ros2_sim/install/shell_interfaces/include/shell_interfaces/shell_interfaces/msg/detail/trajectory__functions.h\n'}
[15.299602] (shell_interfaces) StdoutLine: {'line': b'-- Symlinking: /home/esraamustafa/path_planning/Path_Planning_Shell_AI/ros2_sim/install/shell_interfaces/include/shell_interfaces/shell_interfaces/msg/detail/trajectory__struct.h\n'}
[15.315253] (shell_interfaces) StdoutLine: {'line': b'-- Symlinking: /home/esraamustafa/path_planning/Path_Planning_Shell_AI/ros2_sim/install/shell_interfaces/include/shell_interfaces/shell_interfaces/msg/detail/trajectory__type_support.h\n'}
[15.331550] (shell_interfaces) StdoutLine: {'line': b'-- Symlinking: /home/esraamustafa/path_planning/Path_Planning_Shell_AI/ros2_sim/install/shell_interfaces/include/shell_interfaces/shell_interfaces/msg/detail/trajectory_point__functions.h\n'}
[15.343840] (shell_interfaces) StdoutLine: {'line': b'-- Symlinking: /home/esraamustafa/path_planning/Path_Planning_Shell_AI/ros2_sim/install/shell_interfaces/include/shell_interfaces/shell_interfaces/msg/detail/trajectory_point__struct.h\n'}
[15.359746] (shell_interfaces) StdoutLine: {'line': b'-- Symlinking: /home/esraamustafa/path_planning/Path_Planning_Shell_AI/ros2_sim/install/shell_interfaces/include/shell_interfaces/shell_interfaces/msg/detail/trajectory_point__type_support.h\n'}
[15.372459] (shell_interfaces) StdoutLine: {'line': b'-- Symlinking: /home/esraamustafa/path_planning/Path_Planning_Shell_AI/ros2_sim/install/shell_interfaces/include/shell_interfaces/shell_interfaces/msg/rosidl_generator_c__visibility_control.h\n'}
[15.383258] (-) TimerEvent: {}
[15.384200] (shell_interfaces) StdoutLine: {'line': b'-- Symlinking: /home/esraamustafa/path_planning/Path_Planning_Shell_AI/ros2_sim/install/shell_interfaces/include/shell_interfaces/shell_interfaces/msg/trajectory.h\n'}
[15.404459] (shell_interfaces) StdoutLine: {'line': b'-- Symlinking: /home/esraamustafa/path_planning/Path_Planning_Shell_AI/ros2_sim/install/shell_interfaces/include/shell_interfaces/shell_interfaces/msg/trajectory_point.h\n'}
[15.418694] (shell_interfaces) StdoutLine: {'line': b'-- Symlinking: /home/esraamustafa/path_planning/Path_Planning_Shell_AI/ros2_sim/install/shell_interfaces/share/shell_interfaces/environment/library_path.sh\n'}
[15.431561] (shell_interfaces) StdoutLine: {'line': b'-- Symlinking: /home/esraamustafa/path_planning/Path_Planning_Shell_AI/ros2_sim/install/shell_interfaces/share/shell_interfaces/environment/library_path.dsv\n'}
[15.442158] (shell_interfaces) StdoutLine: {'line': b'-- Symlinking: /home/esraamustafa/path_planning/Path_Planning_Shell_AI/ros2_sim/install/shell_interfaces/include/shell_interfaces/shell_interfaces/msg/detail/trajectory__rosidl_typesupport_fastrtps_c.h\n'}
[15.454664] (shell_interfaces) StdoutLine: {'line': b'-- Symlinking: /home/esraamustafa/path_planning/Path_Planning_Shell_AI/ros2_sim/install/shell_interfaces/include/shell_interfaces/shell_interfaces/msg/detail/trajectory_point__rosidl_typesupport_fastrtps_c.h\n'}
[15.465818] (shell_interfaces) StdoutLine: {'line': b'-- Symlinking: /home/esraamustafa/path_planning/Path_Planning_Shell_AI/ros2_sim/install/shell_interfaces/include/shell_interfaces/shell_interfaces/msg/rosidl_typesupport_fastrtps_c__visibility_control.h\n'}
[15.477486] (shell_interfaces) StdoutLine: {'line': b'-- Symlinking: /home/esraamustafa/path_planning/Path_Planning_Shell_AI/ros2_sim/install/shell_interfaces/include/shell_interfaces/shell_interfaces/msg/detail/trajectory__rosidl_typesupport_introspection_c.h\n'}
[15.483500] (-) TimerEvent: {}
[15.490165] (shell_interfaces) StdoutLine: {'line': b'-- Symlinking: /home/esraamustafa/path_planning/Path_Planning_Shell_AI/ros2_sim/install/shell_interfaces/include/shell_interfaces/shell_interfaces/msg/detail/trajectory_point__rosidl_typesupport_introspection_c.h\n'}
[15.502770] (shell_interfaces) StdoutLine: {'line': b'-- Symlinking: /home/esraamustafa/path_planning/Path_Planning_Shell_AI/ros2_sim/install/shell_interfaces/include/shell_interfaces/shell_interfaces/msg/rosidl_typesupport_introspection_c__visibility_control.h\n'}
[15.521273] (shell_interfaces) StdoutLine: {'line': b'-- Symlinking: /home/esraamustafa/path_planning/Path_Planning_Shell_AI/ros2_sim/install/shell_interfaces/include/shell_interfaces/shell_interfaces/msg/detail/trajectory__builder.hpp\n'}
[15.539864] (shell_interfaces) StdoutLine: {'line': b'-- Symlinking: /home/esraamustafa/path_planning/Path_Planning_Shell_AI/ros2_sim/install/shell_interfaces/include/shell_interfaces/shell_interfaces/msg/detail/trajectory__struct.hpp\n'}
[15.552870] (shell_interfaces) StdoutLine: {'line': b'-- Symlinking: /home/esraamustafa/path_planning/Path_Planning_Shell_AI/ros2_sim/install/shell_interfaces/include/shell_interfaces/shell_interfaces/msg/detail/trajectory__traits.hpp\n'}
[15.567475] (shell_interfaces) StdoutLine: {'line': b'-- Symlinking: /home/esraamustafa/path_planning/Path_Planning_Shell_AI/ros2_sim/install/shell_interfaces/include/shell_interfaces/shell_interfaces/msg/detail/trajectory__type_support.hpp\n'}
[15.581522] (shell_interfaces) StdoutLine: {'line': b'-- Symlinking: /home/esraamustafa/path_planning/Path_Planning_Shell_AI/ros2_sim/install/shell_interfaces/include/shell_interfaces/shell_interfaces/msg/detail/trajectory_point__builder.hpp\n'}
[15.583896] (-) TimerEvent: {}
[15.596001] (shell_interfaces) StdoutLine: {'line': b'-- Symlinking: /home/esraamustafa/path_planning/Path_Planning_Shell_AI/ros2_sim/install/shell_interfaces/include/shell_interfaces/shell_interfaces/msg/detail/trajectory_point__struct.hpp\n'}
[15.613223] (shell_interfaces) StdoutLine: {'line': b'-- Symlinking: /home/esraamustafa/path_planning/Path_Planning_Shell_AI/ros2_sim/install/shell_interfaces/include/shell_interfaces/shell_interfaces/msg/detail/trajectory_point__traits.hpp\n'}
[15.626021] (shell_interfaces) StdoutLine: {'line': b'-- Symlinking: /home/esraamustafa/path_planning/Path_Planning_Shell_AI/ros2_sim/install/shell_interfaces/include/shell_interfaces/shell_interfaces/msg/detail/trajectory_point__type_support.hpp\n'}
[15.638138] (shell_interfaces) StdoutLine: {'line': b'-- Symlinking: /home/esraamustafa/path_planning/Path_Planning_Shell_AI/ros2_sim/install/shell_interfaces/include/shell_interfaces/shell_interfaces/msg/rosidl_generator_cpp__visibility_control.hpp\n'}
[15.654949] (shell_interfaces) StdoutLine: {'line': b'-- Symlinking: /home/esraamustafa/path_planning/Path_Planning_Shell_AI/ros2_sim/install/shell_interfaces/include/shell_interfaces/shell_interfaces/msg/trajectory.hpp\n'}
[15.665251] (shell_interfaces) StdoutLine: {'line': b'-- Symlinking: /home/esraamustafa/path_planning/Path_Planning_Shell_AI/ros2_sim/install/shell_interfaces/include/shell_interfaces/shell_interfaces/msg/trajectory_point.hpp\n'}
[15.678387] (shell_interfaces) StdoutLine: {'line': b'-- Symlinking: /home/esraamustafa/path_planning/Path_Planning_Shell_AI/ros2_sim/install/shell_interfaces/include/shell_interfaces/shell_interfaces/msg/detail/trajectory__rosidl_typesupport_fastrtps_cpp.hpp\n'}
[15.684080] (-) TimerEvent: {}
[15.689343] (shell_interfaces) StdoutLine: {'line': b'-- Symlinking: /home/esraamustafa/path_planning/Path_Planning_Shell_AI/ros2_sim/install/shell_interfaces/include/shell_interfaces/shell_interfaces/msg/detail/trajectory_point__rosidl_typesupport_fastrtps_cpp.hpp\n'}
[15.700501] (shell_interfaces) StdoutLine: {'line': b'-- Symlinking: /home/esraamustafa/path_planning/Path_Planning_Shell_AI/ros2_sim/install/shell_interfaces/include/shell_interfaces/shell_interfaces/msg/rosidl_typesupport_fastrtps_cpp__visibility_control.h\n'}
[15.715285] (shell_interfaces) StdoutLine: {'line': b'-- Symlinking: /home/esraamustafa/path_planning/Path_Planning_Shell_AI/ros2_sim/install/shell_interfaces/include/shell_interfaces/shell_interfaces/msg/detail/trajectory__rosidl_typesupport_introspection_cpp.hpp\n'}
[15.726255] (shell_interfaces) StdoutLine: {'line': b'-- Symlinking: /home/esraamustafa/path_planning/Path_Planning_Shell_AI/ros2_sim/install/shell_interfaces/include/shell_interfaces/shell_interfaces/msg/detail/trajectory_point__rosidl_typesupport_introspection_cpp.hpp\n'}
[15.736692] (shell_interfaces) StdoutLine: {'line': b'-- Symlinking: /home/esraamustafa/path_planning/Path_Planning_Shell_AI/ros2_sim/install/shell_interfaces/share/shell_interfaces/environment/pythonpath.sh\n'}
[15.748216] (shell_interfaces) StdoutLine: {'line': b'-- Symlinking: /home/esraamustafa/path_planning/Path_Planning_Shell_AI/ros2_sim/install/shell_interfaces/share/shell_interfaces/environment/pythonpath.dsv\n'}
[15.761253] (shell_interfaces) StdoutLine: {'line': b'-- Symlinking: /home/esraamustafa/path_planning/Path_Planning_Shell_AI/ros2_sim/install/shell_interfaces/local/lib/python3.10/dist-packages/shell_interfaces-0.0.0-py3.10.egg-info/PKG-INFO\n'}
[15.772260] (shell_interfaces) StdoutLine: {'line': b'-- Symlinking: /home/esraamustafa/path_planning/Path_Planning_Shell_AI/ros2_sim/install/shell_interfaces/local/lib/python3.10/dist-packages/shell_interfaces-0.0.0-py3.10.egg-info/SOURCES.txt\n'}
[15.782744] (shell_interfaces) StdoutLine: {'line': b'-- Symlinking: /home/esraamustafa/path_planning/Path_Planning_Shell_AI/ros2_sim/install/shell_interfaces/local/lib/python3.10/dist-packages/shell_interfaces-0.0.0-py3.10.egg-info/dependency_links.txt\n'}
[15.784251] (-) TimerEvent: {}
[15.795749] (shell_interfaces) StdoutLine: {'line': b'-- Symlinking: /home/esraamustafa/path_planning/Path_Planning_Shell_AI/ros2_sim/install/shell_interfaces/local/lib/python3.10/dist-packages/shell_interfaces-0.0.0-py3.10.egg-info/top_level.txt\n'}
[15.816297] (shell_interfaces) StdoutLine: {'line': b'-- Symlinking: /home/esraamustafa/path_planning/Path_Planning_Shell_AI/ros2_sim/install/shell_interfaces/local/lib/python3.10/dist-packages/shell_interfaces/__init__.py\n'}
[15.830893] (shell_interfaces) StdoutLine: {'line': b'-- Symlinking: /home/esraamustafa/path_planning/Path_Planning_Shell_AI/ros2_sim/install/shell_interfaces/local/lib/python3.10/dist-packages/shell_interfaces/_shell_interfaces_s.ep.rosidl_typesupport_c.c\n'}
[15.843911] (shell_interfaces) StdoutLine: {'line': b'-- Symlinking: /home/esraamustafa/path_planning/Path_Planning_Shell_AI/ros2_sim/install/shell_interfaces/local/lib/python3.10/dist-packages/shell_interfaces/_shell_interfaces_s.ep.rosidl_typesupport_fastrtps_c.c\n'}
[15.855155] (shell_interfaces) StdoutLine: {'line': b'-- Symlinking: /home/esraamustafa/path_planning/Path_Planning_Shell_AI/ros2_sim/install/shell_interfaces/local/lib/python3.10/dist-packages/shell_interfaces/_shell_interfaces_s.ep.rosidl_typesupport_introspection_c.c\n'}
[15.869968] (shell_interfaces) StdoutLine: {'line': b'-- Symlinking: /home/esraamustafa/path_planning/Path_Planning_Shell_AI/ros2_sim/install/shell_interfaces/local/lib/python3.10/dist-packages/shell_interfaces/libshell_interfaces__rosidl_generator_py.so\n'}
[15.884216] (shell_interfaces) StdoutLine: {'line': b'-- Symlinking: /home/esraamustafa/path_planning/Path_Planning_Shell_AI/ros2_sim/install/shell_interfaces/local/lib/python3.10/dist-packages/shell_interfaces/msg/__init__.py\n'}
[15.884616] (-) TimerEvent: {}
[15.898218] (shell_interfaces) StdoutLine: {'line': b'-- Symlinking: /home/esraamustafa/path_planning/Path_Planning_Shell_AI/ros2_sim/install/shell_interfaces/local/lib/python3.10/dist-packages/shell_interfaces/msg/_trajectory.py\n'}
[15.913137] (shell_interfaces) StdoutLine: {'line': b'-- Symlinking: /home/esraamustafa/path_planning/Path_Planning_Shell_AI/ros2_sim/install/shell_interfaces/local/lib/python3.10/dist-packages/shell_interfaces/msg/_trajectory_point.py\n'}
[15.923100] (shell_interfaces) StdoutLine: {'line': b'-- Symlinking: /home/esraamustafa/path_planning/Path_Planning_Shell_AI/ros2_sim/install/shell_interfaces/local/lib/python3.10/dist-packages/shell_interfaces/msg/_trajectory_point_s.c\n'}
[15.938163] (shell_interfaces) StdoutLine: {'line': b'-- Symlinking: /home/esraamustafa/path_planning/Path_Planning_Shell_AI/ros2_sim/install/shell_interfaces/local/lib/python3.10/dist-packages/shell_interfaces/msg/_trajectory_s.c\n'}
[15.950042] (shell_interfaces) StdoutLine: {'line': b'-- Symlinking: /home/esraamustafa/path_planning/Path_Planning_Shell_AI/ros2_sim/install/shell_interfaces/local/lib/python3.10/dist-packages/shell_interfaces/shell_interfaces_s__rosidl_typesupport_c.cpython-310-x86_64-linux-gnu.so\n'}
[15.961816] (shell_interfaces) StdoutLine: {'line': b'-- Symlinking: /home/esraamustafa/path_planning/Path_Planning_Shell_AI/ros2_sim/install/shell_interfaces/local/lib/python3.10/dist-packages/shell_interfaces/shell_interfaces_s__rosidl_typesupport_fastrtps_c.cpython-310-x86_64-linux-gnu.so\n'}
[15.972798] (shell_interfaces) StdoutLine: {'line': b'-- Symlinking: /home/esraamustafa/path_planning/Path_Planning_Shell_AI/ros2_sim/install/shell_interfaces/local/lib/python3.10/dist-packages/shell_interfaces/shell_interfaces_s__rosidl_typesupport_introspection_c.cpython-310-x86_64-linux-gnu.so\n'}
[15.984905] (-) TimerEvent: {}
[15.987138] (shell_interfaces) StdoutLine: {'line': b'-- Up-to-date symlink: /home/esraamustafa/path_planning/Path_Planning_Shell_AI/ros2_sim/install/shell_interfaces/local/lib/python3.10/dist-packages/shell_interfaces/shell_interfaces_s__rosidl_typesupport_fastrtps_c.cpython-310-x86_64-linux-gnu.so\n'}
[15.988047] (shell_interfaces) StdoutLine: {'line': b'-- Up-to-date symlink: /home/esraamustafa/path_planning/Path_Planning_Shell_AI/ros2_sim/install/shell_interfaces/local/lib/python3.10/dist-packages/shell_interfaces/shell_interfaces_s__rosidl_typesupport_introspection_c.cpython-310-x86_64-linux-gnu.so\n'}
[15.988677] (shell_interfaces) StdoutLine: {'line': b'-- Up-to-date symlink: /home/esraamustafa/path_planning/Path_Planning_Shell_AI/ros2_sim/install/shell_interfaces/local/lib/python3.10/dist-packages/shell_interfaces/shell_interfaces_s__rosidl_typesupport_c.cpython-310-x86_64-linux-gnu.so\n'}
[15.989041] (shell_interfaces) StdoutLine: {'line': b'-- Symlinking: /home/esraamustafa/path_planning/Path_Planning_Shell_AI/ros2_sim/install/shell_interfaces/share/shell_interfaces/msg/TrajectoryPoint.idl\n'}
[16.005406] (shell_interfaces) StdoutLine: {'line': b'-- Symlinking: /home/esraamustafa/path_planning/Path_Planning_Shell_AI/ros2_sim/install/shell_interfaces/share/shell_interfaces/msg/Trajectory.idl\n'}
[16.018052] (shell_interfaces) StdoutLine: {'line': b'-- Symlinking: /home/esraamustafa/path_planning/Path_Planning_Shell_AI/ros2_sim/install/shell_interfaces/share/shell_interfaces/msg/TrajectoryPoint.msg\n'}
[16.029169] (shell_interfaces) StdoutLine: {'line': b'-- Symlinking: /home/esraamustafa/path_planning/Path_Planning_Shell_AI/ros2_sim/install/shell_interfaces/share/shell_interfaces/msg/Trajectory.msg\n'}
[16.039966] (shell_interfaces) StdoutLine: {'line': b'-- Symlinking: /home/esraamustafa/path_planning/Path_Planning_Shell_AI/ros2_sim/install/shell_interfaces/share/ament_index/resource_index/package_run_dependencies/shell_interfaces\n'}
[16.051468] (shell_interfaces) StdoutLine: {'line': b'-- Symlinking: /home/esraamustafa/path_planning/Path_Planning_Shell_AI/ros2_sim/install/shell_interfaces/share/ament_index/resource_index/parent_prefix_path/shell_interfaces\n'}
[16.064882] (shell_interfaces) StdoutLine: {'line': b'-- Symlinking: /home/esraamustafa/path_planning/Path_Planning_Shell_AI/ros2_sim/install/shell_interfaces/share/shell_interfaces/environment/ament_prefix_path.sh\n'}
[16.076027] (shell_interfaces) StdoutLine: {'line': b'-- Symlinking: /home/esraamustafa/path_planning/Path_Planning_Shell_AI/ros2_sim/install/shell_interfaces/share/shell_interfaces/environment/ament_prefix_path.dsv\n'}
[16.085284] (-) TimerEvent: {}
[16.086782] (shell_interfaces) StdoutLine: {'line': b'-- Symlinking: /home/esraamustafa/path_planning/Path_Planning_Shell_AI/ros2_sim/install/shell_interfaces/share/shell_interfaces/environment/path.sh\n'}
[16.098850] (shell_interfaces) StdoutLine: {'line': b'-- Symlinking: /home/esraamustafa/path_planning/Path_Planning_Shell_AI/ros2_sim/install/shell_interfaces/share/shell_interfaces/environment/path.dsv\n'}
[16.110949] (shell_interfaces) StdoutLine: {'line': b'-- Symlinking: /home/esraamustafa/path_planning/Path_Planning_Shell_AI/ros2_sim/install/shell_interfaces/share/shell_interfaces/local_setup.bash\n'}
[16.122930] (shell_interfaces) StdoutLine: {'line': b'-- Symlinking: /home/esraamustafa/path_planning/Path_Planning_Shell_AI/ros2_sim/install/shell_interfaces/share/shell_interfaces/local_setup.sh\n'}
[16.134708] (shell_interfaces) StdoutLine: {'line': b'-- Symlinking: /home/esraamustafa/path_planning/Path_Planning_Shell_AI/ros2_sim/install/shell_interfaces/share/shell_interfaces/local_setup.zsh\n'}
[16.145456] (shell_interfaces) StdoutLine: {'line': b'-- Symlinking: /home/esraamustafa/path_planning/Path_Planning_Shell_AI/ros2_sim/install/shell_interfaces/share/shell_interfaces/local_setup.dsv\n'}
[16.157538] (shell_interfaces) StdoutLine: {'line': b'-- Symlinking: /home/esraamustafa/path_planning/Path_Planning_Shell_AI/ros2_sim/install/shell_interfaces/share/shell_interfaces/package.dsv\n'}
[16.169219] (shell_interfaces) StdoutLine: {'line': b'-- Symlinking: /home/esraamustafa/path_planning/Path_Planning_Shell_AI/ros2_sim/install/shell_interfaces/share/ament_index/resource_index/packages/shell_interfaces\n'}
[16.179898] (shell_interfaces) StdoutLine: {'line': b'-- Symlinking: /home/esraamustafa/path_planning/Path_Planning_Shell_AI/ros2_sim/install/shell_interfaces/share/shell_interfaces/cmake/rosidl_cmake-extras.cmake\n'}
[16.185566] (-) TimerEvent: {}
[16.191415] (shell_interfaces) StdoutLine: {'line': b'-- Symlinking: /home/esraamustafa/path_planning/Path_Planning_Shell_AI/ros2_sim/install/shell_interfaces/share/shell_interfaces/cmake/ament_cmake_export_include_directories-extras.cmake\n'}
[16.203823] (shell_interfaces) StdoutLine: {'line': b'-- Symlinking: /home/esraamustafa/path_planning/Path_Planning_Shell_AI/ros2_sim/install/shell_interfaces/share/shell_interfaces/cmake/ament_cmake_export_libraries-extras.cmake\n'}
[16.217206] (shell_interfaces) StdoutLine: {'line': b'-- Symlinking: /home/esraamustafa/path_planning/Path_Planning_Shell_AI/ros2_sim/install/shell_interfaces/share/shell_interfaces/cmake/ament_cmake_export_targets-extras.cmake\n'}
[16.231672] (shell_interfaces) StdoutLine: {'line': b'-- Symlinking: /home/esraamustafa/path_planning/Path_Planning_Shell_AI/ros2_sim/install/shell_interfaces/share/shell_interfaces/cmake/rosidl_cmake_export_typesupport_targets-extras.cmake\n'}
[16.248086] (shell_interfaces) StdoutLine: {'line': b'-- Symlinking: /home/esraamustafa/path_planning/Path_Planning_Shell_AI/ros2_sim/install/shell_interfaces/share/shell_interfaces/cmake/ament_cmake_export_dependencies-extras.cmake\n'}
[16.262744] (shell_interfaces) StdoutLine: {'line': b'-- Symlinking: /home/esraamustafa/path_planning/Path_Planning_Shell_AI/ros2_sim/install/shell_interfaces/share/shell_interfaces/cmake/rosidl_cmake_export_typesupport_libraries-extras.cmake\n'}
[16.274416] (shell_interfaces) StdoutLine: {'line': b'-- Symlinking: /home/esraamustafa/path_planning/Path_Planning_Shell_AI/ros2_sim/install/shell_interfaces/share/shell_interfaces/cmake/shell_interfacesConfig.cmake\n'}
[16.285760] (-) TimerEvent: {}
[16.287353] (shell_interfaces) StdoutLine: {'line': b'-- Symlinking: /home/esraamustafa/path_planning/Path_Planning_Shell_AI/ros2_sim/install/shell_interfaces/share/shell_interfaces/cmake/shell_interfacesConfig-version.cmake\n'}
[16.299422] (shell_interfaces) StdoutLine: {'line': b'-- Symlinking: /home/esraamustafa/path_planning/Path_Planning_Shell_AI/ros2_sim/install/shell_interfaces/share/shell_interfaces/package.xml\n'}
[16.312767] (shell_interfaces) StdoutLine: {'line': b'-- Installing: /home/esraamustafa/path_planning/Path_Planning_Shell_AI/ros2_sim/install/shell_interfaces/lib/libshell_interfaces__rosidl_generator_c.so\n'}
[16.314634] (shell_interfaces) StdoutLine: {'line': b'-- Set runtime path of "/home/esraamustafa/path_planning/Path_Planning_Shell_AI/ros2_sim/install/shell_interfaces/lib/libshell_interfaces__rosidl_generator_c.so" to ""\n'}
[16.315589] (shell_interfaces) StdoutLine: {'line': b'-- Installing: /home/esraamustafa/path_planning/Path_Planning_Shell_AI/ros2_sim/install/shell_interfaces/lib/libshell_interfaces__rosidl_typesupport_fastrtps_c.so\n'}
[16.316474] (shell_interfaces) StdoutLine: {'line': b'-- Set runtime path of "/home/esraamustafa/path_planning/Path_Planning_Shell_AI/ros2_sim/install/shell_interfaces/lib/libshell_interfaces__rosidl_typesupport_fastrtps_c.so" to ""\n'}
[16.317671] (shell_interfaces) StdoutLine: {'line': b'-- Installing: /home/esraamustafa/path_planning/Path_Planning_Shell_AI/ros2_sim/install/shell_interfaces/lib/libshell_interfaces__rosidl_typesupport_introspection_c.so\n'}
[16.317804] (shell_interfaces) StdoutLine: {'line': b'-- Set runtime path of "/home/esraamustafa/path_planning/Path_Planning_Shell_AI/ros2_sim/install/shell_interfaces/lib/libshell_interfaces__rosidl_typesupport_introspection_c.so" to ""\n'}
[16.317857] (shell_interfaces) StdoutLine: {'line': b'-- Installing: /home/esraamustafa/path_planning/Path_Planning_Shell_AI/ros2_sim/install/shell_interfaces/lib/libshell_interfaces__rosidl_typesupport_c.so\n'}
[16.317904] (shell_interfaces) StdoutLine: {'line': b'-- Set runtime path of "/home/esraamustafa/path_planning/Path_Planning_Shell_AI/ros2_sim/install/shell_interfaces/lib/libshell_interfaces__rosidl_typesupport_c.so" to ""\n'}
[16.317954] (shell_interfaces) StdoutLine: {'line': b'-- Installing: /home/esraamustafa/path_planning/Path_Planning_Shell_AI/ros2_sim/install/shell_interfaces/lib/libshell_interfaces__rosidl_typesupport_fastrtps_cpp.so\n'}
[16.318017] (shell_interfaces) StdoutLine: {'line': b'-- Set runtime path of "/home/esraamustafa/path_planning/Path_Planning_Shell_AI/ros2_sim/install/shell_interfaces/lib/libshell_interfaces__rosidl_typesupport_fastrtps_cpp.so" to ""\n'}
[16.318082] (shell_interfaces) StdoutLine: {'line': b'-- Installing: /home/esraamustafa/path_planning/Path_Planning_Shell_AI/ros2_sim/install/shell_interfaces/lib/libshell_interfaces__rosidl_typesupport_introspection_cpp.so\n'}
[16.318134] (shell_interfaces) StdoutLine: {'line': b'-- Set runtime path of "/home/esraamustafa/path_planning/Path_Planning_Shell_AI/ros2_sim/install/shell_interfaces/lib/libshell_interfaces__rosidl_typesupport_introspection_cpp.so" to ""\n'}
[16.318177] (shell_interfaces) StdoutLine: {'line': b'-- Installing: /home/esraamustafa/path_planning/Path_Planning_Shell_AI/ros2_sim/install/shell_interfaces/lib/libshell_interfaces__rosidl_typesupport_cpp.so\n'}
[16.318220] (shell_interfaces) StdoutLine: {'line': b'-- Set runtime path of "/home/esraamustafa/path_planning/Path_Planning_Shell_AI/ros2_sim/install/shell_interfaces/lib/libshell_interfaces__rosidl_typesupport_cpp.so" to ""\n'}
[16.364305] (shell_interfaces) StdoutLine: {'line': b"Listing '/home/esraamustafa/path_planning/Path_Planning_Shell_AI/ros2_sim/install/shell_interfaces/local/lib/python3.10/dist-packages/shell_interfaces'...\n"}
[16.364568] (shell_interfaces) StdoutLine: {'line': b"Compiling '/home/esraamustafa/path_planning/Path_Planning_Shell_AI/ros2_sim/install/shell_interfaces/local/lib/python3.10/dist-packages/shell_interfaces/__init__.py'...\n"}
[16.364646] (shell_interfaces) StdoutLine: {'line': b"Listing '/home/esraamustafa/path_planning/Path_Planning_Shell_AI/ros2_sim/install/shell_interfaces/local/lib/python3.10/dist-packages/shell_interfaces/msg'...\n"}
[16.364697] (shell_interfaces) StdoutLine: {'line': b"Compiling '/home/esraamustafa/path_planning/Path_Planning_Shell_AI/ros2_sim/install/shell_interfaces/local/lib/python3.10/dist-packages/shell_interfaces/msg/__init__.py'...\n"}
[16.364749] (shell_interfaces) StdoutLine: {'line': b"Compiling '/home/esraamustafa/path_planning/Path_Planning_Shell_AI/ros2_sim/install/shell_interfaces/local/lib/python3.10/dist-packages/shell_interfaces/msg/_trajectory.py'...\n"}
[16.364798] (shell_interfaces) StdoutLine: {'line': b"Compiling '/home/esraamustafa/path_planning/Path_Planning_Shell_AI/ros2_sim/install/shell_interfaces/local/lib/python3.10/dist-packages/shell_interfaces/msg/_trajectory_point.py'...\n"}
[16.372586] (shell_interfaces) StdoutLine: {'line': b'-- Installing: /home/esraamustafa/path_planning/Path_Planning_Shell_AI/ros2_sim/install/shell_interfaces/lib/libshell_interfaces__rosidl_generator_py.so\n'}
[16.373460] (shell_interfaces) StdoutLine: {'line': b'-- Set runtime path of "/home/esraamustafa/path_planning/Path_Planning_Shell_AI/ros2_sim/install/shell_interfaces/lib/libshell_interfaces__rosidl_generator_py.so" to ""\n'}
[16.374096] (shell_interfaces) StdoutLine: {'line': b'-- Installing: /home/esraamustafa/path_planning/Path_Planning_Shell_AI/ros2_sim/install/shell_interfaces/share/shell_interfaces/cmake/export_shell_interfaces__rosidl_generator_cExport.cmake\n'}
[16.375151] (shell_interfaces) StdoutLine: {'line': b'-- Installing: /home/esraamustafa/path_planning/Path_Planning_Shell_AI/ros2_sim/install/shell_interfaces/share/shell_interfaces/cmake/export_shell_interfaces__rosidl_generator_cExport-noconfig.cmake\n'}
[16.375638] (shell_interfaces) StdoutLine: {'line': b'-- Installing: /home/esraamustafa/path_planning/Path_Planning_Shell_AI/ros2_sim/install/shell_interfaces/share/shell_interfaces/cmake/export_shell_interfaces__rosidl_typesupport_fastrtps_cExport.cmake\n'}
[16.376172] (shell_interfaces) StdoutLine: {'line': b'-- Installing: /home/esraamustafa/path_planning/Path_Planning_Shell_AI/ros2_sim/install/shell_interfaces/share/shell_interfaces/cmake/export_shell_interfaces__rosidl_typesupport_fastrtps_cExport-noconfig.cmake\n'}
[16.376641] (shell_interfaces) StdoutLine: {'line': b'-- Installing: /home/esraamustafa/path_planning/Path_Planning_Shell_AI/ros2_sim/install/shell_interfaces/share/shell_interfaces/cmake/shell_interfaces__rosidl_typesupport_introspection_cExport.cmake\n'}
[16.377250] (shell_interfaces) StdoutLine: {'line': b'-- Installing: /home/esraamustafa/path_planning/Path_Planning_Shell_AI/ros2_sim/install/shell_interfaces/share/shell_interfaces/cmake/shell_interfaces__rosidl_typesupport_introspection_cExport-noconfig.cmake\n'}
[16.377742] (shell_interfaces) StdoutLine: {'line': b'-- Installing: /home/esraamustafa/path_planning/Path_Planning_Shell_AI/ros2_sim/install/shell_interfaces/share/shell_interfaces/cmake/shell_interfaces__rosidl_typesupport_cExport.cmake\n'}
[16.378245] (shell_interfaces) StdoutLine: {'line': b'-- Installing: /home/esraamustafa/path_planning/Path_Planning_Shell_AI/ros2_sim/install/shell_interfaces/share/shell_interfaces/cmake/shell_interfaces__rosidl_typesupport_cExport-noconfig.cmake\n'}
[16.378377] (shell_interfaces) StdoutLine: {'line': b'-- Installing: /home/esraamustafa/path_planning/Path_Planning_Shell_AI/ros2_sim/install/shell_interfaces/share/shell_interfaces/cmake/export_shell_interfaces__rosidl_generator_cppExport.cmake\n'}
[16.379763] (shell_interfaces) StdoutLine: {'line': b'-- Installing: /home/esraamustafa/path_planning/Path_Planning_Shell_AI/ros2_sim/install/shell_interfaces/share/shell_interfaces/cmake/export_shell_interfaces__rosidl_typesupport_fastrtps_cppExport.cmake\n'}
[16.380321] (shell_interfaces) StdoutLine: {'line': b'-- Installing: /home/esraamustafa/path_planning/Path_Planning_Shell_AI/ros2_sim/install/shell_interfaces/share/shell_interfaces/cmake/export_shell_interfaces__rosidl_typesupport_fastrtps_cppExport-noconfig.cmake\n'}
[16.380440] (shell_interfaces) StdoutLine: {'line': b'-- Installing: /home/esraamustafa/path_planning/Path_Planning_Shell_AI/ros2_sim/install/shell_interfaces/share/shell_interfaces/cmake/shell_interfaces__rosidl_typesupport_introspection_cppExport.cmake\n'}
[16.380527] (shell_interfaces) StdoutLine: {'line': b'-- Installing: /home/esraamustafa/path_planning/Path_Planning_Shell_AI/ros2_sim/install/shell_interfaces/share/shell_interfaces/cmake/shell_interfaces__rosidl_typesupport_introspection_cppExport-noconfig.cmake\n'}
[16.380589] (shell_interfaces) StdoutLine: {'line': b'-- Installing: /home/esraamustafa/path_planning/Path_Planning_Shell_AI/ros2_sim/install/shell_interfaces/share/shell_interfaces/cmake/shell_interfaces__rosidl_typesupport_cppExport.cmake\n'}
[16.383135] (shell_interfaces) StdoutLine: {'line': b'-- Installing: /home/esraamustafa/path_planning/Path_Planning_Shell_AI/ros2_sim/install/shell_interfaces/share/shell_interfaces/cmake/shell_interfaces__rosidl_typesupport_cppExport-noconfig.cmake\n'}
[16.386059] (-) TimerEvent: {}
[16.386959] (shell_interfaces) StdoutLine: {'line': b'-- Installing: /home/esraamustafa/path_planning/Path_Planning_Shell_AI/ros2_sim/install/shell_interfaces/share/shell_interfaces/cmake/export_shell_interfaces__rosidl_generator_pyExport.cmake\n'}
[16.387141] (shell_interfaces) StdoutLine: {'line': b'-- Installing: /home/esraamustafa/path_planning/Path_Planning_Shell_AI/ros2_sim/install/shell_interfaces/share/shell_interfaces/cmake/export_shell_interfaces__rosidl_generator_pyExport-noconfig.cmake\n'}
[16.387213] (shell_interfaces) CommandEnded: {'returncode': 0}
[16.414212] (shell_interfaces) JobEnded: {'identifier': 'shell_interfaces', 'rc': 0}
[16.415827] (shell_test_nodes) JobStarted: {'identifier': 'shell_test_nodes'}
[16.424784] (shell_visualization) JobStarted: {'identifier': 'shell_visualization'}
[16.486510] (-) TimerEvent: {}
[16.587086] (-) TimerEvent: {}
[16.687972] (-) TimerEvent: {}
[16.788913] (-) TimerEvent: {}
[16.890403] (-) TimerEvent: {}
[16.991009] (-) TimerEvent: {}
[17.091809] (-) TimerEvent: {}
[17.192457] (-) TimerEvent: {}
[17.293028] (-) TimerEvent: {}
[17.393514] (-) TimerEvent: {}
[17.494707] (-) TimerEvent: {}
[17.595843] (-) TimerEvent: {}
[17.696506] (-) TimerEvent: {}
[17.744792] (shell_test_nodes) Command: {'cmd': ['/usr/bin/python3', '-W', 'ignore:setup.py install is deprecated', '-W', 'ignore:easy_install command is deprecated', 'setup.py', 'develop', '--editable', '--build-directory', '/home/esraamustafa/path_planning/Path_Planning_Shell_AI/ros2_sim/build/shell_test_nodes/build', '--no-deps'], 'cwd': '/home/esraamustafa/path_planning/Path_Planning_Shell_AI/ros2_sim/build/shell_test_nodes', 'env': {'PYTHON_BASIC_REPL': '1', 'LESSOPEN': '| /usr/bin/lesspipe %s', 'USER': 'esraamustafa', 'GIT_ASKPASS': '/home/esraamustafa/.vscode-server/bin/c9d77990917f3102ada88be140d28b038d1dd7c7/extensions/git/dist/askpass.sh', 'SHLVL': '1', 'LD_LIBRARY_PATH': '/home/esraamustafa/path_planning/Path_Planning_Shell_AI/ros2_sim/install/shell_interfaces/lib:/opt/ros/humble/opt/rviz_ogre_vendor/lib:/opt/ros/humble/lib/x86_64-linux-gnu:/opt/ros/humble/lib', 'HOME': '/home/esraamustafa', 'OLDPWD': '/home/esraamustafa/path_planning/Path_Planning_Shell_AI', 'TERM_PROGRAM_VERSION': '1.108.2', 'VSCODE_IPC_HOOK_CLI': '/run/user/1000/vscode-ipc-7043a3ed-b62b-44df-9733-1458a938b1c4.sock', 'ROS_PYTHON_VERSION': '3', 'VSCODE_GIT_ASKPASS_MAIN': '/home/esraamustafa/.vscode-server/bin/c9d77990917f3102ada88be140d28b038d1dd7c7/extensions/git/dist/askpass-main.js', 'VSCODE_GIT_ASKPASS_NODE': '/home/esraamustafa/.vscode-server/bin/c9d77990917f3102ada88be140d28b038d1dd7c7/node', 'PYDEVD_DISABLE_FILE_VALIDATION': '1', 'BUNDLED_DEBUGPY_PATH': '/home/esraamustafa/.vscode-server/extensions/ms-python.debugpy-2025.18.0-linux-x64/bundled/libs/debugpy', 'VSCODE_PYTHON_AUTOACTIVATE_GUARD': '1', 'DBUS_SESSION_BUS_ADDRESS': 'unix:path=/run/user/1000/bus', 'COLORTERM': 'truecolor', 'WSL_DISTRO_NAME': 'Ubuntu-22.04', 'WAYLAND_DISPLAY': 'wayland-0', 'COLCON_PREFIX_PATH': '/home/esraamustafa/path_planning/Path_Planning_Shell_AI/ros2_sim/install', 'ROS_DISTRO': 'humble', 'LOGNAME': 'esraamustafa', 'NAME': 'Esraa', 'WSL_INTEROP': '/run/WSL/465_interop', 'PULSE_SERVER': 'unix:/mnt/wslg/PulseServer', '_': '/usr/bin/colcon', 'ROS_VERSION': '2', 'TERM': 'xterm-256color', 'ROS_LOCALHOST_ONLY': '0', 'PATH': '/home/esraamustafa/.vscode-server/data/User/globalStorage/github.copilot-chat/debugCommand:/home/esraamustafa/.vscode-server/data/User/globalStorage/github.copilot-chat/copilotCli:/home/esraamustafa/.vscode-server/bin/c9d77990917f3102ada88be140d28b038d1dd7c7/bin/remote-cli:/home/esraamustafa/.local/bin:/opt/ros/humble/bin:/usr/local/sbin:/usr/local/bin:/usr/sbin:/usr/bin:/sbin:/bin:/usr/games:/usr/local/games:/usr/lib/wsl/lib:/mnt/c/Program Files/Common Files/Oracle/Java/javapath:/mnt/c/Users/esraa/AppData/Local/Programs/Python/Python312/Scripts/:/mnt/c/Users/esraa/AppData/Local/Programs/Python/Python312/:/mnt/c/WINDOWS/system32:/mnt/c/WINDOWS:/mnt/c/WINDOWS/System32/Wbem:/mnt/c/WINDOWS/System32/WindowsPowerShell/v1.0/:/mnt/c/WINDOWS/System32/OpenSSH/:/mnt/c/Program Files/dotnet/:/mnt/c/Program Files/Git/cmd:/mnt/c/Program Files/nodejs/:/mnt/c/ProgramData/chocolatey/bin:/mnt/c/msys64/mingw64/bin:/mnt/c/Program Files/GitHub CLI/:/mnt/c/Program Files/MATLAB/R2024b/bin:/mnt/c/Program Files (x86)/Microsoft SQL Server/160/Tools/Binn/:/mnt/c/Program Files/Microsoft SQL Server/160/Tools/Binn/:/mnt/c/Program Files/Microsoft SQL Server/Client SDK/ODBC/170/Tools/Binn/:/mnt/c/Program Files/Microsoft SQL Server/160/DTS/Binn/:/mnt/c/Program Files/Microsoft SQL Server/150/Tools/Binn/:/mnt/c/Program Files/CMake/bin:/mnt/c/Program Files/Docker/Docker/resources/bin:/mnt/c/xampp/php/php.exe:/mnt/c/Users/esraa/AppData/Local/Programs/Python/Python314/Scripts/:/mnt/c/Users/esraa/AppData/Local/Programs/Python/Python314/:/mnt/c/Users/esraa/AppData/Local/Programs/Python/Launcher/:/mnt/c/Users/esraa/AppData/Local/Microsoft/WindowsApps:/mnt/c/Users/esraa/AppData/Local/Programs/Microsoft_VS_Code/bin:/mnt/c/Users/esraa/AppData/Local/Microsoft/WinGet/Packages/Schniz.fnm_Microsoft.Winget.Source_8wekyb3d8bbwe:/mnt/c/Users/esraa/AppData/Roaming/npm:/mnt/c/Users/esraa/AppData/Local/GitHubDesktop/bin:/mnt/c/Users/esraa/.dotnet/tools:/mnt/d/IntelliJ IDEA 2024.2.3/bin:/mnt/c/Program Files/JetBrains/IntelliJ IDEA Community Edition 2024.2.3/bin:/mnt/c/Program Files/MongoDB/Server/8.2/bin:/mnt/c/Users/esraa/AppData/Local/Programs/mongosh/:/snap/bin:/home/esraamustafa/.vscode-server/extensions/ms-python.debugpy-2025.18.0-linux-x64/bundled/scripts/noConfigScripts', 'XDG_RUNTIME_DIR': '/run/user/1000/', 'DISPLAY': ':0', 'VSCODE_DEBUGPY_ADAPTER_ENDPOINTS': '/home/esraamustafa/.vscode-server/extensions/ms-python.debugpy-2025.18.0-linux-x64/.noConfigDebugAdapterEndpoints/endpoint-9aa057c463a7ace4.txt', 'LANG': 'C.UTF-8', 'PYTHONSTARTUP': '/home/esraamustafa/.vscode-server/data/User/workspaceStorage/9188cf032e28f409f831a5c4cd4238d1/ms-python.python/pythonrc.py', 'LS_COLORS': 'rs=0:di=01;34:ln=01;36:mh=00:pi=40;33:so=01;35:do=01;35:bd=40;33;01:cd=40;33;01:or=40;31;01:mi=00:su=37;41:sg=30;43:ca=30;41:tw=30;42:ow=34;42:st=37;44:ex=01;32:*.tar=01;31:*.tgz=01;31:*.arc=01;31:*.arj=01;31:*.taz=01;31:*.lha=01;31:*.lz4=01;31:*.lzh=01;31:*.lzma=01;31:*.tlz=01;31:*.txz=01;31:*.tzo=01;31:*.t7z=01;31:*.zip=01;31:*.z=01;31:*.dz=01;31:*.gz=01;31:*.lrz=01;31:*.lz=01;31:*.lzo=01;31:*.xz=01;31:*.zst=01;31:*.tzst=01;31:*.bz2=01;31:*.bz=01;31:*.tbz=01;31:*.tbz2=01;31:*.tz=01;31:*.deb=01;31:*.rpm=01;31:*.jar=01;31:*.war=01;31:*.ear=01;31:*.sar=01;31:*.rar=01;31:*.alz=01;31:*.ace=01;31:*.zoo=01;31:*.cpio=01;31:*.7z=01;31:*.rz=01;31:*.cab=01;31:*.wim=01;31:*.swm=01;31:*.dwm=01;31:*.esd=01;31:*.jpg=01;35:*.jpeg=01;35:*.mjpg=01;35:*.mjpeg=01;35:*.gif=01;35:*.bmp=01;35:*.pbm=01;35:*.pgm=01;35:*.ppm=01;35:*.tga=01;35:*.xbm=01;35:*.xpm=01;35:*.tif=01;35:*.tiff=01;35:*.png=01;35:*.svg=01;35:*.svgz=01;35:*.mng=01;35:*.pcx=01;35:*.mov=01;35:*.mpg=01;35:*.mpeg=01;35:*.m2v=01;35:*.mkv=01;35:*.webm=01;35:*.webp=01;35:*.ogm=01;35:*.mp4=01;35:*.m4v=01;35:*.mp4v=01;35:*.vob=01;35:*.qt=01;35:*.nuv=01;35:*.wmv=01;35:*.asf=01;35:*.rm=01;35:*.rmvb=01;35:*.flc=01;35:*.avi=01;35:*.fli=01;35:*.flv=01;35:*.gl=01;35:*.dl=01;35:*.xcf=01;35:*.xwd=01;35:*.yuv=01;35:*.cgm=01;35:*.emf=01;35:*.ogv=01;35:*.ogx=01;35:*.aac=00;36:*.au=00;36:*.flac=00;36:*.m4a=00;36:*.mid=00;36:*.midi=00;36:*.mka=00;36:*.mp3=00;36:*.mpc=00;36:*.ogg=00;36:*.ra=00;36:*.wav=00;36:*.oga=00;36:*.opus=00;36:*.spx=00;36:*.xspf=00;36:', 'VSCODE_GIT_IPC_HANDLE': '/run/user/1000/vscode-git-7233589553.sock', 'TERM_PROGRAM': 'vscode', 'AMENT_PREFIX_PATH': '/home/esraamustafa/path_planning/Path_Planning_Shell_AI/ros2_sim/install/shell_visualization:/home/esraamustafa/path_planning/Path_Planning_Shell_AI/ros2_sim/install/shell_test_nodes:/home/esraamustafa/path_planning/Path_Planning_Shell_AI/ros2_sim/install/shell_planning:/home/esraamustafa/path_planning/Path_Planning_Shell_AI/ros2_sim/install/shell_interfaces:/opt/ros/humble', 'SHELL': '/bin/bash', 'LESSCLOSE': '/usr/bin/lesspipe %s %s', 'VSCODE_GIT_ASKPASS_EXTRA_ARGS': '', 'PWD': '/home/esraamustafa/path_planning/Path_Planning_Shell_AI/ros2_sim/build/shell_test_nodes', 'XDG_DATA_DIRS': '/usr/local/share:/usr/share:/var/lib/snapd/desktop', 'PYTHONPATH': '/home/esraamustafa/path_planning/Path_Planning_Shell_AI/ros2_sim/build/shell_test_nodes/prefix_override:/usr/lib/python3/dist-packages/colcon_core/task/python/colcon_distutils_commands:/home/esraamustafa/path_planning/Path_Planning_Shell_AI/ros2_sim/install/shell_test_nodes/lib/python3.10/site-packages:/home/esraamustafa/path_planning/Path_Planning_Shell_AI/ros2_sim/build/shell_visualization:/home/esraamustafa/path_planning/Path_Planning_Shell_AI/ros2_sim/install/shell_visualization/lib/python3.10/site-packages:/home/esraamustafa/path_planning/Path_Planning_Shell_AI/ros2_sim/build/shell_test_nodes:/home/esraamustafa/path_planning/Path_Planning_Shell_AI/ros2_sim/install/shell_test_nodes/lib/python3.10/site-packages:/home/esraamustafa/path_planning/Path_Planning_Shell_AI/ros2_sim/build/shell_planning:/home/esraamustafa/path_planning/Path_Planning_Shell_AI/ros2_sim/install/shell_planning/lib/python3.10/site-packages:/home/esraamustafa/path_planning/Path_Planning_Shell_AI/ros2_sim/install/shell_interfaces/local/lib/python3.10/dist-packages:/opt/ros/humble/lib/python3.10/site-packages:/opt/ros/humble/local/lib/python3.10/dist-packages', 'COLCON': '1', 'WSL2_GUI_APPS_ENABLED': '1', 'HOSTTYPE': 'x86_64', 'CMAKE_PREFIX_PATH': '/home/esraamustafa/path_planning/Path_Planning_Shell_AI/ros2_sim/install/shell_interfaces', 'WSLENV': 'VSCODE_WSL_EXT_LOCATION/up'}, 'shell': False}
[17.796825] (-) TimerEvent: {}
[17.898012] (-) TimerEvent: {}
[17.998907] (-) TimerEvent: {}
[18.086083] (shell_visualization) Command: {'cmd': ['/usr/bin/python3', '-W', 'ignore:setup.py install is deprecated', '-W', 'ignore:easy_install command is deprecated', 'setup.py', 'develop', '--editable', '--build-directory', '/home/esraamustafa/path_planning/Path_Planning_Shell_AI/ros2_sim/build/shell_visualization/build', '--no-deps', 'symlink_data'], 'cwd': '/home/esraamustafa/path_planning/Path_Planning_Shell_AI/ros2_sim/build/shell_visualization', 'env': {'PYTHON_BASIC_REPL': '1', 'LESSOPEN': '| /usr/bin/lesspipe %s', 'USER': 'esraamustafa', 'GIT_ASKPASS': '/home/esraamustafa/.vscode-server/bin/c9d77990917f3102ada88be140d28b038d1dd7c7/extensions/git/dist/askpass.sh', 'SHLVL': '1', 'LD_LIBRARY_PATH': '/home/esraamustafa/path_planning/Path_Planning_Shell_AI/ros2_sim/install/shell_interfaces/lib:/opt/ros/humble/opt/rviz_ogre_vendor/lib:/opt/ros/humble/lib/x86_64-linux-gnu:/opt/ros/humble/lib', 'HOME': '/home/esraamustafa', 'OLDPWD': '/home/esraamustafa/path_planning/Path_Planning_Shell_AI', 'TERM_PROGRAM_VERSION': '1.108.2', 'VSCODE_IPC_HOOK_CLI': '/run/user/1000/vscode-ipc-7043a3ed-b62b-44df-9733-1458a938b1c4.sock', 'ROS_PYTHON_VERSION': '3', 'VSCODE_GIT_ASKPASS_MAIN': '/home/esraamustafa/.vscode-server/bin/c9d77990917f3102ada88be140d28b038d1dd7c7/extensions/git/dist/askpass-main.js', 'VSCODE_GIT_ASKPASS_NODE': '/home/esraamustafa/.vscode-server/bin/c9d77990917f3102ada88be140d28b038d1dd7c7/node', 'PYDEVD_DISABLE_FILE_VALIDATION': '1', 'BUNDLED_DEBUGPY_PATH': '/home/esraamustafa/.vscode-server/extensions/ms-python.debugpy-2025.18.0-linux-x64/bundled/libs/debugpy', 'VSCODE_PYTHON_AUTOACTIVATE_GUARD': '1', 'DBUS_SESSION_BUS_ADDRESS': 'unix:path=/run/user/1000/bus', 'COLORTERM': 'truecolor', 'WSL_DISTRO_NAME': 'Ubuntu-22.04', 'WAYLAND_DISPLAY': 'wayland-0', 'COLCON_PREFIX_PATH': '/home/esraamustafa/path_planning/Path_Planning_Shell_AI/ros2_sim/install', 'ROS_DISTRO': 'humble', 'LOGNAME': 'esraamustafa', 'NAME': 'Esraa', 'WSL_INTEROP': '/run/WSL/465_interop', 'PULSE_SERVER': 'unix:/mnt/wslg/PulseServer', '_': '/usr/bin/colcon', 'ROS_VERSION': '2', 'TERM': 'xterm-256color', 'ROS_LOCALHOST_ONLY': '0', 'PATH': '/home/esraamustafa/.vscode-server/data/User/globalStorage/github.copilot-chat/debugCommand:/home/esraamustafa/.vscode-server/data/User/globalStorage/github.copilot-chat/copilotCli:/home/esraamustafa/.vscode-server/bin/c9d77990917f3102ada88be140d28b038d1dd7c7/bin/remote-cli:/home/esraamustafa/.local/bin:/opt/ros/humble/bin:/usr/local/sbin:/usr/local/bin:/usr/sbin:/usr/bin:/sbin:/bin:/usr/games:/usr/local/games:/usr/lib/wsl/lib:/mnt/c/Program Files/Common Files/Oracle/Java/javapath:/mnt/c/Users/esraa/AppData/Local/Programs/Python/Python312/Scripts/:/mnt/c/Users/esraa/AppData/Local/Programs/Python/Python312/:/mnt/c/WINDOWS/system32:/mnt/c/WINDOWS:/mnt/c/WINDOWS/System32/Wbem:/mnt/c/WINDOWS/System32/WindowsPowerShell/v1.0/:/mnt/c/WINDOWS/System32/OpenSSH/:/mnt/c/Program Files/dotnet/:/mnt/c/Program Files/Git/cmd:/mnt/c/Program Files/nodejs/:/mnt/c/ProgramData/chocolatey/bin:/mnt/c/msys64/mingw64/bin:/mnt/c/Program Files/GitHub CLI/:/mnt/c/Program Files/MATLAB/R2024b/bin:/mnt/c/Program Files (x86)/Microsoft SQL Server/160/Tools/Binn/:/mnt/c/Program Files/Microsoft SQL Server/160/Tools/Binn/:/mnt/c/Program Files/Microsoft SQL Server/Client SDK/ODBC/170/Tools/Binn/:/mnt/c/Program Files/Microsoft SQL Server/160/DTS/Binn/:/mnt/c/Program Files/Microsoft SQL Server/150/Tools/Binn/:/mnt/c/Program Files/CMake/bin:/mnt/c/Program Files/Docker/Docker/resources/bin:/mnt/c/xampp/php/php.exe:/mnt/c/Users/esraa/AppData/Local/Programs/Python/Python314/Scripts/:/mnt/c/Users/esraa/AppData/Local/Programs/Python/Python314/:/mnt/c/Users/esraa/AppData/Local/Programs/Python/Launcher/:/mnt/c/Users/esraa/AppData/Local/Microsoft/WindowsApps:/mnt/c/Users/esraa/AppData/Local/Programs/Microsoft_VS_Code/bin:/mnt/c/Users/esraa/AppData/Local/Microsoft/WinGet/Packages/Schniz.fnm_Microsoft.Winget.Source_8wekyb3d8bbwe:/mnt/c/Users/esraa/AppData/Roaming/npm:/mnt/c/Users/esraa/AppData/Local/GitHubDesktop/bin:/mnt/c/Users/esraa/.dotnet/tools:/mnt/d/IntelliJ IDEA 2024.2.3/bin:/mnt/c/Program Files/JetBrains/IntelliJ IDEA Community Edition 2024.2.3/bin:/mnt/c/Program Files/MongoDB/Server/8.2/bin:/mnt/c/Users/esraa/AppData/Local/Programs/mongosh/:/snap/bin:/home/esraamustafa/.vscode-server/extensions/ms-python.debugpy-2025.18.0-linux-x64/bundled/scripts/noConfigScripts', 'XDG_RUNTIME_DIR': '/run/user/1000/', 'DISPLAY': ':0', 'VSCODE_DEBUGPY_ADAPTER_ENDPOINTS': '/home/esraamustafa/.vscode-server/extensions/ms-python.debugpy-2025.18.0-linux-x64/.noConfigDebugAdapterEndpoints/endpoint-9aa057c463a7ace4.txt', 'LANG': 'C.UTF-8', 'PYTHONSTARTUP': '/home/esraamustafa/.vscode-server/data/User/workspaceStorage/9188cf032e28f409f831a5c4cd4238d1/ms-python.python/pythonrc.py', 'LS_COLORS': 'rs=0:di=01;34:ln=01;36:mh=00:pi=40;33:so=01;35:do=01;35:bd=40;33;01:cd=40;33;01:or=40;31;01:mi=00:su=37;41:sg=30;43:ca=30;41:tw=30;42:ow=34;42:st=37;44:ex=01;32:*.tar=01;31:*.tgz=01;31:*.arc=01;31:*.arj=01;31:*.taz=01;31:*.lha=01;31:*.lz4=01;31:*.lzh=01;31:*.lzma=01;31:*.tlz=01;31:*.txz=01;31:*.tzo=01;31:*.t7z=01;31:*.zip=01;31:*.z=01;31:*.dz=01;31:*.gz=01;31:*.lrz=01;31:*.lz=01;31:*.lzo=01;31:*.xz=01;31:*.zst=01;31:*.tzst=01;31:*.bz2=01;31:*.bz=01;31:*.tbz=01;31:*.tbz2=01;31:*.tz=01;31:*.deb=01;31:*.rpm=01;31:*.jar=01;31:*.war=01;31:*.ear=01;31:*.sar=01;31:*.rar=01;31:*.alz=01;31:*.ace=01;31:*.zoo=01;31:*.cpio=01;31:*.7z=01;31:*.rz=01;31:*.cab=01;31:*.wim=01;31:*.swm=01;31:*.dwm=01;31:*.esd=01;31:*.jpg=01;35:*.jpeg=01;35:*.mjpg=01;35:*.mjpeg=01;35:*.gif=01;35:*.bmp=01;35:*.pbm=01;35:*.pgm=01;35:*.ppm=01;35:*.tga=01;35:*.xbm=01;35:*.xpm=01;35:*.tif=01;35:*.tiff=01;35:*.png=01;35:*.svg=01;35:*.svgz=01;35:*.mng=01;35:*.pcx=01;35:*.mov=01;35:*.mpg=01;35:*.mpeg=01;35:*.m2v=01;35:*.mkv=01;35:*.webm=01;35:*.webp=01;35:*.ogm=01;35:*.mp4=01;35:*.m4v=01;35:*.mp4v=01;35:*.vob=01;35:*.qt=01;35:*.nuv=01;35:*.wmv=01;35:*.asf=01;35:*.rm=01;35:*.rmvb=01;35:*.flc=01;35:*.avi=01;35:*.fli=01;35:*.flv=01;35:*.gl=01;35:*.dl=01;35:*.xcf=01;35:*.xwd=01;35:*.yuv=01;35:*.cgm=01;35:*.emf=01;35:*.ogv=01;35:*.ogx=01;35:*.aac=00;36:*.au=00;36:*.flac=00;36:*.m4a=00;36:*.mid=00;36:*.midi=00;36:*.mka=00;36:*.mp3=00;36:*.mpc=00;36:*.ogg=00;36:*.ra=00;36:*.wav=00;36:*.oga=00;36:*.opus=00;36:*.spx=00;36:*.xspf=00;36:', 'VSCODE_GIT_IPC_HANDLE': '/run/user/1000/vscode-git-7233589553.sock', 'TERM_PROGRAM': 'vscode', 'AMENT_PREFIX_PATH': '/home/esraamustafa/path_planning/Path_Planning_Shell_AI/ros2_sim/install/shell_visualization:/home/esraamustafa/path_planning/Path_Planning_Shell_AI/ros2_sim/install/shell_test_nodes:/home/esraamustafa/path_planning/Path_Planning_Shell_AI/ros2_sim/install/shell_planning:/home/esraamustafa/path_planning/Path_Planning_Shell_AI/ros2_sim/install/shell_interfaces:/opt/ros/humble', 'SHELL': '/bin/bash', 'LESSCLOSE': '/usr/bin/lesspipe %s %s', 'VSCODE_GIT_ASKPASS_EXTRA_ARGS': '', 'PWD': '/home/esraamustafa/path_planning/Path_Planning_Shell_AI/ros2_sim/build/shell_visualization', 'XDG_DATA_DIRS': '/usr/local/share:/usr/share:/var/lib/snapd/desktop', 'PYTHONPATH': '/home/esraamustafa/path_planning/Path_Planning_Shell_AI/ros2_sim/build/shell_visualization/prefix_override:/usr/lib/python3/dist-packages/colcon_core/task/python/colcon_distutils_commands:/home/esraamustafa/path_planning/Path_Planning_Shell_AI/ros2_sim/install/shell_visualization/lib/python3.10/site-packages:/home/esraamustafa/path_planning/Path_Planning_Shell_AI/ros2_sim/build/shell_visualization:/home/esraamustafa/path_planning/Path_Planning_Shell_AI/ros2_sim/install/shell_visualization/lib/python3.10/site-packages:/home/esraamustafa/path_planning/Path_Planning_Shell_AI/ros2_sim/build/shell_test_nodes:/home/esraamustafa/path_planning/Path_Planning_Shell_AI/ros2_sim/install/shell_test_nodes/lib/python3.10/site-packages:/home/esraamustafa/path_planning/Path_Planning_Shell_AI/ros2_sim/build/shell_planning:/home/esraamustafa/path_planning/Path_Planning_Shell_AI/ros2_sim/install/shell_planning/lib/python3.10/site-packages:/home/esraamustafa/path_planning/Path_Planning_Shell_AI/ros2_sim/install/shell_interfaces/local/lib/python3.10/dist-packages:/opt/ros/humble/lib/python3.10/site-packages:/opt/ros/humble/local/lib/python3.10/dist-packages', 'COLCON': '1', 'WSL2_GUI_APPS_ENABLED': '1', 'HOSTTYPE': 'x86_64', 'CMAKE_PREFIX_PATH': '/home/esraamustafa/path_planning/Path_Planning_Shell_AI/ros2_sim/install/shell_interfaces', 'WSLENV': 'VSCODE_WSL_EXT_LOCATION/up'}, 'shell': False}
[18.099086] (-) TimerEvent: {}
[18.117553] (shell_test_nodes) StdoutLine: {'line': b'running develop\n'}
[18.199872] (-) TimerEvent: {}
[18.253071] (shell_test_nodes) StdoutLine: {'line': b'running egg_info\n'}
[18.253539] (shell_test_nodes) StdoutLine: {'line': b'creating shell_test_nodes.egg-info\n'}
[18.253995] (shell_test_nodes) StdoutLine: {'line': b'writing shell_test_nodes.egg-info/PKG-INFO\n'}
[18.254346] (shell_test_nodes) StdoutLine: {'line': b'writing dependency_links to shell_test_nodes.egg-info/dependency_links.txt\n'}
[18.254461] (shell_test_nodes) StdoutLine: {'line': b'writing entry points to shell_test_nodes.egg-info/entry_points.txt\n'}
[18.254537] (shell_test_nodes) StdoutLine: {'line': b'writing requirements to shell_test_nodes.egg-info/requires.txt\n'}
[18.254600] (shell_test_nodes) StdoutLine: {'line': b'writing top-level names to shell_test_nodes.egg-info/top_level.txt\n'}
[18.254648] (shell_test_nodes) StdoutLine: {'line': b"writing manifest file 'shell_test_nodes.egg-info/SOURCES.txt'\n"}
[18.256864] (shell_test_nodes) StdoutLine: {'line': b"reading manifest file 'shell_test_nodes.egg-info/SOURCES.txt'\n"}
[18.257993] (shell_test_nodes) StdoutLine: {'line': b"writing manifest file 'shell_test_nodes.egg-info/SOURCES.txt'\n"}
[18.260086] (shell_test_nodes) StdoutLine: {'line': b'running build_ext\n'}
[18.260326] (shell_test_nodes) StdoutLine: {'line': b'Creating /home/esraamustafa/path_planning/Path_Planning_Shell_AI/ros2_sim/install/shell_test_nodes/lib/python3.10/site-packages/shell-test-nodes.egg-link (link to .)\n'}
[18.260968] (shell_test_nodes) StdoutLine: {'line': b'Installing fake_control script to /home/esraamustafa/path_planning/Path_Planning_Shell_AI/ros2_sim/install/shell_test_nodes/lib/shell_test_nodes\n'}
[18.261268] (shell_test_nodes) StdoutLine: {'line': b'Installing fake_localization script to /home/esraamustafa/path_planning/Path_Planning_Shell_AI/ros2_sim/install/shell_test_nodes/lib/shell_test_nodes\n'}
[18.261669] (shell_test_nodes) StdoutLine: {'line': b'Installing fake_perception script to /home/esraamustafa/path_planning/Path_Planning_Shell_AI/ros2_sim/install/shell_test_nodes/lib/shell_test_nodes\n'}
[18.262070] (shell_test_nodes) StdoutLine: {'line': b'Installing fake_supervisor script to /home/esraamustafa/path_planning/Path_Planning_Shell_AI/ros2_sim/install/shell_test_nodes/lib/shell_test_nodes\n'}
[18.262192] (shell_test_nodes) StdoutLine: {'line': b'\n'}
[18.262240] (shell_test_nodes) StdoutLine: {'line': b'Installed /home/esraamustafa/path_planning/Path_Planning_Shell_AI/ros2_sim/build/shell_test_nodes\n'}
[18.297073] (shell_test_nodes) CommandEnded: {'returncode': 0}
[18.300365] (-) TimerEvent: {}
[18.310666] (shell_test_nodes) JobEnded: {'identifier': 'shell_test_nodes', 'rc': 0}
[18.356258] (shell_visualization) StdoutLine: {'line': b'running develop\n'}
[18.400708] (-) TimerEvent: {}
[18.479594] (shell_visualization) StdoutLine: {'line': b'running egg_info\n'}
[18.479912] (shell_visualization) StdoutLine: {'line': b'creating shell_visualization.egg-info\n'}
[18.480281] (shell_visualization) StdoutLine: {'line': b'writing shell_visualization.egg-info/PKG-INFO\n'}
[18.480660] (shell_visualization) StdoutLine: {'line': b'writing dependency_links to shell_visualization.egg-info/dependency_links.txt\n'}
[18.480776] (shell_visualization) StdoutLine: {'line': b'writing entry points to shell_visualization.egg-info/entry_points.txt\n'}
[18.480873] (shell_visualization) StdoutLine: {'line': b'writing requirements to shell_visualization.egg-info/requires.txt\n'}
[18.480965] (shell_visualization) StdoutLine: {'line': b'writing top-level names to shell_visualization.egg-info/top_level.txt\n'}
[18.481054] (shell_visualization) StdoutLine: {'line': b"writing manifest file 'shell_visualization.egg-info/SOURCES.txt'\n"}
[18.482224] (shell_visualization) StdoutLine: {'line': b"reading manifest file 'shell_visualization.egg-info/SOURCES.txt'\n"}
[18.482695] (shell_visualization) StdoutLine: {'line': b"writing manifest file 'shell_visualization.egg-info/SOURCES.txt'\n"}
[18.483926] (shell_visualization) StdoutLine: {'line': b'running build_ext\n'}
[18.484049] (shell_visualization) StdoutLine: {'line': b'Creating /home/esraamustafa/path_planning/Path_Planning_Shell_AI/ros2_sim/install/shell_visualization/lib/python3.10/site-packages/shell-visualization.egg-link (link to .)\n'}
[18.484813] (shell_visualization) StdoutLine: {'line': b'Installing planner_visualizer script to /home/esraamustafa/path_planning/Path_Planning_Shell_AI/ros2_sim/install/shell_visualization/lib/shell_visualization\n'}
[18.485313] (shell_visualization) StdoutLine: {'line': b'\n'}
[18.485540] (shell_visualization) StdoutLine: {'line': b'Installed /home/esraamustafa/path_planning/Path_Planning_Shell_AI/ros2_sim/build/shell_visualization\n'}
[18.485588] (shell_visualization) StdoutLine: {'line': b'running symlink_data\n'}
[18.485625] (shell_visualization) StdoutLine: {'line': b'creating /home/esraamustafa/path_planning/Path_Planning_Shell_AI/ros2_sim/install/shell_visualization/share/ament_index\n'}
[18.485671] (shell_visualization) StdoutLine: {'line': b'creating /home/esraamustafa/path_planning/Path_Planning_Shell_AI/ros2_sim/install/shell_visualization/share/ament_index/resource_index\n'}
[18.485707] (shell_visualization) StdoutLine: {'line': b'creating /home/esraamustafa/path_planning/Path_Planning_Shell_AI/ros2_sim/install/shell_visualization/share/ament_index/resource_index/packages\n'}
[18.485964] (shell_visualization) StdoutLine: {'line': b'symbolically linking /home/esraamustafa/path_planning/Path_Planning_Shell_AI/ros2_sim/build/shell_visualization/resource/shell_visualization -> /home/esraamustafa/path_planning/Path_Planning_Shell_AI/ros2_sim/install/shell_visualization/share/ament_index/resource_index/packages\n'}
[18.486171] (shell_visualization) StdoutLine: {'line': b'symbolically linking /home/esraamustafa/path_planning/Path_Planning_Shell_AI/ros2_sim/build/shell_visualization/package.xml -> /home/esraamustafa/path_planning/Path_Planning_Shell_AI/ros2_sim/install/shell_visualization/share/shell_visualization\n'}
[18.501044] (-) TimerEvent: {}
[18.521994] (shell_visualization) CommandEnded: {'returncode': 0}
[18.532991] (shell_visualization) JobEnded: {'identifier': 'shell_visualization', 'rc': 0}
[18.535004] (-) EventReactorShutdown: {}
