[0.000000] (-) TimerEvent: {}
[0.000587] (shell_interfaces) JobQueued: {'identifier': 'shell_interfaces', 'dependencies': OrderedDict()}
[0.000743] (shell_planning) JobQueued: {'identifier': 'shell_planning', 'dependencies': OrderedDict()}
[0.000867] (shell_test_nodes) JobQueued: {'identifier': 'shell_test_nodes', 'dependencies': OrderedDict([('shell_interfaces', '/home/esraamustafa/Path_Planning_Shell_AI/ros2_sim/install/shell_interfaces')])}
[0.001086] (shell_visualization) JobQueued: {'identifier': 'shell_visualization', 'dependencies': OrderedDict([('shell_interfaces', '/home/esraamustafa/Path_Planning_Shell_AI/ros2_sim/install/shell_interfaces')])}
[0.001327] (shell_interfaces) JobStarted: {'identifier': 'shell_interfaces'}
[0.010909] (shell_planning) JobStarted: {'identifier': 'shell_planning'}
[0.023034] (shell_interfaces) JobProgress: {'identifier': 'shell_interfaces', 'progress': 'cmake'}
[0.026470] (shell_interfaces) Command: {'cmd': ['/usr/bin/cmake', '/home/esraamustafa/Path_Planning_Shell_AI/ros2_sim/src/shell_interfaces', '-DCMAKE_INSTALL_PREFIX=/home/esraamustafa/Path_Planning_Shell_AI/ros2_sim/install/shell_interfaces'], 'cwd': '/home/esraamustafa/Path_Planning_Shell_AI/ros2_sim/build/shell_interfaces', 'env': OrderedDict([('PYTHON_BASIC_REPL', '1'), ('LESSOPEN', '| /usr/bin/lesspipe %s'), ('USER', 'esraamustafa'), ('GIT_ASKPASS', '/home/esraamustafa/.vscode-server/bin/c9d77990917f3102ada88be140d28b038d1dd7c7/extensions/git/dist/askpass.sh'), ('SHLVL', '1'), ('LD_LIBRARY_PATH', '/home/esraamustafa/Path_Planning_Shell_AI/ros2_sim/install/shell_interfaces/lib:/opt/ros/humble/opt/rviz_ogre_vendor/lib:/opt/ros/humble/lib/x86_64-linux-gnu:/opt/ros/humble/lib'), ('MOTD_SHOWN', 'update-motd'), ('HOME', '/home/esraamustafa'), ('OLDPWD', '/home/esraamustafa/Path_Planning_Shell_AI/ros2_sim'), ('TERM_PROGRAM_VERSION', '1.108.2'), ('VSCODE_IPC_HOOK_CLI', '/run/user/1000/vscode-ipc-bd46b4a8-d29c-4fd5-8e42-55c50359dab7.sock'), ('ROS_PYTHON_VERSION', '3'), ('VSCODE_GIT_ASKPASS_MAIN', '/home/esraamustafa/.vscode-server/bin/c9d77990917f3102ada88be140d28b038d1dd7c7/extensions/git/dist/askpass-main.js'), ('VSCODE_GIT_ASKPASS_NODE', '/home/esraamustafa/.vscode-server/bin/c9d77990917f3102ada88be140d28b038d1dd7c7/node'), ('PYDEVD_DISABLE_FILE_VALIDATION', '1'), ('BUNDLED_DEBUGPY_PATH', '/home/esraamustafa/.vscode-server/extensions/ms-python.debugpy-2025.18.0-linux-x64/bundled/libs/debugpy'), ('VSCODE_PYTHON_AUTOACTIVATE_GUARD', '1'), ('DBUS_SESSION_BUS_ADDRESS', 'unix:path=/run/user/1000/bus'), ('COLORTERM', 'truecolor'), ('WSL_DISTRO_NAME', 'Ubuntu-22.04'), ('WAYLAND_DISPLAY', 'wayland-0'), ('COLCON_PREFIX_PATH', '/home/esraamustafa/Path_Planning_Shell_AI/ros2_sim/install'), ('ROS_DISTRO', 'humble'), ('LOGNAME', 'esraamustafa'), ('NAME', 'Esraa'), ('WSL_INTEROP', '/run/WSL/484056_interop'), ('PULSE_SERVER', 'unix:/mnt/wslg/PulseServer'), ('_', '/usr/bin/colcon'), ('ROS_VERSION', '2'), ('TERM', 'xterm-256color'), ('ROS_LOCALHOST_ONLY', '0'), ('PATH', '/home/esraamustafa/.vscode-server/data/User/globalStorage/github.copilot-chat/debugCommand:/home/esraamustafa/.vscode-server/data/User/globalStorage/github.copilot-chat/copilotCli:/home/esraamustafa/.vscode-server/bin/c9d77990917f3102ada88be140d28b038d1dd7c7/bin/remote-cli:/home/esraamustafa/.local/bin:/opt/ros/humble/bin:/usr/local/sbin:/usr/local/bin:/usr/sbin:/usr/bin:/sbin:/bin:/usr/games:/usr/local/games:/usr/lib/wsl/lib:/mnt/c/Program Files/Common Files/Oracle/Java/javapath:/mnt/c/Users/esraa/AppData/Local/Programs/Python/Python312/Scripts/:/mnt/c/Users/esraa/AppData/Local/Programs/Python/Python312/:/mnt/c/WINDOWS/system32:/mnt/c/WINDOWS:/mnt/c/WINDOWS/System32/Wbem:/mnt/c/WINDOWS/System32/WindowsPowerShell/v1.0/:/mnt/c/WINDOWS/System32/OpenSSH/:/mnt/c/Program Files/dotnet/:/mnt/c/Program Files/Git/cmd:/mnt/c/Program Files/nodejs/:/mnt/c/ProgramData/chocolatey/bin:/mnt/c/msys64/mingw64/bin:/mnt/c/Program Files/GitHub CLI/:/mnt/c/Program Files/MATLAB/R2024b/bin:/mnt/c/Program Files (x86)/Microsoft SQL Server/160/Tools/Binn/:/mnt/c/Program Files/Microsoft SQL Server/160/Tools/Binn/:/mnt/c/Program Files/Microsoft SQL Server/Client SDK/ODBC/170/Tools/Binn/:/mnt/c/Program Files/Microsoft SQL Server/160/DTS/Binn/:/mnt/c/Program Files/Microsoft SQL Server/150/Tools/Binn/:/mnt/c/Program Files/CMake/bin:/mnt/c/Program Files/Docker/Docker/resources/bin:/mnt/c/xampp/php/php.exe:/mnt/c/Users/esraa/AppData/Local/Programs/Python/Python314/Scripts/:/mnt/c/Users/esraa/AppData/Local/Programs/Python/Python314/:/mnt/c/Users/esraa/AppData/Local/Programs/Python/Launcher/:/mnt/c/Users/esraa/AppData/Local/Microsoft/WindowsApps:/mnt/c/Users/esraa/AppData/Local/Programs/Microsoft_VS_Code/bin:/mnt/c/Users/esraa/AppData/Local/Microsoft/WinGet/Packages/Schniz.fnm_Microsoft.Winget.Source_8wekyb3d8bbwe:/mnt/c/Users/esraa/AppData/Roaming/npm:/mnt/c/Users/esraa/AppData/Local/GitHubDesktop/bin:/mnt/c/Users/esraa/.dotnet/tools:/mnt/d/IntelliJ IDEA 2024.2.3/bin:/mnt/c/Program Files/JetBrains/IntelliJ IDEA Community Edition 2024.2.3/bin:/mnt/c/Program Files/MongoDB/Server/8.2/bin:/mnt/c/Users/esraa/AppData/Local/Programs/mongosh/:/snap/bin:/home/esraamustafa/.vscode-server/extensions/ms-python.debugpy-2025.18.0-linux-x64/bundled/scripts/noConfigScripts'), ('XDG_RUNTIME_DIR', '/run/user/1000/'), ('DISPLAY', ':0'), ('VSCODE_DEBUGPY_ADAPTER_ENDPOINTS', '/home/esraamustafa/.vscode-server/extensions/ms-python.debugpy-2025.18.0-linux-x64/.noConfigDebugAdapterEndpoints/endpoint-89b519da86041899.txt'), ('LANG', 'C.UTF-8'), ('PYTHONSTARTUP', '/home/esraamustafa/.vscode-server/data/User/workspaceStorage/f36fee122dc2889c714ba7fb02f7bb3e/ms-python.python/pythonrc.py'), ('LS_COLORS', 'rs=0:di=01;34:ln=01;36:mh=00:pi=40;33:so=01;35:do=01;35:bd=40;33;01:cd=40;33;01:or=40;31;01:mi=00:su=37;41:sg=30;43:ca=30;41:tw=30;42:ow=34;42:st=37;44:ex=01;32:*.tar=01;31:*.tgz=01;31:*.arc=01;31:*.arj=01;31:*.taz=01;31:*.lha=01;31:*.lz4=01;31:*.lzh=01;31:*.lzma=01;31:*.tlz=01;31:*.txz=01;31:*.tzo=01;31:*.t7z=01;31:*.zip=01;31:*.z=01;31:*.dz=01;31:*.gz=01;31:*.lrz=01;31:*.lz=01;31:*.lzo=01;31:*.xz=01;31:*.zst=01;31:*.tzst=01;31:*.bz2=01;31:*.bz=01;31:*.tbz=01;31:*.tbz2=01;31:*.tz=01;31:*.deb=01;31:*.rpm=01;31:*.jar=01;31:*.war=01;31:*.ear=01;31:*.sar=01;31:*.rar=01;31:*.alz=01;31:*.ace=01;31:*.zoo=01;31:*.cpio=01;31:*.7z=01;31:*.rz=01;31:*.cab=01;31:*.wim=01;31:*.swm=01;31:*.dwm=01;31:*.esd=01;31:*.jpg=01;35:*.jpeg=01;35:*.mjpg=01;35:*.mjpeg=01;35:*.gif=01;35:*.bmp=01;35:*.pbm=01;35:*.pgm=01;35:*.ppm=01;35:*.tga=01;35:*.xbm=01;35:*.xpm=01;35:*.tif=01;35:*.tiff=01;35:*.png=01;35:*.svg=01;35:*.svgz=01;35:*.mng=01;35:*.pcx=01;35:*.mov=01;35:*.mpg=01;35:*.mpeg=01;35:*.m2v=01;35:*.mkv=01;35:*.webm=01;35:*.webp=01;35:*.ogm=01;35:*.mp4=01;35:*.m4v=01;35:*.mp4v=01;35:*.vob=01;35:*.qt=01;35:*.nuv=01;35:*.wmv=01;35:*.asf=01;35:*.rm=01;35:*.rmvb=01;35:*.flc=01;35:*.avi=01;35:*.fli=01;35:*.flv=01;35:*.gl=01;35:*.dl=01;35:*.xcf=01;35:*.xwd=01;35:*.yuv=01;35:*.cgm=01;35:*.emf=01;35:*.ogv=01;35:*.ogx=01;35:*.aac=00;36:*.au=00;36:*.flac=00;36:*.m4a=00;36:*.mid=00;36:*.midi=00;36:*.mka=00;36:*.mp3=00;36:*.mpc=00;36:*.ogg=00;36:*.ra=00;36:*.wav=00;36:*.oga=00;36:*.opus=00;36:*.spx=00;36:*.xspf=00;36:'), ('VSCODE_GIT_IPC_HANDLE', '/run/user/1000/vscode-git-2aeea19411.sock'), ('TERM_PROGRAM', 'vscode'), ('AMENT_PREFIX_PATH', '/home/esraamustafa/Path_Planning_Shell_AI/ros2_sim/install/shell_visualization:/home/esraamustafa/Path_Planning_Shell_AI/ros2_sim/install/shell_test_nodes:/home/esraamustafa/Path_Planning_Shell_AI/ros2_sim/install/shell_planning:/home/esraamustafa/Path_Planning_Shell_AI/ros2_sim/install/shell_interfaces:/opt/ros/humble'), ('SHELL', '/bin/bash'), ('LESSCLOSE', '/usr/bin/lesspipe %s %s'), ('VSCODE_GIT_ASKPASS_EXTRA_ARGS', ''), ('PWD', '/home/esraamustafa/Path_Planning_Shell_AI/ros2_sim/build/shell_interfaces'), ('XDG_DATA_DIRS', '/usr/local/share:/usr/share:/var/lib/snapd/desktop'), ('PYTHONPATH', '/home/esraamustafa/Path_Planning_Shell_AI/ros2_sim/install/shell_visualization/lib/python3.10/site-packages:/home/esraamustafa/Path_Planning_Shell_AI/ros2_sim/build/shell_test_nodes:/home/esraamustafa/Path_Planning_Shell_AI/ros2_sim/install/shell_test_nodes/lib/python3.10/site-packages:/home/esraamustafa/Path_Planning_Shell_AI/ros2_sim/build/shell_planning:/home/esraamustafa/Path_Planning_Shell_AI/ros2_sim/install/shell_planning/lib/python3.10/site-packages:/home/esraamustafa/Path_Planning_Shell_AI/ros2_sim/install/shell_interfaces/local/lib/python3.10/dist-packages:/opt/ros/humble/lib/python3.10/site-packages:/opt/ros/humble/local/lib/python3.10/dist-packages'), ('COLCON', '1'), ('WSL2_GUI_APPS_ENABLED', '1'), ('HOSTTYPE', 'x86_64'), ('CMAKE_PREFIX_PATH', '/home/esraamustafa/Path_Planning_Shell_AI/ros2_sim/install/shell_interfaces:/home/esraamustafa/Path_Planning_Shell_AI/ros2_sim/install/shell_visualization:/home/esraamustafa/Path_Planning_Shell_AI/ros2_sim/install/shell_test_nodes:/home/esraamustafa/Path_Planning_Shell_AI/ros2_sim/install/shell_planning:/opt/ros/humble'), ('WSLENV', 'VSCODE_WSL_EXT_LOCATION/up')]), 'shell': False}
[0.098186] (-) TimerEvent: {}
[0.198890] (-) TimerEvent: {}
[0.299651] (-) TimerEvent: {}
[0.400585] (-) TimerEvent: {}
[0.501425] (-) TimerEvent: {}
[0.504279] (shell_interfaces) StdoutLine: {'line': b'-- The C compiler identification is GNU 11.4.0\n'}
[0.601766] (-) TimerEvent: {}
[0.702613] (-) TimerEvent: {}
[0.803143] (-) TimerEvent: {}
[0.903782] (-) TimerEvent: {}
[1.004744] (-) TimerEvent: {}
[1.105455] (-) TimerEvent: {}
[1.206166] (-) TimerEvent: {}
[1.211640] (shell_planning) Command: {'cmd': ['/usr/bin/python3', '-W', 'ignore:setup.py install is deprecated', '-W', 'ignore:easy_install command is deprecated', 'setup.py', 'egg_info', '--egg-base', '../../build/shell_planning', 'build', '--build-base', '/home/esraamustafa/Path_Planning_Shell_AI/ros2_sim/build/shell_planning/build', 'install', '--record', '/home/esraamustafa/Path_Planning_Shell_AI/ros2_sim/build/shell_planning/install.log', '--single-version-externally-managed', 'install_data'], 'cwd': '/home/esraamustafa/Path_Planning_Shell_AI/ros2_sim/src/shell_planning', 'env': {'PYTHON_BASIC_REPL': '1', 'LESSOPEN': '| /usr/bin/lesspipe %s', 'USER': 'esraamustafa', 'GIT_ASKPASS': '/home/esraamustafa/.vscode-server/bin/c9d77990917f3102ada88be140d28b038d1dd7c7/extensions/git/dist/askpass.sh', 'SHLVL': '1', 'LD_LIBRARY_PATH': '/home/esraamustafa/Path_Planning_Shell_AI/ros2_sim/install/shell_interfaces/lib:/opt/ros/humble/opt/rviz_ogre_vendor/lib:/opt/ros/humble/lib/x86_64-linux-gnu:/opt/ros/humble/lib', 'MOTD_SHOWN': 'update-motd', 'HOME': '/home/esraamustafa', 'OLDPWD': '/home/esraamustafa/Path_Planning_Shell_AI/ros2_sim', 'TERM_PROGRAM_VERSION': '1.108.2', 'VSCODE_IPC_HOOK_CLI': '/run/user/1000/vscode-ipc-bd46b4a8-d29c-4fd5-8e42-55c50359dab7.sock', 'ROS_PYTHON_VERSION': '3', 'VSCODE_GIT_ASKPASS_MAIN': '/home/esraamustafa/.vscode-server/bin/c9d77990917f3102ada88be140d28b038d1dd7c7/extensions/git/dist/askpass-main.js', 'VSCODE_GIT_ASKPASS_NODE': '/home/esraamustafa/.vscode-server/bin/c9d77990917f3102ada88be140d28b038d1dd7c7/node', 'PYDEVD_DISABLE_FILE_VALIDATION': '1', 'BUNDLED_DEBUGPY_PATH': '/home/esraamustafa/.vscode-server/extensions/ms-python.debugpy-2025.18.0-linux-x64/bundled/libs/debugpy', 'VSCODE_PYTHON_AUTOACTIVATE_GUARD': '1', 'DBUS_SESSION_BUS_ADDRESS': 'unix:path=/run/user/1000/bus', 'COLORTERM': 'truecolor', 'WSL_DISTRO_NAME': 'Ubuntu-22.04', 'WAYLAND_DISPLAY': 'wayland-0', 'COLCON_PREFIX_PATH': '/home/esraamustafa/Path_Planning_Shell_AI/ros2_sim/install', 'ROS_DISTRO': 'humble', 'LOGNAME': 'esraamustafa', 'NAME': 'Esraa', 'WSL_INTEROP': '/run/WSL/484056_interop', 'PULSE_SERVER': 'unix:/mnt/wslg/PulseServer', '_': '/usr/bin/colcon', 'ROS_VERSION': '2', 'TERM': 'xterm-256color', 'ROS_LOCALHOST_ONLY': '0', 'PATH': '/home/esraamustafa/.vscode-server/data/User/globalStorage/github.copilot-chat/debugCommand:/home/esraamustafa/.vscode-server/data/User/globalStorage/github.copilot-chat/copilotCli:/home/esraamustafa/.vscode-server/bin/c9d77990917f3102ada88be140d28b038d1dd7c7/bin/remote-cli:/home/esraamustafa/.local/bin:/opt/ros/humble/bin:/usr/local/sbin:/usr/local/bin:/usr/sbin:/usr/bin:/sbin:/bin:/usr/games:/usr/local/games:/usr/lib/wsl/lib:/mnt/c/Program Files/Common Files/Oracle/Java/javapath:/mnt/c/Users/esraa/AppData/Local/Programs/Python/Python312/Scripts/:/mnt/c/Users/esraa/AppData/Local/Programs/Python/Python312/:/mnt/c/WINDOWS/system32:/mnt/c/WINDOWS:/mnt/c/WINDOWS/System32/Wbem:/mnt/c/WINDOWS/System32/WindowsPowerShell/v1.0/:/mnt/c/WINDOWS/System32/OpenSSH/:/mnt/c/Program Files/dotnet/:/mnt/c/Program Files/Git/cmd:/mnt/c/Program Files/nodejs/:/mnt/c/ProgramData/chocolatey/bin:/mnt/c/msys64/mingw64/bin:/mnt/c/Program Files/GitHub CLI/:/mnt/c/Program Files/MATLAB/R2024b/bin:/mnt/c/Program Files (x86)/Microsoft SQL Server/160/Tools/Binn/:/mnt/c/Program Files/Microsoft SQL Server/160/Tools/Binn/:/mnt/c/Program Files/Microsoft SQL Server/Client SDK/ODBC/170/Tools/Binn/:/mnt/c/Program Files/Microsoft SQL Server/160/DTS/Binn/:/mnt/c/Program Files/Microsoft SQL Server/150/Tools/Binn/:/mnt/c/Program Files/CMake/bin:/mnt/c/Program Files/Docker/Docker/resources/bin:/mnt/c/xampp/php/php.exe:/mnt/c/Users/esraa/AppData/Local/Programs/Python/Python314/Scripts/:/mnt/c/Users/esraa/AppData/Local/Programs/Python/Python314/:/mnt/c/Users/esraa/AppData/Local/Programs/Python/Launcher/:/mnt/c/Users/esraa/AppData/Local/Microsoft/WindowsApps:/mnt/c/Users/esraa/AppData/Local/Programs/Microsoft_VS_Code/bin:/mnt/c/Users/esraa/AppData/Local/Microsoft/WinGet/Packages/Schniz.fnm_Microsoft.Winget.Source_8wekyb3d8bbwe:/mnt/c/Users/esraa/AppData/Roaming/npm:/mnt/c/Users/esraa/AppData/Local/GitHubDesktop/bin:/mnt/c/Users/esraa/.dotnet/tools:/mnt/d/IntelliJ IDEA 2024.2.3/bin:/mnt/c/Program Files/JetBrains/IntelliJ IDEA Community Edition 2024.2.3/bin:/mnt/c/Program Files/MongoDB/Server/8.2/bin:/mnt/c/Users/esraa/AppData/Local/Programs/mongosh/:/snap/bin:/home/esraamustafa/.vscode-server/extensions/ms-python.debugpy-2025.18.0-linux-x64/bundled/scripts/noConfigScripts', 'XDG_RUNTIME_DIR': '/run/user/1000/', 'DISPLAY': ':0', 'VSCODE_DEBUGPY_ADAPTER_ENDPOINTS': '/home/esraamustafa/.vscode-server/extensions/ms-python.debugpy-2025.18.0-linux-x64/.noConfigDebugAdapterEndpoints/endpoint-89b519da86041899.txt', 'LANG': 'C.UTF-8', 'PYTHONSTARTUP': '/home/esraamustafa/.vscode-server/data/User/workspaceStorage/f36fee122dc2889c714ba7fb02f7bb3e/ms-python.python/pythonrc.py', 'LS_COLORS': 'rs=0:di=01;34:ln=01;36:mh=00:pi=40;33:so=01;35:do=01;35:bd=40;33;01:cd=40;33;01:or=40;31;01:mi=00:su=37;41:sg=30;43:ca=30;41:tw=30;42:ow=34;42:st=37;44:ex=01;32:*.tar=01;31:*.tgz=01;31:*.arc=01;31:*.arj=01;31:*.taz=01;31:*.lha=01;31:*.lz4=01;31:*.lzh=01;31:*.lzma=01;31:*.tlz=01;31:*.txz=01;31:*.tzo=01;31:*.t7z=01;31:*.zip=01;31:*.z=01;31:*.dz=01;31:*.gz=01;31:*.lrz=01;31:*.lz=01;31:*.lzo=01;31:*.xz=01;31:*.zst=01;31:*.tzst=01;31:*.bz2=01;31:*.bz=01;31:*.tbz=01;31:*.tbz2=01;31:*.tz=01;31:*.deb=01;31:*.rpm=01;31:*.jar=01;31:*.war=01;31:*.ear=01;31:*.sar=01;31:*.rar=01;31:*.alz=01;31:*.ace=01;31:*.zoo=01;31:*.cpio=01;31:*.7z=01;31:*.rz=01;31:*.cab=01;31:*.wim=01;31:*.swm=01;31:*.dwm=01;31:*.esd=01;31:*.jpg=01;35:*.jpeg=01;35:*.mjpg=01;35:*.mjpeg=01;35:*.gif=01;35:*.bmp=01;35:*.pbm=01;35:*.pgm=01;35:*.ppm=01;35:*.tga=01;35:*.xbm=01;35:*.xpm=01;35:*.tif=01;35:*.tiff=01;35:*.png=01;35:*.svg=01;35:*.svgz=01;35:*.mng=01;35:*.pcx=01;35:*.mov=01;35:*.mpg=01;35:*.mpeg=01;35:*.m2v=01;35:*.mkv=01;35:*.webm=01;35:*.webp=01;35:*.ogm=01;35:*.mp4=01;35:*.m4v=01;35:*.mp4v=01;35:*.vob=01;35:*.qt=01;35:*.nuv=01;35:*.wmv=01;35:*.asf=01;35:*.rm=01;35:*.rmvb=01;35:*.flc=01;35:*.avi=01;35:*.fli=01;35:*.flv=01;35:*.gl=01;35:*.dl=01;35:*.xcf=01;35:*.xwd=01;35:*.yuv=01;35:*.cgm=01;35:*.emf=01;35:*.ogv=01;35:*.ogx=01;35:*.aac=00;36:*.au=00;36:*.flac=00;36:*.m4a=00;36:*.mid=00;36:*.midi=00;36:*.mka=00;36:*.mp3=00;36:*.mpc=00;36:*.ogg=00;36:*.ra=00;36:*.wav=00;36:*.oga=00;36:*.opus=00;36:*.spx=00;36:*.xspf=00;36:', 'VSCODE_GIT_IPC_HANDLE': '/run/user/1000/vscode-git-2aeea19411.sock', 'TERM_PROGRAM': 'vscode', 'AMENT_PREFIX_PATH': '/home/esraamustafa/Path_Planning_Shell_AI/ros2_sim/install/shell_visualization:/home/esraamustafa/Path_Planning_Shell_AI/ros2_sim/install/shell_test_nodes:/home/esraamustafa/Path_Planning_Shell_AI/ros2_sim/install/shell_planning:/home/esraamustafa/Path_Planning_Shell_AI/ros2_sim/install/shell_interfaces:/opt/ros/humble', 'SHELL': '/bin/bash', 'LESSCLOSE': '/usr/bin/lesspipe %s %s', 'VSCODE_GIT_ASKPASS_EXTRA_ARGS': '', 'PWD': '/home/esraamustafa/Path_Planning_Shell_AI/ros2_sim/build/shell_planning', 'XDG_DATA_DIRS': '/usr/local/share:/usr/share:/var/lib/snapd/desktop', 'PYTHONPATH': '/home/esraamustafa/Path_Planning_Shell_AI/ros2_sim/build/shell_planning/prefix_override:/usr/lib/python3/dist-packages/colcon_core/task/python/colcon_distutils_commands:/home/esraamustafa/Path_Planning_Shell_AI/ros2_sim/install/shell_planning/lib/python3.10/site-packages:/home/esraamustafa/Path_Planning_Shell_AI/ros2_sim/install/shell_visualization/lib/python3.10/site-packages:/home/esraamustafa/Path_Planning_Shell_AI/ros2_sim/build/shell_test_nodes:/home/esraamustafa/Path_Planning_Shell_AI/ros2_sim/install/shell_test_nodes/lib/python3.10/site-packages:/home/esraamustafa/Path_Planning_Shell_AI/ros2_sim/build/shell_planning:/home/esraamustafa/Path_Planning_Shell_AI/ros2_sim/install/shell_planning/lib/python3.10/site-packages:/home/esraamustafa/Path_Planning_Shell_AI/ros2_sim/install/shell_interfaces/local/lib/python3.10/dist-packages:/opt/ros/humble/lib/python3.10/site-packages:/opt/ros/humble/local/lib/python3.10/dist-packages', 'COLCON': '1', 'WSL2_GUI_APPS_ENABLED': '1', 'HOSTTYPE': 'x86_64', 'CMAKE_PREFIX_PATH': '/home/esraamustafa/Path_Planning_Shell_AI/ros2_sim/install/shell_interfaces', 'WSLENV': 'VSCODE_WSL_EXT_LOCATION/up'}, 'shell': False}
[1.306356] (-) TimerEvent: {}
[1.407073] (-) TimerEvent: {}
[1.508401] (-) TimerEvent: {}
[1.609378] (-) TimerEvent: {}
[1.710279] (-) TimerEvent: {}
[1.751563] (shell_planning) StdoutLine: {'line': b'running egg_info\n'}
[1.753334] (shell_planning) StdoutLine: {'line': b'creating ../../build/shell_planning/shell_planning.egg-info\n'}
[1.754137] (shell_planning) StdoutLine: {'line': b'writing ../../build/shell_planning/shell_planning.egg-info/PKG-INFO\n'}
[1.755725] (shell_planning) StdoutLine: {'line': b'writing dependency_links to ../../build/shell_planning/shell_planning.egg-info/dependency_links.txt\n'}
[1.755944] (shell_planning) StdoutLine: {'line': b'writing entry points to ../../build/shell_planning/shell_planning.egg-info/entry_points.txt\n'}
[1.756039] (shell_planning) StdoutLine: {'line': b'writing requirements to ../../build/shell_planning/shell_planning.egg-info/requires.txt\n'}
[1.756117] (shell_planning) StdoutLine: {'line': b'writing top-level names to ../../build/shell_planning/shell_planning.egg-info/top_level.txt\n'}
[1.756193] (shell_planning) StdoutLine: {'line': b"writing manifest file '../../build/shell_planning/shell_planning.egg-info/SOURCES.txt'\n"}
[1.759039] (shell_planning) StdoutLine: {'line': b"reading manifest file '../../build/shell_planning/shell_planning.egg-info/SOURCES.txt'\n"}
[1.760797] (shell_planning) StdoutLine: {'line': b"writing manifest file '../../build/shell_planning/shell_planning.egg-info/SOURCES.txt'\n"}
[1.761604] (shell_planning) StdoutLine: {'line': b'running build\n'}
[1.761857] (shell_planning) StdoutLine: {'line': b'running build_py\n'}
[1.761998] (shell_planning) StdoutLine: {'line': b'creating /home/esraamustafa/Path_Planning_Shell_AI/ros2_sim/build/shell_planning/build\n'}
[1.762802] (shell_planning) StdoutLine: {'line': b'creating /home/esraamustafa/Path_Planning_Shell_AI/ros2_sim/build/shell_planning/build/lib\n'}
[1.763542] (shell_planning) StdoutLine: {'line': b'creating /home/esraamustafa/Path_Planning_Shell_AI/ros2_sim/build/shell_planning/build/lib/shell_planning\n'}
[1.764283] (shell_planning) StdoutLine: {'line': b'copying shell_planning/__init__.py -> /home/esraamustafa/Path_Planning_Shell_AI/ros2_sim/build/shell_planning/build/lib/shell_planning\n'}
[1.764477] (shell_planning) StdoutLine: {'line': b'copying shell_planning/global_planner_node.py -> /home/esraamustafa/Path_Planning_Shell_AI/ros2_sim/build/shell_planning/build/lib/shell_planning\n'}
[1.764971] (shell_planning) StdoutLine: {'line': b'running install\n'}
[1.766022] (shell_planning) StdoutLine: {'line': b'running install_lib\n'}
[1.767720] (shell_planning) StdoutLine: {'line': b'creating /home/esraamustafa/Path_Planning_Shell_AI/ros2_sim/install/shell_planning/lib/python3.10/site-packages/shell_planning\n'}
[1.768953] (shell_planning) StdoutLine: {'line': b'copying /home/esraamustafa/Path_Planning_Shell_AI/ros2_sim/build/shell_planning/build/lib/shell_planning/__init__.py -> /home/esraamustafa/Path_Planning_Shell_AI/ros2_sim/install/shell_planning/lib/python3.10/site-packages/shell_planning\n'}
[1.769164] (shell_planning) StdoutLine: {'line': b'copying /home/esraamustafa/Path_Planning_Shell_AI/ros2_sim/build/shell_planning/build/lib/shell_planning/global_planner_node.py -> /home/esraamustafa/Path_Planning_Shell_AI/ros2_sim/install/shell_planning/lib/python3.10/site-packages/shell_planning\n'}
[1.769671] (shell_planning) StdoutLine: {'line': b'byte-compiling /home/esraamustafa/Path_Planning_Shell_AI/ros2_sim/install/shell_planning/lib/python3.10/site-packages/shell_planning/__init__.py to __init__.cpython-310.pyc\n'}
[1.770690] (shell_planning) StdoutLine: {'line': b'byte-compiling /home/esraamustafa/Path_Planning_Shell_AI/ros2_sim/install/shell_planning/lib/python3.10/site-packages/shell_planning/global_planner_node.py to global_planner_node.cpython-310.pyc\n'}
[1.772653] (shell_planning) StdoutLine: {'line': b'running install_data\n'}
[1.773538] (shell_planning) StdoutLine: {'line': b'creating /home/esraamustafa/Path_Planning_Shell_AI/ros2_sim/install/shell_planning/share/ament_index\n'}
[1.774064] (shell_planning) StdoutLine: {'line': b'creating /home/esraamustafa/Path_Planning_Shell_AI/ros2_sim/install/shell_planning/share/ament_index/resource_index\n'}
[1.774251] (shell_planning) StdoutLine: {'line': b'creating /home/esraamustafa/Path_Planning_Shell_AI/ros2_sim/install/shell_planning/share/ament_index/resource_index/packages\n'}
[1.774408] (shell_planning) StdoutLine: {'line': b'copying resource/shell_planning -> /home/esraamustafa/Path_Planning_Shell_AI/ros2_sim/install/shell_planning/share/ament_index/resource_index/packages\n'}
[1.774593] (shell_planning) StdoutLine: {'line': b'copying package.xml -> /home/esraamustafa/Path_Planning_Shell_AI/ros2_sim/install/shell_planning/share/shell_planning\n'}
[1.775055] (shell_planning) StdoutLine: {'line': b'running install_egg_info\n'}
[1.779740] (shell_planning) StdoutLine: {'line': b'Copying ../../build/shell_planning/shell_planning.egg-info to /home/esraamustafa/Path_Planning_Shell_AI/ros2_sim/install/shell_planning/lib/python3.10/site-packages/shell_planning-0.0.0-py3.10.egg-info\n'}
[1.782498] (shell_planning) StdoutLine: {'line': b'running install_scripts\n'}
[1.810541] (-) TimerEvent: {}
[1.828972] (shell_planning) StdoutLine: {'line': b'Installing global_planner script to /home/esraamustafa/Path_Planning_Shell_AI/ros2_sim/install/shell_planning/lib/shell_planning\n'}
[1.830240] (shell_planning) StdoutLine: {'line': b"writing list of installed files to '/home/esraamustafa/Path_Planning_Shell_AI/ros2_sim/build/shell_planning/install.log'\n"}
[1.889051] (shell_planning) CommandEnded: {'returncode': 0}
[1.911640] (-) TimerEvent: {}
[1.916708] (shell_planning) JobEnded: {'identifier': 'shell_planning', 'rc': 0}
[2.012172] (-) TimerEvent: {}
[2.113404] (-) TimerEvent: {}
[2.214137] (-) TimerEvent: {}
[2.315217] (-) TimerEvent: {}
[2.417587] (-) TimerEvent: {}
[2.519142] (-) TimerEvent: {}
[2.620622] (-) TimerEvent: {}
[2.721662] (-) TimerEvent: {}
[2.822508] (-) TimerEvent: {}
[2.923655] (-) TimerEvent: {}
[3.025126] (-) TimerEvent: {}
[3.126526] (-) TimerEvent: {}
[3.237915] (-) TimerEvent: {}
[3.339468] (-) TimerEvent: {}
[3.440954] (-) TimerEvent: {}
[3.542431] (-) TimerEvent: {}
[3.643678] (-) TimerEvent: {}
[3.744648] (-) TimerEvent: {}
[3.845772] (-) TimerEvent: {}
[3.946901] (-) TimerEvent: {}
[4.048229] (-) TimerEvent: {}
[4.149069] (-) TimerEvent: {}
[4.250066] (-) TimerEvent: {}
[4.351448] (-) TimerEvent: {}
[4.446568] (shell_interfaces) StdoutLine: {'line': b'-- The CXX compiler identification is GNU 11.4.0\n'}
[4.451800] (-) TimerEvent: {}
[4.552815] (-) TimerEvent: {}
[4.654339] (-) TimerEvent: {}
[4.755339] (-) TimerEvent: {}
[4.856947] (-) TimerEvent: {}
[4.958377] (-) TimerEvent: {}
[5.059372] (-) TimerEvent: {}
[5.160604] (-) TimerEvent: {}
[5.261319] (-) TimerEvent: {}
[5.362346] (-) TimerEvent: {}
[5.463477] (-) TimerEvent: {}
[5.564840] (-) TimerEvent: {}
[5.666246] (-) TimerEvent: {}
[5.767047] (-) TimerEvent: {}
[5.868070] (-) TimerEvent: {}
[5.968836] (-) TimerEvent: {}
[6.069628] (-) TimerEvent: {}
[6.171001] (-) TimerEvent: {}
[6.271795] (-) TimerEvent: {}
[6.372789] (-) TimerEvent: {}
[6.473726] (-) TimerEvent: {}
[6.574803] (-) TimerEvent: {}
[6.675385] (-) TimerEvent: {}
[6.775890] (-) TimerEvent: {}
[6.876520] (-) TimerEvent: {}
[6.977197] (-) TimerEvent: {}
[7.078126] (-) TimerEvent: {}
[7.179092] (-) TimerEvent: {}
[7.222080] (shell_interfaces) StdoutLine: {'line': b'-- Detecting C compiler ABI info\n'}
[7.279418] (-) TimerEvent: {}
[7.380665] (-) TimerEvent: {}
[7.482073] (-) TimerEvent: {}
[7.583111] (-) TimerEvent: {}
[7.683750] (-) TimerEvent: {}
[7.784479] (-) TimerEvent: {}
[7.885339] (-) TimerEvent: {}
[7.986347] (-) TimerEvent: {}
[8.039242] (shell_interfaces) StdoutLine: {'line': b'-- Detecting C compiler ABI info - done\n'}
[8.053586] (shell_interfaces) StdoutLine: {'line': b'-- Check for working C compiler: /usr/bin/cc - skipped\n'}
[8.054086] (shell_interfaces) StdoutLine: {'line': b'-- Detecting C compile features\n'}
[8.054550] (shell_interfaces) StdoutLine: {'line': b'-- Detecting C compile features - done\n'}
[8.061251] (shell_interfaces) StdoutLine: {'line': b'-- Detecting CXX compiler ABI info\n'}
[8.086581] (-) TimerEvent: {}
[8.187157] (-) TimerEvent: {}
[8.287870] (-) TimerEvent: {}
[8.388434] (-) TimerEvent: {}
[8.489079] (-) TimerEvent: {}
[8.589959] (-) TimerEvent: {}
[8.620005] (shell_interfaces) StdoutLine: {'line': b'-- Detecting CXX compiler ABI info - done\n'}
[8.630721] (shell_interfaces) StdoutLine: {'line': b'-- Check for working CXX compiler: /usr/bin/c++ - skipped\n'}
[8.630952] (shell_interfaces) StdoutLine: {'line': b'-- Detecting CXX compile features\n'}
[8.632544] (shell_interfaces) StdoutLine: {'line': b'-- Detecting CXX compile features - done\n'}
[8.635404] (shell_interfaces) StdoutLine: {'line': b'-- Found ament_cmake: 1.3.12 (/opt/ros/humble/share/ament_cmake/cmake)\n'}
[8.690160] (-) TimerEvent: {}
[8.790725] (-) TimerEvent: {}
[8.862284] (shell_interfaces) StdoutLine: {'line': b'-- Found Python3: /usr/bin/python3 (found version "3.10.12") found components: Interpreter \n'}
[8.890900] (-) TimerEvent: {}
[8.991468] (-) TimerEvent: {}
[9.010208] (shell_interfaces) StdoutLine: {'line': b'-- Found rosidl_default_generators: 1.2.0 (/opt/ros/humble/share/rosidl_default_generators/cmake)\n'}
[9.015451] (shell_interfaces) StdoutLine: {'line': b'-- Using all available rosidl_typesupport_c: rosidl_typesupport_fastrtps_c;rosidl_typesupport_introspection_c\n'}
[9.025774] (shell_interfaces) StdoutLine: {'line': b'-- Found rosidl_adapter: 3.1.7 (/opt/ros/humble/share/rosidl_adapter/cmake)\n'}
[9.091651] (-) TimerEvent: {}
[9.192174] (-) TimerEvent: {}
[9.292655] (-) TimerEvent: {}
[9.393174] (-) TimerEvent: {}
[9.493934] (-) TimerEvent: {}
[9.594593] (-) TimerEvent: {}
[9.637277] (shell_interfaces) StdoutLine: {'line': b'-- Using all available rosidl_typesupport_cpp: rosidl_typesupport_fastrtps_cpp;rosidl_typesupport_introspection_cpp\n'}
[9.694920] (-) TimerEvent: {}
[9.795461] (-) TimerEvent: {}
[9.896112] (-) TimerEvent: {}
[9.996706] (-) TimerEvent: {}
[10.097418] (-) TimerEvent: {}
[10.198301] (-) TimerEvent: {}
[10.219646] (shell_interfaces) StdoutLine: {'line': b'-- Found ament_cmake_ros: 0.10.0 (/opt/ros/humble/share/ament_cmake_ros/cmake)\n'}
[10.298613] (-) TimerEvent: {}
[10.399589] (-) TimerEvent: {}
[10.500175] (-) TimerEvent: {}
[10.569951] (shell_interfaces) StdoutLine: {'line': b'-- Using all available rosidl_typesupport_c: rosidl_typesupport_fastrtps_c;rosidl_typesupport_introspection_c\n'}
[10.600537] (-) TimerEvent: {}
[10.701322] (-) TimerEvent: {}
[10.802226] (-) TimerEvent: {}
[10.902992] (-) TimerEvent: {}
[10.957766] (shell_interfaces) StdoutLine: {'line': b'-- Using all available rosidl_typesupport_cpp: rosidl_typesupport_fastrtps_cpp;rosidl_typesupport_introspection_cpp\n'}
[11.003143] (-) TimerEvent: {}
[11.103605] (-) TimerEvent: {}
[11.204067] (-) TimerEvent: {}
[11.304534] (-) TimerEvent: {}
[11.405094] (-) TimerEvent: {}
[11.503001] (shell_interfaces) StdoutLine: {'line': b'-- Found PythonInterp: /usr/bin/python3 (found suitable version "3.10.12", minimum required is "3.6") \n'}
[11.504664] (shell_interfaces) StdoutLine: {'line': b'-- Found python_cmake_module: 0.10.0 (/opt/ros/humble/share/python_cmake_module/cmake)\n'}
[11.505173] (-) TimerEvent: {}
[11.605520] (-) TimerEvent: {}
[11.705968] (-) TimerEvent: {}
[11.806580] (-) TimerEvent: {}
[11.907023] (-) TimerEvent: {}
[12.007594] (-) TimerEvent: {}
[12.108180] (-) TimerEvent: {}
[12.208726] (-) TimerEvent: {}
[12.309408] (-) TimerEvent: {}
[12.409923] (-) TimerEvent: {}
[12.510457] (-) TimerEvent: {}
[12.610987] (-) TimerEvent: {}
[12.711653] (-) TimerEvent: {}
[12.812231] (-) TimerEvent: {}
[12.912643] (-) TimerEvent: {}
[13.013060] (-) TimerEvent: {}
[13.113620] (-) TimerEvent: {}
[13.143995] (shell_interfaces) StdoutLine: {'line': b'-- Found PythonLibs: /usr/lib/x86_64-linux-gnu/libpython3.10.so (found suitable version "3.10.12", minimum required is "3.5") \n'}
[13.144639] (shell_interfaces) StdoutLine: {'line': b'-- Using PYTHON_EXECUTABLE: /usr/bin/python3\n'}
[13.144742] (shell_interfaces) StdoutLine: {'line': b'-- Using PYTHON_INCLUDE_DIRS: /usr/include/python3.10\n'}
[13.144807] (shell_interfaces) StdoutLine: {'line': b'-- Using PYTHON_LIBRARIES: /usr/lib/x86_64-linux-gnu/libpython3.10.so\n'}
[13.175597] (shell_interfaces) StdoutLine: {'line': b'-- Found PythonExtra: .so  \n'}
[13.213916] (-) TimerEvent: {}
[13.314636] (-) TimerEvent: {}
[13.399880] (shell_interfaces) StdoutLine: {'line': b'-- Configuring done\n'}
[13.414889] (-) TimerEvent: {}
[13.448803] (shell_interfaces) StdoutLine: {'line': b'-- Generating done\n'}
[13.462093] (shell_interfaces) StdoutLine: {'line': b'-- Build files have been written to: /home/esraamustafa/Path_Planning_Shell_AI/ros2_sim/build/shell_interfaces\n'}
[13.471881] (shell_interfaces) CommandEnded: {'returncode': 0}
[13.476418] (shell_interfaces) JobProgress: {'identifier': 'shell_interfaces', 'progress': 'build'}
[13.476532] (shell_interfaces) Command: {'cmd': ['/usr/bin/cmake', '--build', '/home/esraamustafa/Path_Planning_Shell_AI/ros2_sim/build/shell_interfaces', '--', '-j12', '-l12'], 'cwd': '/home/esraamustafa/Path_Planning_Shell_AI/ros2_sim/build/shell_interfaces', 'env': OrderedDict([('PYTHON_BASIC_REPL', '1'), ('LESSOPEN', '| /usr/bin/lesspipe %s'), ('USER', 'esraamustafa'), ('GIT_ASKPASS', '/home/esraamustafa/.vscode-server/bin/c9d77990917f3102ada88be140d28b038d1dd7c7/extensions/git/dist/askpass.sh'), ('SHLVL', '1'), ('LD_LIBRARY_PATH', '/home/esraamustafa/Path_Planning_Shell_AI/ros2_sim/install/shell_interfaces/lib:/opt/ros/humble/opt/rviz_ogre_vendor/lib:/opt/ros/humble/lib/x86_64-linux-gnu:/opt/ros/humble/lib'), ('MOTD_SHOWN', 'update-motd'), ('HOME', '/home/esraamustafa'), ('OLDPWD', '/home/esraamustafa/Path_Planning_Shell_AI/ros2_sim'), ('TERM_PROGRAM_VERSION', '1.108.2'), ('VSCODE_IPC_HOOK_CLI', '/run/user/1000/vscode-ipc-bd46b4a8-d29c-4fd5-8e42-55c50359dab7.sock'), ('ROS_PYTHON_VERSION', '3'), ('VSCODE_GIT_ASKPASS_MAIN', '/home/esraamustafa/.vscode-server/bin/c9d77990917f3102ada88be140d28b038d1dd7c7/extensions/git/dist/askpass-main.js'), ('VSCODE_GIT_ASKPASS_NODE', '/home/esraamustafa/.vscode-server/bin/c9d77990917f3102ada88be140d28b038d1dd7c7/node'), ('PYDEVD_DISABLE_FILE_VALIDATION', '1'), ('BUNDLED_DEBUGPY_PATH', '/home/esraamustafa/.vscode-server/extensions/ms-python.debugpy-2025.18.0-linux-x64/bundled/libs/debugpy'), ('VSCODE_PYTHON_AUTOACTIVATE_GUARD', '1'), ('DBUS_SESSION_BUS_ADDRESS', 'unix:path=/run/user/1000/bus'), ('COLORTERM', 'truecolor'), ('WSL_DISTRO_NAME', 'Ubuntu-22.04'), ('WAYLAND_DISPLAY', 'wayland-0'), ('COLCON_PREFIX_PATH', '/home/esraamustafa/Path_Planning_Shell_AI/ros2_sim/install'), ('ROS_DISTRO', 'humble'), ('LOGNAME', 'esraamustafa'), ('NAME', 'Esraa'), ('WSL_INTEROP', '/run/WSL/484056_interop'), ('PULSE_SERVER', 'unix:/mnt/wslg/PulseServer'), ('_', '/usr/bin/colcon'), ('ROS_VERSION', '2'), ('TERM', 'xterm-256color'), ('ROS_LOCALHOST_ONLY', '0'), ('PATH', '/home/esraamustafa/.vscode-server/data/User/globalStorage/github.copilot-chat/debugCommand:/home/esraamustafa/.vscode-server/data/User/globalStorage/github.copilot-chat/copilotCli:/home/esraamustafa/.vscode-server/bin/c9d77990917f3102ada88be140d28b038d1dd7c7/bin/remote-cli:/home/esraamustafa/.local/bin:/opt/ros/humble/bin:/usr/local/sbin:/usr/local/bin:/usr/sbin:/usr/bin:/sbin:/bin:/usr/games:/usr/local/games:/usr/lib/wsl/lib:/mnt/c/Program Files/Common Files/Oracle/Java/javapath:/mnt/c/Users/esraa/AppData/Local/Programs/Python/Python312/Scripts/:/mnt/c/Users/esraa/AppData/Local/Programs/Python/Python312/:/mnt/c/WINDOWS/system32:/mnt/c/WINDOWS:/mnt/c/WINDOWS/System32/Wbem:/mnt/c/WINDOWS/System32/WindowsPowerShell/v1.0/:/mnt/c/WINDOWS/System32/OpenSSH/:/mnt/c/Program Files/dotnet/:/mnt/c/Program Files/Git/cmd:/mnt/c/Program Files/nodejs/:/mnt/c/ProgramData/chocolatey/bin:/mnt/c/msys64/mingw64/bin:/mnt/c/Program Files/GitHub CLI/:/mnt/c/Program Files/MATLAB/R2024b/bin:/mnt/c/Program Files (x86)/Microsoft SQL Server/160/Tools/Binn/:/mnt/c/Program Files/Microsoft SQL Server/160/Tools/Binn/:/mnt/c/Program Files/Microsoft SQL Server/Client SDK/ODBC/170/Tools/Binn/:/mnt/c/Program Files/Microsoft SQL Server/160/DTS/Binn/:/mnt/c/Program Files/Microsoft SQL Server/150/Tools/Binn/:/mnt/c/Program Files/CMake/bin:/mnt/c/Program Files/Docker/Docker/resources/bin:/mnt/c/xampp/php/php.exe:/mnt/c/Users/esraa/AppData/Local/Programs/Python/Python314/Scripts/:/mnt/c/Users/esraa/AppData/Local/Programs/Python/Python314/:/mnt/c/Users/esraa/AppData/Local/Programs/Python/Launcher/:/mnt/c/Users/esraa/AppData/Local/Microsoft/WindowsApps:/mnt/c/Users/esraa/AppData/Local/Programs/Microsoft_VS_Code/bin:/mnt/c/Users/esraa/AppData/Local/Microsoft/WinGet/Packages/Schniz.fnm_Microsoft.Winget.Source_8wekyb3d8bbwe:/mnt/c/Users/esraa/AppData/Roaming/npm:/mnt/c/Users/esraa/AppData/Local/GitHubDesktop/bin:/mnt/c/Users/esraa/.dotnet/tools:/mnt/d/IntelliJ IDEA 2024.2.3/bin:/mnt/c/Program Files/JetBrains/IntelliJ IDEA Community Edition 2024.2.3/bin:/mnt/c/Program Files/MongoDB/Server/8.2/bin:/mnt/c/Users/esraa/AppData/Local/Programs/mongosh/:/snap/bin:/home/esraamustafa/.vscode-server/extensions/ms-python.debugpy-2025.18.0-linux-x64/bundled/scripts/noConfigScripts'), ('XDG_RUNTIME_DIR', '/run/user/1000/'), ('DISPLAY', ':0'), ('VSCODE_DEBUGPY_ADAPTER_ENDPOINTS', '/home/esraamustafa/.vscode-server/extensions/ms-python.debugpy-2025.18.0-linux-x64/.noConfigDebugAdapterEndpoints/endpoint-89b519da86041899.txt'), ('LANG', 'C.UTF-8'), ('PYTHONSTARTUP', '/home/esraamustafa/.vscode-server/data/User/workspaceStorage/f36fee122dc2889c714ba7fb02f7bb3e/ms-python.python/pythonrc.py'), ('LS_COLORS', 'rs=0:di=01;34:ln=01;36:mh=00:pi=40;33:so=01;35:do=01;35:bd=40;33;01:cd=40;33;01:or=40;31;01:mi=00:su=37;41:sg=30;43:ca=30;41:tw=30;42:ow=34;42:st=37;44:ex=01;32:*.tar=01;31:*.tgz=01;31:*.arc=01;31:*.arj=01;31:*.taz=01;31:*.lha=01;31:*.lz4=01;31:*.lzh=01;31:*.lzma=01;31:*.tlz=01;31:*.txz=01;31:*.tzo=01;31:*.t7z=01;31:*.zip=01;31:*.z=01;31:*.dz=01;31:*.gz=01;31:*.lrz=01;31:*.lz=01;31:*.lzo=01;31:*.xz=01;31:*.zst=01;31:*.tzst=01;31:*.bz2=01;31:*.bz=01;31:*.tbz=01;31:*.tbz2=01;31:*.tz=01;31:*.deb=01;31:*.rpm=01;31:*.jar=01;31:*.war=01;31:*.ear=01;31:*.sar=01;31:*.rar=01;31:*.alz=01;31:*.ace=01;31:*.zoo=01;31:*.cpio=01;31:*.7z=01;31:*.rz=01;31:*.cab=01;31:*.wim=01;31:*.swm=01;31:*.dwm=01;31:*.esd=01;31:*.jpg=01;35:*.jpeg=01;35:*.mjpg=01;35:*.mjpeg=01;35:*.gif=01;35:*.bmp=01;35:*.pbm=01;35:*.pgm=01;35:*.ppm=01;35:*.tga=01;35:*.xbm=01;35:*.xpm=01;35:*.tif=01;35:*.tiff=01;35:*.png=01;35:*.svg=01;35:*.svgz=01;35:*.mng=01;35:*.pcx=01;35:*.mov=01;35:*.mpg=01;35:*.mpeg=01;35:*.m2v=01;35:*.mkv=01;35:*.webm=01;35:*.webp=01;35:*.ogm=01;35:*.mp4=01;35:*.m4v=01;35:*.mp4v=01;35:*.vob=01;35:*.qt=01;35:*.nuv=01;35:*.wmv=01;35:*.asf=01;35:*.rm=01;35:*.rmvb=01;35:*.flc=01;35:*.avi=01;35:*.fli=01;35:*.flv=01;35:*.gl=01;35:*.dl=01;35:*.xcf=01;35:*.xwd=01;35:*.yuv=01;35:*.cgm=01;35:*.emf=01;35:*.ogv=01;35:*.ogx=01;35:*.aac=00;36:*.au=00;36:*.flac=00;36:*.m4a=00;36:*.mid=00;36:*.midi=00;36:*.mka=00;36:*.mp3=00;36:*.mpc=00;36:*.ogg=00;36:*.ra=00;36:*.wav=00;36:*.oga=00;36:*.opus=00;36:*.spx=00;36:*.xspf=00;36:'), ('VSCODE_GIT_IPC_HANDLE', '/run/user/1000/vscode-git-2aeea19411.sock'), ('TERM_PROGRAM', 'vscode'), ('AMENT_PREFIX_PATH', '/home/esraamustafa/Path_Planning_Shell_AI/ros2_sim/install/shell_visualization:/home/esraamustafa/Path_Planning_Shell_AI/ros2_sim/install/shell_test_nodes:/home/esraamustafa/Path_Planning_Shell_AI/ros2_sim/install/shell_planning:/home/esraamustafa/Path_Planning_Shell_AI/ros2_sim/install/shell_interfaces:/opt/ros/humble'), ('SHELL', '/bin/bash'), ('LESSCLOSE', '/usr/bin/lesspipe %s %s'), ('VSCODE_GIT_ASKPASS_EXTRA_ARGS', ''), ('PWD', '/home/esraamustafa/Path_Planning_Shell_AI/ros2_sim/build/shell_interfaces'), ('XDG_DATA_DIRS', '/usr/local/share:/usr/share:/var/lib/snapd/desktop'), ('PYTHONPATH', '/home/esraamustafa/Path_Planning_Shell_AI/ros2_sim/install/shell_visualization/lib/python3.10/site-packages:/home/esraamustafa/Path_Planning_Shell_AI/ros2_sim/build/shell_test_nodes:/home/esraamustafa/Path_Planning_Shell_AI/ros2_sim/install/shell_test_nodes/lib/python3.10/site-packages:/home/esraamustafa/Path_Planning_Shell_AI/ros2_sim/build/shell_planning:/home/esraamustafa/Path_Planning_Shell_AI/ros2_sim/install/shell_planning/lib/python3.10/site-packages:/home/esraamustafa/Path_Planning_Shell_AI/ros2_sim/install/shell_interfaces/local/lib/python3.10/dist-packages:/opt/ros/humble/lib/python3.10/site-packages:/opt/ros/humble/local/lib/python3.10/dist-packages'), ('COLCON', '1'), ('WSL2_GUI_APPS_ENABLED', '1'), ('HOSTTYPE', 'x86_64'), ('CMAKE_PREFIX_PATH', '/home/esraamustafa/Path_Planning_Shell_AI/ros2_sim/install/shell_interfaces:/home/esraamustafa/Path_Planning_Shell_AI/ros2_sim/install/shell_visualization:/home/esraamustafa/Path_Planning_Shell_AI/ros2_sim/install/shell_test_nodes:/home/esraamustafa/Path_Planning_Shell_AI/ros2_sim/install/shell_planning:/opt/ros/humble'), ('WSLENV', 'VSCODE_WSL_EXT_LOCATION/up')]), 'shell': False}
[13.515126] (-) TimerEvent: {}
[13.532263] (shell_interfaces) StdoutLine: {'line': b'[  2%] \x1b[34m\x1b[1mGenerating C code for ROS interfaces\x1b[0m\n'}
[13.540730] (shell_interfaces) StdoutLine: {'line': b'[  5%] \x1b[34m\x1b[1mGenerating C++ code for ROS interfaces\x1b[0m\n'}
[13.556750] (shell_interfaces) StdoutLine: {'line': b'[  5%] Built target ament_cmake_python_copy_shell_interfaces\n'}
[13.615464] (-) TimerEvent: {}
[13.716175] (-) TimerEvent: {}
[13.816886] (-) TimerEvent: {}
[13.917601] (-) TimerEvent: {}
[14.018706] (-) TimerEvent: {}
[14.120194] (-) TimerEvent: {}
[14.122324] (shell_interfaces) StdoutLine: {'line': b'running egg_info\n'}
[14.124284] (shell_interfaces) StdoutLine: {'line': b'creating shell_interfaces.egg-info\n'}
[14.125595] (shell_interfaces) StdoutLine: {'line': b'writing shell_interfaces.egg-info/PKG-INFO\n'}
[14.126510] (shell_interfaces) StdoutLine: {'line': b'writing dependency_links to shell_interfaces.egg-info/dependency_links.txt\n'}
[14.128915] (shell_interfaces) StdoutLine: {'line': b'writing top-level names to shell_interfaces.egg-info/top_level.txt\n'}
[14.129275] (shell_interfaces) StdoutLine: {'line': b"writing manifest file 'shell_interfaces.egg-info/SOURCES.txt'\n"}
[14.134913] (shell_interfaces) StdoutLine: {'line': b"reading manifest file 'shell_interfaces.egg-info/SOURCES.txt'\n"}
[14.137318] (shell_interfaces) StdoutLine: {'line': b"writing manifest file 'shell_interfaces.egg-info/SOURCES.txt'\n"}
[14.163183] (shell_interfaces) StdoutLine: {'line': b'[  5%] Built target shell_interfaces__cpp\n'}
[14.203720] (shell_interfaces) StdoutLine: {'line': b'[  7%] \x1b[34m\x1b[1mGenerating C++ type support dispatch for ROS interfaces\x1b[0m\n'}
[14.220482] (-) TimerEvent: {}
[14.222380] (shell_interfaces) StdoutLine: {'line': b'[ 10%] \x1b[34m\x1b[1mGenerating C++ introspection for ROS interfaces\x1b[0m\n'}
[14.223302] (shell_interfaces) StdoutLine: {'line': b'[ 12%] \x1b[34m\x1b[1mGenerating C++ type support for eProsima Fast-RTPS\x1b[0m\n'}
[14.231846] (shell_interfaces) StdoutLine: {'line': b'[ 12%] Built target ament_cmake_python_build_shell_interfaces_egg\n'}
[14.285801] (shell_interfaces) StdoutLine: {'line': b'[ 15%] \x1b[32mBuilding C object CMakeFiles/shell_interfaces__rosidl_generator_c.dir/rosidl_generator_c/shell_interfaces/msg/detail/trajectory__functions.c.o\x1b[0m\n'}
[14.287330] (shell_interfaces) StdoutLine: {'line': b'[ 17%] \x1b[32mBuilding C object CMakeFiles/shell_interfaces__rosidl_generator_c.dir/rosidl_generator_c/shell_interfaces/msg/detail/trajectory_point__functions.c.o\x1b[0m\n'}
[14.320873] (-) TimerEvent: {}
[14.421926] (-) TimerEvent: {}
[14.474032] (shell_interfaces) StdoutLine: {'line': b'[ 20%] \x1b[32m\x1b[1mLinking C shared library libshell_interfaces__rosidl_generator_c.so\x1b[0m\n'}
[14.522129] (-) TimerEvent: {}
[14.623067] (-) TimerEvent: {}
[14.723904] (-) TimerEvent: {}
[14.824800] (-) TimerEvent: {}
[14.925986] (-) TimerEvent: {}
[15.012342] (shell_interfaces) StdoutLine: {'line': b'[ 23%] \x1b[32mBuilding CXX object CMakeFiles/shell_interfaces__rosidl_typesupport_cpp.dir/rosidl_typesupport_cpp/shell_interfaces/msg/trajectory_point__type_support.cpp.o\x1b[0m\n'}
[15.020948] (shell_interfaces) StdoutLine: {'line': b'[ 25%] \x1b[32mBuilding CXX object CMakeFiles/shell_interfaces__rosidl_typesupport_cpp.dir/rosidl_typesupport_cpp/shell_interfaces/msg/trajectory__type_support.cpp.o\x1b[0m\n'}
[15.026355] (-) TimerEvent: {}
[15.127456] (shell_interfaces) StdoutLine: {'line': b'[ 28%] \x1b[32mBuilding CXX object CMakeFiles/shell_interfaces__rosidl_typesupport_introspection_cpp.dir/rosidl_typesupport_introspection_cpp/shell_interfaces/msg/detail/trajectory__type_support.cpp.o\x1b[0m\n'}
[15.128220] (-) TimerEvent: {}
[15.132982] (shell_interfaces) StdoutLine: {'line': b'[ 30%] \x1b[32mBuilding CXX object CMakeFiles/shell_interfaces__rosidl_typesupport_introspection_cpp.dir/rosidl_typesupport_introspection_cpp/shell_interfaces/msg/detail/trajectory_point__type_support.cpp.o\x1b[0m\n'}
[15.153484] (shell_interfaces) StdoutLine: {'line': b'[ 30%] Built target shell_interfaces__rosidl_generator_c\n'}
[15.208192] (shell_interfaces) StdoutLine: {'line': b'[ 33%] \x1b[34m\x1b[1mGenerating C type support dispatch for ROS interfaces\x1b[0m\n'}
[15.215444] (shell_interfaces) StdoutLine: {'line': b'[ 35%] \x1b[34m\x1b[1mGenerating C type support for eProsima Fast-RTPS\x1b[0m\n'}
[15.228697] (-) TimerEvent: {}
[15.240387] (shell_interfaces) StdoutLine: {'line': b'[ 38%] \x1b[34m\x1b[1mGenerating C introspection for ROS interfaces\x1b[0m\n'}
[15.330008] (-) TimerEvent: {}
[15.392182] (shell_interfaces) StdoutLine: {'line': b'[ 41%] \x1b[32mBuilding CXX object CMakeFiles/shell_interfaces__rosidl_typesupport_fastrtps_cpp.dir/rosidl_typesupport_fastrtps_cpp/shell_interfaces/msg/detail/dds_fastrtps/trajectory__type_support.cpp.o\x1b[0m\n'}
[15.392753] (shell_interfaces) StdoutLine: {'line': b'[ 43%] \x1b[32mBuilding CXX object CMakeFiles/shell_interfaces__rosidl_typesupport_fastrtps_cpp.dir/rosidl_typesupport_fastrtps_cpp/shell_interfaces/msg/detail/dds_fastrtps/trajectory_point__type_support.cpp.o\x1b[0m\n'}
[15.430275] (-) TimerEvent: {}
[15.533250] (-) TimerEvent: {}
[15.634402] (-) TimerEvent: {}
[15.735427] (-) TimerEvent: {}
[15.836887] (-) TimerEvent: {}
[15.937865] (-) TimerEvent: {}
[16.038620] (-) TimerEvent: {}
[16.139331] (-) TimerEvent: {}
[16.240165] (-) TimerEvent: {}
[16.341129] (-) TimerEvent: {}
[16.441988] (-) TimerEvent: {}
[16.542830] (-) TimerEvent: {}
[16.589609] (shell_interfaces) StdoutLine: {'line': b'[ 46%] \x1b[32mBuilding CXX object CMakeFiles/shell_interfaces__rosidl_typesupport_c.dir/rosidl_typesupport_c/shell_interfaces/msg/trajectory_point__type_support.cpp.o\x1b[0m\n'}
[16.624747] (shell_interfaces) StdoutLine: {'line': b'[ 48%] \x1b[32mBuilding CXX object CMakeFiles/shell_interfaces__rosidl_typesupport_c.dir/rosidl_typesupport_c/shell_interfaces/msg/trajectory__type_support.cpp.o\x1b[0m\n'}
[16.643218] (-) TimerEvent: {}
[16.744613] (-) TimerEvent: {}
[16.845414] (-) TimerEvent: {}
[16.897427] (shell_interfaces) StdoutLine: {'line': b'[ 51%] \x1b[32m\x1b[1mLinking CXX shared library libshell_interfaces__rosidl_typesupport_c.so\x1b[0m\n'}
[16.945695] (-) TimerEvent: {}
[17.046876] (-) TimerEvent: {}
[17.149246] (-) TimerEvent: {}
[17.250046] (-) TimerEvent: {}
[17.342273] (shell_interfaces) StdoutLine: {'line': b'[ 53%] \x1b[32m\x1b[1mLinking CXX shared library libshell_interfaces__rosidl_typesupport_cpp.so\x1b[0m\n'}
[17.350666] (-) TimerEvent: {}
[17.449885] (shell_interfaces) StdoutLine: {'line': b'[ 56%] \x1b[32mBuilding C object CMakeFiles/shell_interfaces__rosidl_typesupport_introspection_c.dir/rosidl_typesupport_introspection_c/shell_interfaces/msg/detail/trajectory__type_support.c.o\x1b[0m\n'}
[17.450907] (-) TimerEvent: {}
[17.482162] (shell_interfaces) StdoutLine: {'line': b'[ 58%] \x1b[32mBuilding C object CMakeFiles/shell_interfaces__rosidl_typesupport_introspection_c.dir/rosidl_typesupport_introspection_c/shell_interfaces/msg/detail/trajectory_point__type_support.c.o\x1b[0m\n'}
[17.520854] (shell_interfaces) StdoutLine: {'line': b'[ 61%] \x1b[32mBuilding CXX object CMakeFiles/shell_interfaces__rosidl_typesupport_fastrtps_c.dir/rosidl_typesupport_fastrtps_c/shell_interfaces/msg/detail/trajectory__type_support_c.cpp.o\x1b[0m\n'}
[17.526173] (shell_interfaces) StdoutLine: {'line': b'[ 64%] \x1b[32mBuilding CXX object CMakeFiles/shell_interfaces__rosidl_typesupport_fastrtps_c.dir/rosidl_typesupport_fastrtps_c/shell_interfaces/msg/detail/trajectory_point__type_support_c.cpp.o\x1b[0m\n'}
[17.560186] (-) TimerEvent: {}
[17.662811] (-) TimerEvent: {}
[17.711025] (shell_interfaces) StdoutLine: {'line': b'[ 66%] \x1b[32m\x1b[1mLinking C shared library libshell_interfaces__rosidl_typesupport_introspection_c.so\x1b[0m\n'}
[17.763218] (-) TimerEvent: {}
[17.865386] (-) TimerEvent: {}
[17.966949] (-) TimerEvent: {}
[18.014633] (shell_interfaces) StdoutLine: {'line': b'[ 66%] Built target shell_interfaces__rosidl_typesupport_c\n'}
[18.067202] (-) TimerEvent: {}
[18.168140] (-) TimerEvent: {}
[18.269388] (-) TimerEvent: {}
[18.370747] (-) TimerEvent: {}
[18.472131] (-) TimerEvent: {}
[18.473714] (shell_interfaces) StdoutLine: {'line': b'[ 66%] Built target shell_interfaces__rosidl_typesupport_cpp\n'}
[18.572674] (-) TimerEvent: {}
[18.674041] (-) TimerEvent: {}
[18.734469] (shell_interfaces) StdoutLine: {'line': b'[ 69%] \x1b[32m\x1b[1mLinking CXX shared library libshell_interfaces__rosidl_typesupport_introspection_cpp.so\x1b[0m\n'}
[18.774276] (-) TimerEvent: {}
[18.875290] (-) TimerEvent: {}
[18.938415] (shell_interfaces) StdoutLine: {'line': b'[ 69%] Built target shell_interfaces__rosidl_typesupport_introspection_c\n'}
[18.975725] (-) TimerEvent: {}
[19.053840] (shell_interfaces) StdoutLine: {'line': b'[ 71%] \x1b[32m\x1b[1mLinking CXX shared library libshell_interfaces__rosidl_typesupport_fastrtps_cpp.so\x1b[0m\n'}
[19.076033] (-) TimerEvent: {}
[19.177037] (-) TimerEvent: {}
[19.278076] (-) TimerEvent: {}
[19.363855] (shell_interfaces) StdoutLine: {'line': b'[ 74%] \x1b[32m\x1b[1mLinking CXX shared library libshell_interfaces__rosidl_typesupport_fastrtps_c.so\x1b[0m\n'}
[19.378396] (-) TimerEvent: {}
[19.456759] (shell_interfaces) StdoutLine: {'line': b'[ 74%] Built target shell_interfaces__rosidl_typesupport_introspection_cpp\n'}
[19.478607] (-) TimerEvent: {}
[19.579456] (-) TimerEvent: {}
[19.633969] (shell_interfaces) StdoutLine: {'line': b'[ 74%] Built target shell_interfaces__rosidl_typesupport_fastrtps_cpp\n'}
[19.679660] (-) TimerEvent: {}
[19.780410] (-) TimerEvent: {}
[19.881224] (-) TimerEvent: {}
[19.910043] (shell_interfaces) StdoutLine: {'line': b'[ 74%] Built target shell_interfaces__rosidl_typesupport_fastrtps_c\n'}
[19.945241] (shell_interfaces) StdoutLine: {'line': b'[ 74%] Built target shell_interfaces\n'}
[19.978563] (shell_interfaces) StdoutLine: {'line': b'[ 76%] \x1b[34m\x1b[1mGenerating Python code for ROS interfaces\x1b[0m\n'}
[19.981639] (-) TimerEvent: {}
[20.082313] (-) TimerEvent: {}
[20.182827] (-) TimerEvent: {}
[20.283699] (-) TimerEvent: {}
[20.384330] (-) TimerEvent: {}
[20.484897] (-) TimerEvent: {}
[20.494165] (shell_interfaces) StdoutLine: {'line': b'[ 76%] Built target shell_interfaces__py\n'}
[20.530017] (shell_interfaces) StdoutLine: {'line': b'[ 79%] \x1b[32mBuilding C object CMakeFiles/shell_interfaces__rosidl_generator_py.dir/rosidl_generator_py/shell_interfaces/msg/_trajectory_point_s.c.o\x1b[0m\n'}
[20.530840] (shell_interfaces) StdoutLine: {'line': b'[ 82%] \x1b[32mBuilding C object CMakeFiles/shell_interfaces__rosidl_generator_py.dir/rosidl_generator_py/shell_interfaces/msg/_trajectory_s.c.o\x1b[0m\n'}
[20.585169] (-) TimerEvent: {}
[20.680507] (shell_interfaces) StdoutLine: {'line': b'[ 84%] \x1b[32m\x1b[1mLinking C shared library rosidl_generator_py/shell_interfaces/libshell_interfaces__rosidl_generator_py.so\x1b[0m\n'}
[20.685456] (-) TimerEvent: {}
[20.786091] (-) TimerEvent: {}
[20.886496] (-) TimerEvent: {}
[20.986947] (-) TimerEvent: {}
[21.070617] (shell_interfaces) StdoutLine: {'line': b'[ 84%] Built target shell_interfaces__rosidl_generator_py\n'}
[21.087237] (-) TimerEvent: {}
[21.108103] (shell_interfaces) StdoutLine: {'line': b'[ 87%] \x1b[32mBuilding C object CMakeFiles/shell_interfaces__rosidl_typesupport_introspection_c__pyext.dir/rosidl_generator_py/shell_interfaces/_shell_interfaces_s.ep.rosidl_typesupport_introspection_c.c.o\x1b[0m\n'}
[21.109385] (shell_interfaces) StdoutLine: {'line': b'[ 89%] \x1b[32mBuilding C object CMakeFiles/shell_interfaces__rosidl_typesupport_fastrtps_c__pyext.dir/rosidl_generator_py/shell_interfaces/_shell_interfaces_s.ep.rosidl_typesupport_fastrtps_c.c.o\x1b[0m\n'}
[21.115208] (shell_interfaces) StdoutLine: {'line': b'[ 92%] \x1b[32mBuilding C object CMakeFiles/shell_interfaces__rosidl_typesupport_c__pyext.dir/rosidl_generator_py/shell_interfaces/_shell_interfaces_s.ep.rosidl_typesupport_c.c.o\x1b[0m\n'}
[21.187564] (-) TimerEvent: {}
[21.288462] (-) TimerEvent: {}
[21.351090] (shell_interfaces) StdoutLine: {'line': b'[ 94%] \x1b[32m\x1b[1mLinking C shared library rosidl_generator_py/shell_interfaces/shell_interfaces_s__rosidl_typesupport_fastrtps_c.cpython-310-x86_64-linux-gnu.so\x1b[0m\n'}
[21.359422] (shell_interfaces) StdoutLine: {'line': b'[ 97%] \x1b[32m\x1b[1mLinking C shared library rosidl_generator_py/shell_interfaces/shell_interfaces_s__rosidl_typesupport_c.cpython-310-x86_64-linux-gnu.so\x1b[0m\n'}
[21.384295] (shell_interfaces) StdoutLine: {'line': b'[100%] \x1b[32m\x1b[1mLinking C shared library rosidl_generator_py/shell_interfaces/shell_interfaces_s__rosidl_typesupport_introspection_c.cpython-310-x86_64-linux-gnu.so\x1b[0m\n'}
[21.388686] (-) TimerEvent: {}
[21.489405] (-) TimerEvent: {}
[21.590311] (-) TimerEvent: {}
[21.691243] (-) TimerEvent: {}
[21.776798] (shell_interfaces) StdoutLine: {'line': b'[100%] Built target shell_interfaces__rosidl_typesupport_fastrtps_c__pyext\n'}
[21.780486] (shell_interfaces) StdoutLine: {'line': b'[100%] Built target shell_interfaces__rosidl_typesupport_c__pyext\n'}
[21.791634] (-) TimerEvent: {}
[21.892763] (-) TimerEvent: {}
[21.939962] (shell_interfaces) StdoutLine: {'line': b'[100%] Built target shell_interfaces__rosidl_typesupport_introspection_c__pyext\n'}
[21.969442] (shell_interfaces) CommandEnded: {'returncode': 0}
[21.972551] (shell_interfaces) JobProgress: {'identifier': 'shell_interfaces', 'progress': 'install'}
[21.993149] (-) TimerEvent: {}
[21.999056] (shell_interfaces) Command: {'cmd': ['/usr/bin/cmake', '--install', '/home/esraamustafa/Path_Planning_Shell_AI/ros2_sim/build/shell_interfaces'], 'cwd': '/home/esraamustafa/Path_Planning_Shell_AI/ros2_sim/build/shell_interfaces', 'env': OrderedDict([('PYTHON_BASIC_REPL', '1'), ('LESSOPEN', '| /usr/bin/lesspipe %s'), ('USER', 'esraamustafa'), ('GIT_ASKPASS', '/home/esraamustafa/.vscode-server/bin/c9d77990917f3102ada88be140d28b038d1dd7c7/extensions/git/dist/askpass.sh'), ('SHLVL', '1'), ('LD_LIBRARY_PATH', '/home/esraamustafa/Path_Planning_Shell_AI/ros2_sim/install/shell_interfaces/lib:/opt/ros/humble/opt/rviz_ogre_vendor/lib:/opt/ros/humble/lib/x86_64-linux-gnu:/opt/ros/humble/lib'), ('MOTD_SHOWN', 'update-motd'), ('HOME', '/home/esraamustafa'), ('OLDPWD', '/home/esraamustafa/Path_Planning_Shell_AI/ros2_sim'), ('TERM_PROGRAM_VERSION', '1.108.2'), ('VSCODE_IPC_HOOK_CLI', '/run/user/1000/vscode-ipc-bd46b4a8-d29c-4fd5-8e42-55c50359dab7.sock'), ('ROS_PYTHON_VERSION', '3'), ('VSCODE_GIT_ASKPASS_MAIN', '/home/esraamustafa/.vscode-server/bin/c9d77990917f3102ada88be140d28b038d1dd7c7/extensions/git/dist/askpass-main.js'), ('VSCODE_GIT_ASKPASS_NODE', '/home/esraamustafa/.vscode-server/bin/c9d77990917f3102ada88be140d28b038d1dd7c7/node'), ('PYDEVD_DISABLE_FILE_VALIDATION', '1'), ('BUNDLED_DEBUGPY_PATH', '/home/esraamustafa/.vscode-server/extensions/ms-python.debugpy-2025.18.0-linux-x64/bundled/libs/debugpy'), ('VSCODE_PYTHON_AUTOACTIVATE_GUARD', '1'), ('DBUS_SESSION_BUS_ADDRESS', 'unix:path=/run/user/1000/bus'), ('COLORTERM', 'truecolor'), ('WSL_DISTRO_NAME', 'Ubuntu-22.04'), ('WAYLAND_DISPLAY', 'wayland-0'), ('COLCON_PREFIX_PATH', '/home/esraamustafa/Path_Planning_Shell_AI/ros2_sim/install'), ('ROS_DISTRO', 'humble'), ('LOGNAME', 'esraamustafa'), ('NAME', 'Esraa'), ('WSL_INTEROP', '/run/WSL/484056_interop'), ('PULSE_SERVER', 'unix:/mnt/wslg/PulseServer'), ('_', '/usr/bin/colcon'), ('ROS_VERSION', '2'), ('TERM', 'xterm-256color'), ('ROS_LOCALHOST_ONLY', '0'), ('PATH', '/home/esraamustafa/.vscode-server/data/User/globalStorage/github.copilot-chat/debugCommand:/home/esraamustafa/.vscode-server/data/User/globalStorage/github.copilot-chat/copilotCli:/home/esraamustafa/.vscode-server/bin/c9d77990917f3102ada88be140d28b038d1dd7c7/bin/remote-cli:/home/esraamustafa/.local/bin:/opt/ros/humble/bin:/usr/local/sbin:/usr/local/bin:/usr/sbin:/usr/bin:/sbin:/bin:/usr/games:/usr/local/games:/usr/lib/wsl/lib:/mnt/c/Program Files/Common Files/Oracle/Java/javapath:/mnt/c/Users/esraa/AppData/Local/Programs/Python/Python312/Scripts/:/mnt/c/Users/esraa/AppData/Local/Programs/Python/Python312/:/mnt/c/WINDOWS/system32:/mnt/c/WINDOWS:/mnt/c/WINDOWS/System32/Wbem:/mnt/c/WINDOWS/System32/WindowsPowerShell/v1.0/:/mnt/c/WINDOWS/System32/OpenSSH/:/mnt/c/Program Files/dotnet/:/mnt/c/Program Files/Git/cmd:/mnt/c/Program Files/nodejs/:/mnt/c/ProgramData/chocolatey/bin:/mnt/c/msys64/mingw64/bin:/mnt/c/Program Files/GitHub CLI/:/mnt/c/Program Files/MATLAB/R2024b/bin:/mnt/c/Program Files (x86)/Microsoft SQL Server/160/Tools/Binn/:/mnt/c/Program Files/Microsoft SQL Server/160/Tools/Binn/:/mnt/c/Program Files/Microsoft SQL Server/Client SDK/ODBC/170/Tools/Binn/:/mnt/c/Program Files/Microsoft SQL Server/160/DTS/Binn/:/mnt/c/Program Files/Microsoft SQL Server/150/Tools/Binn/:/mnt/c/Program Files/CMake/bin:/mnt/c/Program Files/Docker/Docker/resources/bin:/mnt/c/xampp/php/php.exe:/mnt/c/Users/esraa/AppData/Local/Programs/Python/Python314/Scripts/:/mnt/c/Users/esraa/AppData/Local/Programs/Python/Python314/:/mnt/c/Users/esraa/AppData/Local/Programs/Python/Launcher/:/mnt/c/Users/esraa/AppData/Local/Microsoft/WindowsApps:/mnt/c/Users/esraa/AppData/Local/Programs/Microsoft_VS_Code/bin:/mnt/c/Users/esraa/AppData/Local/Microsoft/WinGet/Packages/Schniz.fnm_Microsoft.Winget.Source_8wekyb3d8bbwe:/mnt/c/Users/esraa/AppData/Roaming/npm:/mnt/c/Users/esraa/AppData/Local/GitHubDesktop/bin:/mnt/c/Users/esraa/.dotnet/tools:/mnt/d/IntelliJ IDEA 2024.2.3/bin:/mnt/c/Program Files/JetBrains/IntelliJ IDEA Community Edition 2024.2.3/bin:/mnt/c/Program Files/MongoDB/Server/8.2/bin:/mnt/c/Users/esraa/AppData/Local/Programs/mongosh/:/snap/bin:/home/esraamustafa/.vscode-server/extensions/ms-python.debugpy-2025.18.0-linux-x64/bundled/scripts/noConfigScripts'), ('XDG_RUNTIME_DIR', '/run/user/1000/'), ('DISPLAY', ':0'), ('VSCODE_DEBUGPY_ADAPTER_ENDPOINTS', '/home/esraamustafa/.vscode-server/extensions/ms-python.debugpy-2025.18.0-linux-x64/.noConfigDebugAdapterEndpoints/endpoint-89b519da86041899.txt'), ('LANG', 'C.UTF-8'), ('PYTHONSTARTUP', '/home/esraamustafa/.vscode-server/data/User/workspaceStorage/f36fee122dc2889c714ba7fb02f7bb3e/ms-python.python/pythonrc.py'), ('LS_COLORS', 'rs=0:di=01;34:ln=01;36:mh=00:pi=40;33:so=01;35:do=01;35:bd=40;33;01:cd=40;33;01:or=40;31;01:mi=00:su=37;41:sg=30;43:ca=30;41:tw=30;42:ow=34;42:st=37;44:ex=01;32:*.tar=01;31:*.tgz=01;31:*.arc=01;31:*.arj=01;31:*.taz=01;31:*.lha=01;31:*.lz4=01;31:*.lzh=01;31:*.lzma=01;31:*.tlz=01;31:*.txz=01;31:*.tzo=01;31:*.t7z=01;31:*.zip=01;31:*.z=01;31:*.dz=01;31:*.gz=01;31:*.lrz=01;31:*.lz=01;31:*.lzo=01;31:*.xz=01;31:*.zst=01;31:*.tzst=01;31:*.bz2=01;31:*.bz=01;31:*.tbz=01;31:*.tbz2=01;31:*.tz=01;31:*.deb=01;31:*.rpm=01;31:*.jar=01;31:*.war=01;31:*.ear=01;31:*.sar=01;31:*.rar=01;31:*.alz=01;31:*.ace=01;31:*.zoo=01;31:*.cpio=01;31:*.7z=01;31:*.rz=01;31:*.cab=01;31:*.wim=01;31:*.swm=01;31:*.dwm=01;31:*.esd=01;31:*.jpg=01;35:*.jpeg=01;35:*.mjpg=01;35:*.mjpeg=01;35:*.gif=01;35:*.bmp=01;35:*.pbm=01;35:*.pgm=01;35:*.ppm=01;35:*.tga=01;35:*.xbm=01;35:*.xpm=01;35:*.tif=01;35:*.tiff=01;35:*.png=01;35:*.svg=01;35:*.svgz=01;35:*.mng=01;35:*.pcx=01;35:*.mov=01;35:*.mpg=01;35:*.mpeg=01;35:*.m2v=01;35:*.mkv=01;35:*.webm=01;35:*.webp=01;35:*.ogm=01;35:*.mp4=01;35:*.m4v=01;35:*.mp4v=01;35:*.vob=01;35:*.qt=01;35:*.nuv=01;35:*.wmv=01;35:*.asf=01;35:*.rm=01;35:*.rmvb=01;35:*.flc=01;35:*.avi=01;35:*.fli=01;35:*.flv=01;35:*.gl=01;35:*.dl=01;35:*.xcf=01;35:*.xwd=01;35:*.yuv=01;35:*.cgm=01;35:*.emf=01;35:*.ogv=01;35:*.ogx=01;35:*.aac=00;36:*.au=00;36:*.flac=00;36:*.m4a=00;36:*.mid=00;36:*.midi=00;36:*.mka=00;36:*.mp3=00;36:*.mpc=00;36:*.ogg=00;36:*.ra=00;36:*.wav=00;36:*.oga=00;36:*.opus=00;36:*.spx=00;36:*.xspf=00;36:'), ('VSCODE_GIT_IPC_HANDLE', '/run/user/1000/vscode-git-2aeea19411.sock'), ('TERM_PROGRAM', 'vscode'), ('AMENT_PREFIX_PATH', '/home/esraamustafa/Path_Planning_Shell_AI/ros2_sim/install/shell_visualization:/home/esraamustafa/Path_Planning_Shell_AI/ros2_sim/install/shell_test_nodes:/home/esraamustafa/Path_Planning_Shell_AI/ros2_sim/install/shell_planning:/home/esraamustafa/Path_Planning_Shell_AI/ros2_sim/install/shell_interfaces:/opt/ros/humble'), ('SHELL', '/bin/bash'), ('LESSCLOSE', '/usr/bin/lesspipe %s %s'), ('VSCODE_GIT_ASKPASS_EXTRA_ARGS', ''), ('PWD', '/home/esraamustafa/Path_Planning_Shell_AI/ros2_sim/build/shell_interfaces'), ('XDG_DATA_DIRS', '/usr/local/share:/usr/share:/var/lib/snapd/desktop'), ('PYTHONPATH', '/home/esraamustafa/Path_Planning_Shell_AI/ros2_sim/install/shell_visualization/lib/python3.10/site-packages:/home/esraamustafa/Path_Planning_Shell_AI/ros2_sim/build/shell_test_nodes:/home/esraamustafa/Path_Planning_Shell_AI/ros2_sim/install/shell_test_nodes/lib/python3.10/site-packages:/home/esraamustafa/Path_Planning_Shell_AI/ros2_sim/build/shell_planning:/home/esraamustafa/Path_Planning_Shell_AI/ros2_sim/install/shell_planning/lib/python3.10/site-packages:/home/esraamustafa/Path_Planning_Shell_AI/ros2_sim/install/shell_interfaces/local/lib/python3.10/dist-packages:/opt/ros/humble/lib/python3.10/site-packages:/opt/ros/humble/local/lib/python3.10/dist-packages'), ('COLCON', '1'), ('WSL2_GUI_APPS_ENABLED', '1'), ('HOSTTYPE', 'x86_64'), ('CMAKE_PREFIX_PATH', '/home/esraamustafa/Path_Planning_Shell_AI/ros2_sim/install/shell_interfaces:/home/esraamustafa/Path_Planning_Shell_AI/ros2_sim/install/shell_visualization:/home/esraamustafa/Path_Planning_Shell_AI/ros2_sim/install/shell_test_nodes:/home/esraamustafa/Path_Planning_Shell_AI/ros2_sim/install/shell_planning:/opt/ros/humble'), ('WSLENV', 'VSCODE_WSL_EXT_LOCATION/up')]), 'shell': False}
[22.022853] (shell_interfaces) StdoutLine: {'line': b'-- Install configuration: ""\n'}
[22.024737] (shell_interfaces) StdoutLine: {'line': b'-- Installing: /home/esraamustafa/Path_Planning_Shell_AI/ros2_sim/install/shell_interfaces/share/ament_index/resource_index/rosidl_interfaces/shell_interfaces\n'}
[22.025449] (shell_interfaces) StdoutLine: {'line': b'-- Installing: /home/esraamustafa/Path_Planning_Shell_AI/ros2_sim/install/shell_interfaces/include/shell_interfaces/shell_interfaces\n'}
[22.026026] (shell_interfaces) StdoutLine: {'line': b'-- Installing: /home/esraamustafa/Path_Planning_Shell_AI/ros2_sim/install/shell_interfaces/include/shell_interfaces/shell_interfaces/msg\n'}
[22.027795] (shell_interfaces) StdoutLine: {'line': b'-- Installing: /home/esraamustafa/Path_Planning_Shell_AI/ros2_sim/install/shell_interfaces/include/shell_interfaces/shell_interfaces/msg/trajectory.h\n'}
[22.028091] (shell_interfaces) StdoutLine: {'line': b'-- Installing: /home/esraamustafa/Path_Planning_Shell_AI/ros2_sim/install/shell_interfaces/include/shell_interfaces/shell_interfaces/msg/rosidl_generator_c__visibility_control.h\n'}
[22.028624] (shell_interfaces) StdoutLine: {'line': b'-- Installing: /home/esraamustafa/Path_Planning_Shell_AI/ros2_sim/install/shell_interfaces/include/shell_interfaces/shell_interfaces/msg/trajectory_point.h\n'}
[22.028854] (shell_interfaces) StdoutLine: {'line': b'-- Installing: /home/esraamustafa/Path_Planning_Shell_AI/ros2_sim/install/shell_interfaces/include/shell_interfaces/shell_interfaces/msg/detail\n'}
[22.029009] (shell_interfaces) StdoutLine: {'line': b'-- Installing: /home/esraamustafa/Path_Planning_Shell_AI/ros2_sim/install/shell_interfaces/include/shell_interfaces/shell_interfaces/msg/detail/trajectory_point__type_support.h\n'}
[22.029150] (shell_interfaces) StdoutLine: {'line': b'-- Installing: /home/esraamustafa/Path_Planning_Shell_AI/ros2_sim/install/shell_interfaces/include/shell_interfaces/shell_interfaces/msg/detail/trajectory_point__struct.h\n'}
[22.029299] (shell_interfaces) StdoutLine: {'line': b'-- Installing: /home/esraamustafa/Path_Planning_Shell_AI/ros2_sim/install/shell_interfaces/include/shell_interfaces/shell_interfaces/msg/detail/trajectory__struct.h\n'}
[22.029620] (shell_interfaces) StdoutLine: {'line': b'-- Installing: /home/esraamustafa/Path_Planning_Shell_AI/ros2_sim/install/shell_interfaces/include/shell_interfaces/shell_interfaces/msg/detail/trajectory__functions.c\n'}
[22.029736] (shell_interfaces) StdoutLine: {'line': b'-- Installing: /home/esraamustafa/Path_Planning_Shell_AI/ros2_sim/install/shell_interfaces/include/shell_interfaces/shell_interfaces/msg/detail/trajectory__functions.h\n'}
[22.029860] (shell_interfaces) StdoutLine: {'line': b'-- Installing: /home/esraamustafa/Path_Planning_Shell_AI/ros2_sim/install/shell_interfaces/include/shell_interfaces/shell_interfaces/msg/detail/trajectory__type_support.h\n'}
[22.030765] (shell_interfaces) StdoutLine: {'line': b'-- Installing: /home/esraamustafa/Path_Planning_Shell_AI/ros2_sim/install/shell_interfaces/include/shell_interfaces/shell_interfaces/msg/detail/trajectory_point__functions.c\n'}
[22.031331] (shell_interfaces) StdoutLine: {'line': b'-- Installing: /home/esraamustafa/Path_Planning_Shell_AI/ros2_sim/install/shell_interfaces/include/shell_interfaces/shell_interfaces/msg/detail/trajectory_point__functions.h\n'}
[22.032139] (shell_interfaces) StdoutLine: {'line': b'-- Installing: /home/esraamustafa/Path_Planning_Shell_AI/ros2_sim/install/shell_interfaces/share/shell_interfaces/environment/library_path.sh\n'}
[22.032560] (shell_interfaces) StdoutLine: {'line': b'-- Installing: /home/esraamustafa/Path_Planning_Shell_AI/ros2_sim/install/shell_interfaces/share/shell_interfaces/environment/library_path.dsv\n'}
[22.033246] (shell_interfaces) StdoutLine: {'line': b'-- Installing: /home/esraamustafa/Path_Planning_Shell_AI/ros2_sim/install/shell_interfaces/lib/libshell_interfaces__rosidl_generator_c.so\n'}
[22.034729] (shell_interfaces) StdoutLine: {'line': b'-- Set runtime path of "/home/esraamustafa/Path_Planning_Shell_AI/ros2_sim/install/shell_interfaces/lib/libshell_interfaces__rosidl_generator_c.so" to ""\n'}
[22.035978] (shell_interfaces) StdoutLine: {'line': b'-- Up-to-date: /home/esraamustafa/Path_Planning_Shell_AI/ros2_sim/install/shell_interfaces/include/shell_interfaces/shell_interfaces\n'}
[22.037247] (shell_interfaces) StdoutLine: {'line': b'-- Up-to-date: /home/esraamustafa/Path_Planning_Shell_AI/ros2_sim/install/shell_interfaces/include/shell_interfaces/shell_interfaces/msg\n'}
[22.037897] (shell_interfaces) StdoutLine: {'line': b'-- Installing: /home/esraamustafa/Path_Planning_Shell_AI/ros2_sim/install/shell_interfaces/include/shell_interfaces/shell_interfaces/msg/rosidl_typesupport_fastrtps_c__visibility_control.h\n'}
[22.039052] (shell_interfaces) StdoutLine: {'line': b'-- Up-to-date: /home/esraamustafa/Path_Planning_Shell_AI/ros2_sim/install/shell_interfaces/include/shell_interfaces/shell_interfaces/msg/detail\n'}
[22.040239] (shell_interfaces) StdoutLine: {'line': b'-- Installing: /home/esraamustafa/Path_Planning_Shell_AI/ros2_sim/install/shell_interfaces/include/shell_interfaces/shell_interfaces/msg/detail/trajectory__rosidl_typesupport_fastrtps_c.h\n'}
[22.040603] (shell_interfaces) StdoutLine: {'line': b'-- Installing: /home/esraamustafa/Path_Planning_Shell_AI/ros2_sim/install/shell_interfaces/include/shell_interfaces/shell_interfaces/msg/detail/trajectory_point__rosidl_typesupport_fastrtps_c.h\n'}
[22.040962] (shell_interfaces) StdoutLine: {'line': b'-- Installing: /home/esraamustafa/Path_Planning_Shell_AI/ros2_sim/install/shell_interfaces/lib/libshell_interfaces__rosidl_typesupport_fastrtps_c.so\n'}
[22.041222] (shell_interfaces) StdoutLine: {'line': b'-- Set runtime path of "/home/esraamustafa/Path_Planning_Shell_AI/ros2_sim/install/shell_interfaces/lib/libshell_interfaces__rosidl_typesupport_fastrtps_c.so" to ""\n'}
[22.041542] (shell_interfaces) StdoutLine: {'line': b'-- Up-to-date: /home/esraamustafa/Path_Planning_Shell_AI/ros2_sim/install/shell_interfaces/include/shell_interfaces/shell_interfaces\n'}
[22.041811] (shell_interfaces) StdoutLine: {'line': b'-- Up-to-date: /home/esraamustafa/Path_Planning_Shell_AI/ros2_sim/install/shell_interfaces/include/shell_interfaces/shell_interfaces/msg\n'}
[22.042076] (shell_interfaces) StdoutLine: {'line': b'-- Installing: /home/esraamustafa/Path_Planning_Shell_AI/ros2_sim/install/shell_interfaces/include/shell_interfaces/shell_interfaces/msg/rosidl_typesupport_introspection_c__visibility_control.h\n'}
[22.042377] (shell_interfaces) StdoutLine: {'line': b'-- Up-to-date: /home/esraamustafa/Path_Planning_Shell_AI/ros2_sim/install/shell_interfaces/include/shell_interfaces/shell_interfaces/msg/detail\n'}
[22.042683] (shell_interfaces) StdoutLine: {'line': b'-- Installing: /home/esraamustafa/Path_Planning_Shell_AI/ros2_sim/install/shell_interfaces/include/shell_interfaces/shell_interfaces/msg/detail/trajectory_point__type_support.c\n'}
[22.042976] (shell_interfaces) StdoutLine: {'line': b'-- Installing: /home/esraamustafa/Path_Planning_Shell_AI/ros2_sim/install/shell_interfaces/include/shell_interfaces/shell_interfaces/msg/detail/trajectory__rosidl_typesupport_introspection_c.h\n'}
[22.043227] (shell_interfaces) StdoutLine: {'line': b'-- Installing: /home/esraamustafa/Path_Planning_Shell_AI/ros2_sim/install/shell_interfaces/include/shell_interfaces/shell_interfaces/msg/detail/trajectory__type_support.c\n'}
[22.043491] (shell_interfaces) StdoutLine: {'line': b'-- Installing: /home/esraamustafa/Path_Planning_Shell_AI/ros2_sim/install/shell_interfaces/include/shell_interfaces/shell_interfaces/msg/detail/trajectory_point__rosidl_typesupport_introspection_c.h\n'}
[22.043891] (shell_interfaces) StdoutLine: {'line': b'-- Installing: /home/esraamustafa/Path_Planning_Shell_AI/ros2_sim/install/shell_interfaces/lib/libshell_interfaces__rosidl_typesupport_introspection_c.so\n'}
[22.044185] (shell_interfaces) StdoutLine: {'line': b'-- Set runtime path of "/home/esraamustafa/Path_Planning_Shell_AI/ros2_sim/install/shell_interfaces/lib/libshell_interfaces__rosidl_typesupport_introspection_c.so" to ""\n'}
[22.045127] (shell_interfaces) StdoutLine: {'line': b'-- Installing: /home/esraamustafa/Path_Planning_Shell_AI/ros2_sim/install/shell_interfaces/lib/libshell_interfaces__rosidl_typesupport_c.so\n'}
[22.045704] (shell_interfaces) StdoutLine: {'line': b'-- Set runtime path of "/home/esraamustafa/Path_Planning_Shell_AI/ros2_sim/install/shell_interfaces/lib/libshell_interfaces__rosidl_typesupport_c.so" to ""\n'}
[22.046705] (shell_interfaces) StdoutLine: {'line': b'-- Up-to-date: /home/esraamustafa/Path_Planning_Shell_AI/ros2_sim/install/shell_interfaces/include/shell_interfaces/shell_interfaces\n'}
[22.049868] (shell_interfaces) StdoutLine: {'line': b'-- Up-to-date: /home/esraamustafa/Path_Planning_Shell_AI/ros2_sim/install/shell_interfaces/include/shell_interfaces/shell_interfaces/msg\n'}
[22.050165] (shell_interfaces) StdoutLine: {'line': b'-- Installing: /home/esraamustafa/Path_Planning_Shell_AI/ros2_sim/install/shell_interfaces/include/shell_interfaces/shell_interfaces/msg/trajectory.hpp\n'}
[22.050392] (shell_interfaces) StdoutLine: {'line': b'-- Installing: /home/esraamustafa/Path_Planning_Shell_AI/ros2_sim/install/shell_interfaces/include/shell_interfaces/shell_interfaces/msg/rosidl_generator_cpp__visibility_control.hpp\n'}
[22.051102] (shell_interfaces) StdoutLine: {'line': b'-- Installing: /home/esraamustafa/Path_Planning_Shell_AI/ros2_sim/install/shell_interfaces/include/shell_interfaces/shell_interfaces/msg/trajectory_point.hpp\n'}
[22.052102] (shell_interfaces) StdoutLine: {'line': b'-- Up-to-date: /home/esraamustafa/Path_Planning_Shell_AI/ros2_sim/install/shell_interfaces/include/shell_interfaces/shell_interfaces/msg/detail\n'}
[22.052424] (shell_interfaces) StdoutLine: {'line': b'-- Installing: /home/esraamustafa/Path_Planning_Shell_AI/ros2_sim/install/shell_interfaces/include/shell_interfaces/shell_interfaces/msg/detail/trajectory__type_support.hpp\n'}
[22.052668] (shell_interfaces) StdoutLine: {'line': b'-- Installing: /home/esraamustafa/Path_Planning_Shell_AI/ros2_sim/install/shell_interfaces/include/shell_interfaces/shell_interfaces/msg/detail/trajectory__traits.hpp\n'}
[22.053601] (shell_interfaces) StdoutLine: {'line': b'-- Installing: /home/esraamustafa/Path_Planning_Shell_AI/ros2_sim/install/shell_interfaces/include/shell_interfaces/shell_interfaces/msg/detail/trajectory_point__traits.hpp\n'}
[22.054707] (shell_interfaces) StdoutLine: {'line': b'-- Installing: /home/esraamustafa/Path_Planning_Shell_AI/ros2_sim/install/shell_interfaces/include/shell_interfaces/shell_interfaces/msg/detail/trajectory__struct.hpp\n'}
[22.055322] (shell_interfaces) StdoutLine: {'line': b'-- Installing: /home/esraamustafa/Path_Planning_Shell_AI/ros2_sim/install/shell_interfaces/include/shell_interfaces/shell_interfaces/msg/detail/trajectory_point__struct.hpp\n'}
[22.056289] (shell_interfaces) StdoutLine: {'line': b'-- Installing: /home/esraamustafa/Path_Planning_Shell_AI/ros2_sim/install/shell_interfaces/include/shell_interfaces/shell_interfaces/msg/detail/trajectory__builder.hpp\n'}
[22.057235] (shell_interfaces) StdoutLine: {'line': b'-- Installing: /home/esraamustafa/Path_Planning_Shell_AI/ros2_sim/install/shell_interfaces/include/shell_interfaces/shell_interfaces/msg/detail/trajectory_point__builder.hpp\n'}
[22.057461] (shell_interfaces) StdoutLine: {'line': b'-- Installing: /home/esraamustafa/Path_Planning_Shell_AI/ros2_sim/install/shell_interfaces/include/shell_interfaces/shell_interfaces/msg/detail/trajectory_point__type_support.hpp\n'}
[22.057657] (shell_interfaces) StdoutLine: {'line': b'-- Up-to-date: /home/esraamustafa/Path_Planning_Shell_AI/ros2_sim/install/shell_interfaces/include/shell_interfaces/shell_interfaces\n'}
[22.058187] (shell_interfaces) StdoutLine: {'line': b'-- Up-to-date: /home/esraamustafa/Path_Planning_Shell_AI/ros2_sim/install/shell_interfaces/include/shell_interfaces/shell_interfaces/msg\n'}
[22.058337] (shell_interfaces) StdoutLine: {'line': b'-- Installing: /home/esraamustafa/Path_Planning_Shell_AI/ros2_sim/install/shell_interfaces/include/shell_interfaces/shell_interfaces/msg/rosidl_typesupport_fastrtps_cpp__visibility_control.h\n'}
[22.058425] (shell_interfaces) StdoutLine: {'line': b'-- Up-to-date: /home/esraamustafa/Path_Planning_Shell_AI/ros2_sim/install/shell_interfaces/include/shell_interfaces/shell_interfaces/msg/detail\n'}
[22.058502] (shell_interfaces) StdoutLine: {'line': b'-- Installing: /home/esraamustafa/Path_Planning_Shell_AI/ros2_sim/install/shell_interfaces/include/shell_interfaces/shell_interfaces/msg/detail/trajectory__rosidl_typesupport_fastrtps_cpp.hpp\n'}
[22.058577] (shell_interfaces) StdoutLine: {'line': b'-- Installing: /home/esraamustafa/Path_Planning_Shell_AI/ros2_sim/install/shell_interfaces/include/shell_interfaces/shell_interfaces/msg/detail/trajectory_point__rosidl_typesupport_fastrtps_cpp.hpp\n'}
[22.058672] (shell_interfaces) StdoutLine: {'line': b'-- Installing: /home/esraamustafa/Path_Planning_Shell_AI/ros2_sim/install/shell_interfaces/include/shell_interfaces/shell_interfaces/msg/detail/dds_fastrtps\n'}
[22.058748] (shell_interfaces) StdoutLine: {'line': b'-- Installing: /home/esraamustafa/Path_Planning_Shell_AI/ros2_sim/install/shell_interfaces/lib/libshell_interfaces__rosidl_typesupport_fastrtps_cpp.so\n'}
[22.058823] (shell_interfaces) StdoutLine: {'line': b'-- Set runtime path of "/home/esraamustafa/Path_Planning_Shell_AI/ros2_sim/install/shell_interfaces/lib/libshell_interfaces__rosidl_typesupport_fastrtps_cpp.so" to ""\n'}
[22.058894] (shell_interfaces) StdoutLine: {'line': b'-- Up-to-date: /home/esraamustafa/Path_Planning_Shell_AI/ros2_sim/install/shell_interfaces/include/shell_interfaces/shell_interfaces\n'}
[22.058965] (shell_interfaces) StdoutLine: {'line': b'-- Up-to-date: /home/esraamustafa/Path_Planning_Shell_AI/ros2_sim/install/shell_interfaces/include/shell_interfaces/shell_interfaces/msg\n'}
[22.059035] (shell_interfaces) StdoutLine: {'line': b'-- Up-to-date: /home/esraamustafa/Path_Planning_Shell_AI/ros2_sim/install/shell_interfaces/include/shell_interfaces/shell_interfaces/msg/detail\n'}
[22.059103] (shell_interfaces) StdoutLine: {'line': b'-- Installing: /home/esraamustafa/Path_Planning_Shell_AI/ros2_sim/install/shell_interfaces/include/shell_interfaces/shell_interfaces/msg/detail/trajectory__type_support.cpp\n'}
[22.059171] (shell_interfaces) StdoutLine: {'line': b'-- Installing: /home/esraamustafa/Path_Planning_Shell_AI/ros2_sim/install/shell_interfaces/include/shell_interfaces/shell_interfaces/msg/detail/trajectory_point__type_support.cpp\n'}
[22.059239] (shell_interfaces) StdoutLine: {'line': b'-- Installing: /home/esraamustafa/Path_Planning_Shell_AI/ros2_sim/install/shell_interfaces/include/shell_interfaces/shell_interfaces/msg/detail/trajectory_point__rosidl_typesupport_introspection_cpp.hpp\n'}
[22.059311] (shell_interfaces) StdoutLine: {'line': b'-- Installing: /home/esraamustafa/Path_Planning_Shell_AI/ros2_sim/install/shell_interfaces/include/shell_interfaces/shell_interfaces/msg/detail/trajectory__rosidl_typesupport_introspection_cpp.hpp\n'}
[22.059381] (shell_interfaces) StdoutLine: {'line': b'-- Installing: /home/esraamustafa/Path_Planning_Shell_AI/ros2_sim/install/shell_interfaces/lib/libshell_interfaces__rosidl_typesupport_introspection_cpp.so\n'}
[22.059452] (shell_interfaces) StdoutLine: {'line': b'-- Set runtime path of "/home/esraamustafa/Path_Planning_Shell_AI/ros2_sim/install/shell_interfaces/lib/libshell_interfaces__rosidl_typesupport_introspection_cpp.so" to ""\n'}
[22.059723] (shell_interfaces) StdoutLine: {'line': b'-- Installing: /home/esraamustafa/Path_Planning_Shell_AI/ros2_sim/install/shell_interfaces/lib/libshell_interfaces__rosidl_typesupport_cpp.so\n'}
[22.059848] (shell_interfaces) StdoutLine: {'line': b'-- Set runtime path of "/home/esraamustafa/Path_Planning_Shell_AI/ros2_sim/install/shell_interfaces/lib/libshell_interfaces__rosidl_typesupport_cpp.so" to ""\n'}
[22.059990] (shell_interfaces) StdoutLine: {'line': b'-- Installing: /home/esraamustafa/Path_Planning_Shell_AI/ros2_sim/install/shell_interfaces/share/shell_interfaces/environment/pythonpath.sh\n'}
[22.060075] (shell_interfaces) StdoutLine: {'line': b'-- Installing: /home/esraamustafa/Path_Planning_Shell_AI/ros2_sim/install/shell_interfaces/share/shell_interfaces/environment/pythonpath.dsv\n'}
[22.060151] (shell_interfaces) StdoutLine: {'line': b'-- Installing: /home/esraamustafa/Path_Planning_Shell_AI/ros2_sim/install/shell_interfaces/local/lib/python3.10/dist-packages/shell_interfaces-0.0.0-py3.10.egg-info\n'}
[22.060234] (shell_interfaces) StdoutLine: {'line': b'-- Installing: /home/esraamustafa/Path_Planning_Shell_AI/ros2_sim/install/shell_interfaces/local/lib/python3.10/dist-packages/shell_interfaces-0.0.0-py3.10.egg-info/PKG-INFO\n'}
[22.060310] (shell_interfaces) StdoutLine: {'line': b'-- Installing: /home/esraamustafa/Path_Planning_Shell_AI/ros2_sim/install/shell_interfaces/local/lib/python3.10/dist-packages/shell_interfaces-0.0.0-py3.10.egg-info/top_level.txt\n'}
[22.060388] (shell_interfaces) StdoutLine: {'line': b'-- Installing: /home/esraamustafa/Path_Planning_Shell_AI/ros2_sim/install/shell_interfaces/local/lib/python3.10/dist-packages/shell_interfaces-0.0.0-py3.10.egg-info/SOURCES.txt\n'}
[22.060459] (shell_interfaces) StdoutLine: {'line': b'-- Installing: /home/esraamustafa/Path_Planning_Shell_AI/ros2_sim/install/shell_interfaces/local/lib/python3.10/dist-packages/shell_interfaces-0.0.0-py3.10.egg-info/dependency_links.txt\n'}
[22.060529] (shell_interfaces) StdoutLine: {'line': b'-- Installing: /home/esraamustafa/Path_Planning_Shell_AI/ros2_sim/install/shell_interfaces/local/lib/python3.10/dist-packages/shell_interfaces\n'}
[22.060600] (shell_interfaces) StdoutLine: {'line': b'-- Installing: /home/esraamustafa/Path_Planning_Shell_AI/ros2_sim/install/shell_interfaces/local/lib/python3.10/dist-packages/shell_interfaces/libshell_interfaces__rosidl_generator_py.so\n'}
[22.060673] (shell_interfaces) StdoutLine: {'line': b'-- Installing: /home/esraamustafa/Path_Planning_Shell_AI/ros2_sim/install/shell_interfaces/local/lib/python3.10/dist-packages/shell_interfaces/__init__.py\n'}
[22.060743] (shell_interfaces) StdoutLine: {'line': b'-- Installing: /home/esraamustafa/Path_Planning_Shell_AI/ros2_sim/install/shell_interfaces/local/lib/python3.10/dist-packages/shell_interfaces/_shell_interfaces_s.ep.rosidl_typesupport_c.c\n'}
[22.060814] (shell_interfaces) StdoutLine: {'line': b'-- Installing: /home/esraamustafa/Path_Planning_Shell_AI/ros2_sim/install/shell_interfaces/local/lib/python3.10/dist-packages/shell_interfaces/_shell_interfaces_s.ep.rosidl_typesupport_fastrtps_c.c\n'}
[22.060881] (shell_interfaces) StdoutLine: {'line': b'-- Installing: /home/esraamustafa/Path_Planning_Shell_AI/ros2_sim/install/shell_interfaces/local/lib/python3.10/dist-packages/shell_interfaces/msg\n'}
[22.060949] (shell_interfaces) StdoutLine: {'line': b'-- Installing: /home/esraamustafa/Path_Planning_Shell_AI/ros2_sim/install/shell_interfaces/local/lib/python3.10/dist-packages/shell_interfaces/msg/_trajectory_point_s.c\n'}
[22.061020] (shell_interfaces) StdoutLine: {'line': b'-- Installing: /home/esraamustafa/Path_Planning_Shell_AI/ros2_sim/install/shell_interfaces/local/lib/python3.10/dist-packages/shell_interfaces/msg/__init__.py\n'}
[22.061090] (shell_interfaces) StdoutLine: {'line': b'-- Installing: /home/esraamustafa/Path_Planning_Shell_AI/ros2_sim/install/shell_interfaces/local/lib/python3.10/dist-packages/shell_interfaces/msg/_trajectory_s.c\n'}
[22.061159] (shell_interfaces) StdoutLine: {'line': b'-- Installing: /home/esraamustafa/Path_Planning_Shell_AI/ros2_sim/install/shell_interfaces/local/lib/python3.10/dist-packages/shell_interfaces/msg/_trajectory.py\n'}
[22.061225] (shell_interfaces) StdoutLine: {'line': b'-- Installing: /home/esraamustafa/Path_Planning_Shell_AI/ros2_sim/install/shell_interfaces/local/lib/python3.10/dist-packages/shell_interfaces/msg/_trajectory_point.py\n'}
[22.061293] (shell_interfaces) StdoutLine: {'line': b'-- Installing: /home/esraamustafa/Path_Planning_Shell_AI/ros2_sim/install/shell_interfaces/local/lib/python3.10/dist-packages/shell_interfaces/_shell_interfaces_s.ep.rosidl_typesupport_introspection_c.c\n'}
[22.061367] (shell_interfaces) StdoutLine: {'line': b'-- Installing: /home/esraamustafa/Path_Planning_Shell_AI/ros2_sim/install/shell_interfaces/local/lib/python3.10/dist-packages/shell_interfaces/shell_interfaces_s__rosidl_typesupport_c.cpython-310-x86_64-linux-gnu.so\n'}
[22.061438] (shell_interfaces) StdoutLine: {'line': b'-- Installing: /home/esraamustafa/Path_Planning_Shell_AI/ros2_sim/install/shell_interfaces/local/lib/python3.10/dist-packages/shell_interfaces/shell_interfaces_s__rosidl_typesupport_introspection_c.cpython-310-x86_64-linux-gnu.so\n'}
[22.061727] (shell_interfaces) StdoutLine: {'line': b'-- Installing: /home/esraamustafa/Path_Planning_Shell_AI/ros2_sim/install/shell_interfaces/local/lib/python3.10/dist-packages/shell_interfaces/shell_interfaces_s__rosidl_typesupport_fastrtps_c.cpython-310-x86_64-linux-gnu.so\n'}
[22.093466] (-) TimerEvent: {}
[22.194314] (-) TimerEvent: {}
[22.239015] (shell_interfaces) StdoutLine: {'line': b"Listing '/home/esraamustafa/Path_Planning_Shell_AI/ros2_sim/install/shell_interfaces/local/lib/python3.10/dist-packages/shell_interfaces'...\n"}
[22.239817] (shell_interfaces) StdoutLine: {'line': b"Compiling '/home/esraamustafa/Path_Planning_Shell_AI/ros2_sim/install/shell_interfaces/local/lib/python3.10/dist-packages/shell_interfaces/__init__.py'...\n"}
[22.240815] (shell_interfaces) StdoutLine: {'line': b"Listing '/home/esraamustafa/Path_Planning_Shell_AI/ros2_sim/install/shell_interfaces/local/lib/python3.10/dist-packages/shell_interfaces/msg'...\n"}
[22.241093] (shell_interfaces) StdoutLine: {'line': b"Compiling '/home/esraamustafa/Path_Planning_Shell_AI/ros2_sim/install/shell_interfaces/local/lib/python3.10/dist-packages/shell_interfaces/msg/__init__.py'...\n"}
[22.241335] (shell_interfaces) StdoutLine: {'line': b"Compiling '/home/esraamustafa/Path_Planning_Shell_AI/ros2_sim/install/shell_interfaces/local/lib/python3.10/dist-packages/shell_interfaces/msg/_trajectory.py'...\n"}
[22.241564] (shell_interfaces) StdoutLine: {'line': b"Compiling '/home/esraamustafa/Path_Planning_Shell_AI/ros2_sim/install/shell_interfaces/local/lib/python3.10/dist-packages/shell_interfaces/msg/_trajectory_point.py'...\n"}
[22.254961] (shell_interfaces) StdoutLine: {'line': b'-- Installing: /home/esraamustafa/Path_Planning_Shell_AI/ros2_sim/install/shell_interfaces/local/lib/python3.10/dist-packages/shell_interfaces/shell_interfaces_s__rosidl_typesupport_fastrtps_c.cpython-310-x86_64-linux-gnu.so\n'}
[22.256012] (shell_interfaces) StdoutLine: {'line': b'-- Set runtime path of "/home/esraamustafa/Path_Planning_Shell_AI/ros2_sim/install/shell_interfaces/local/lib/python3.10/dist-packages/shell_interfaces/shell_interfaces_s__rosidl_typesupport_fastrtps_c.cpython-310-x86_64-linux-gnu.so" to ""\n'}
[22.257245] (shell_interfaces) StdoutLine: {'line': b'-- Installing: /home/esraamustafa/Path_Planning_Shell_AI/ros2_sim/install/shell_interfaces/local/lib/python3.10/dist-packages/shell_interfaces/shell_interfaces_s__rosidl_typesupport_introspection_c.cpython-310-x86_64-linux-gnu.so\n'}
[22.258323] (shell_interfaces) StdoutLine: {'line': b'-- Set runtime path of "/home/esraamustafa/Path_Planning_Shell_AI/ros2_sim/install/shell_interfaces/local/lib/python3.10/dist-packages/shell_interfaces/shell_interfaces_s__rosidl_typesupport_introspection_c.cpython-310-x86_64-linux-gnu.so" to ""\n'}
[22.259295] (shell_interfaces) StdoutLine: {'line': b'-- Installing: /home/esraamustafa/Path_Planning_Shell_AI/ros2_sim/install/shell_interfaces/local/lib/python3.10/dist-packages/shell_interfaces/shell_interfaces_s__rosidl_typesupport_c.cpython-310-x86_64-linux-gnu.so\n'}
[22.260271] (shell_interfaces) StdoutLine: {'line': b'-- Set runtime path of "/home/esraamustafa/Path_Planning_Shell_AI/ros2_sim/install/shell_interfaces/local/lib/python3.10/dist-packages/shell_interfaces/shell_interfaces_s__rosidl_typesupport_c.cpython-310-x86_64-linux-gnu.so" to ""\n'}
[22.260703] (shell_interfaces) StdoutLine: {'line': b'-- Installing: /home/esraamustafa/Path_Planning_Shell_AI/ros2_sim/install/shell_interfaces/lib/libshell_interfaces__rosidl_generator_py.so\n'}
[22.261552] (shell_interfaces) StdoutLine: {'line': b'-- Set runtime path of "/home/esraamustafa/Path_Planning_Shell_AI/ros2_sim/install/shell_interfaces/lib/libshell_interfaces__rosidl_generator_py.so" to ""\n'}
[22.262194] (shell_interfaces) StdoutLine: {'line': b'-- Installing: /home/esraamustafa/Path_Planning_Shell_AI/ros2_sim/install/shell_interfaces/share/shell_interfaces/msg/TrajectoryPoint.idl\n'}
[22.262524] (shell_interfaces) StdoutLine: {'line': b'-- Installing: /home/esraamustafa/Path_Planning_Shell_AI/ros2_sim/install/shell_interfaces/share/shell_interfaces/msg/Trajectory.idl\n'}
[22.263164] (shell_interfaces) StdoutLine: {'line': b'-- Installing: /home/esraamustafa/Path_Planning_Shell_AI/ros2_sim/install/shell_interfaces/share/shell_interfaces/msg/TrajectoryPoint.msg\n'}
[22.264557] (shell_interfaces) StdoutLine: {'line': b'-- Installing: /home/esraamustafa/Path_Planning_Shell_AI/ros2_sim/install/shell_interfaces/share/shell_interfaces/msg/Trajectory.msg\n'}
[22.265088] (shell_interfaces) StdoutLine: {'line': b'-- Installing: /home/esraamustafa/Path_Planning_Shell_AI/ros2_sim/install/shell_interfaces/share/ament_index/resource_index/package_run_dependencies/shell_interfaces\n'}
[22.265408] (shell_interfaces) StdoutLine: {'line': b'-- Installing: /home/esraamustafa/Path_Planning_Shell_AI/ros2_sim/install/shell_interfaces/share/ament_index/resource_index/parent_prefix_path/shell_interfaces\n'}
[22.265947] (shell_interfaces) StdoutLine: {'line': b'-- Installing: /home/esraamustafa/Path_Planning_Shell_AI/ros2_sim/install/shell_interfaces/share/shell_interfaces/environment/ament_prefix_path.sh\n'}
[22.267465] (shell_interfaces) StdoutLine: {'line': b'-- Installing: /home/esraamustafa/Path_Planning_Shell_AI/ros2_sim/install/shell_interfaces/share/shell_interfaces/environment/ament_prefix_path.dsv\n'}
[22.268536] (shell_interfaces) StdoutLine: {'line': b'-- Installing: /home/esraamustafa/Path_Planning_Shell_AI/ros2_sim/install/shell_interfaces/share/shell_interfaces/environment/path.sh\n'}
[22.269408] (shell_interfaces) StdoutLine: {'line': b'-- Installing: /home/esraamustafa/Path_Planning_Shell_AI/ros2_sim/install/shell_interfaces/share/shell_interfaces/environment/path.dsv\n'}
[22.269692] (shell_interfaces) StdoutLine: {'line': b'-- Installing: /home/esraamustafa/Path_Planning_Shell_AI/ros2_sim/install/shell_interfaces/share/shell_interfaces/local_setup.bash\n'}
[22.270986] (shell_interfaces) StdoutLine: {'line': b'-- Installing: /home/esraamustafa/Path_Planning_Shell_AI/ros2_sim/install/shell_interfaces/share/shell_interfaces/local_setup.sh\n'}
[22.271316] (shell_interfaces) StdoutLine: {'line': b'-- Installing: /home/esraamustafa/Path_Planning_Shell_AI/ros2_sim/install/shell_interfaces/share/shell_interfaces/local_setup.zsh\n'}
[22.271960] (shell_interfaces) StdoutLine: {'line': b'-- Installing: /home/esraamustafa/Path_Planning_Shell_AI/ros2_sim/install/shell_interfaces/share/shell_interfaces/local_setup.dsv\n'}
[22.272957] (shell_interfaces) StdoutLine: {'line': b'-- Installing: /home/esraamustafa/Path_Planning_Shell_AI/ros2_sim/install/shell_interfaces/share/shell_interfaces/package.dsv\n'}
[22.273253] (shell_interfaces) StdoutLine: {'line': b'-- Installing: /home/esraamustafa/Path_Planning_Shell_AI/ros2_sim/install/shell_interfaces/share/ament_index/resource_index/packages/shell_interfaces\n'}
[22.273824] (shell_interfaces) StdoutLine: {'line': b'-- Installing: /home/esraamustafa/Path_Planning_Shell_AI/ros2_sim/install/shell_interfaces/share/shell_interfaces/cmake/export_shell_interfaces__rosidl_generator_cExport.cmake\n'}
[22.274787] (shell_interfaces) StdoutLine: {'line': b'-- Installing: /home/esraamustafa/Path_Planning_Shell_AI/ros2_sim/install/shell_interfaces/share/shell_interfaces/cmake/export_shell_interfaces__rosidl_generator_cExport-noconfig.cmake\n'}
[22.276100] (shell_interfaces) StdoutLine: {'line': b'-- Installing: /home/esraamustafa/Path_Planning_Shell_AI/ros2_sim/install/shell_interfaces/share/shell_interfaces/cmake/export_shell_interfaces__rosidl_typesupport_fastrtps_cExport.cmake\n'}
[22.276721] (shell_interfaces) StdoutLine: {'line': b'-- Installing: /home/esraamustafa/Path_Planning_Shell_AI/ros2_sim/install/shell_interfaces/share/shell_interfaces/cmake/export_shell_interfaces__rosidl_typesupport_fastrtps_cExport-noconfig.cmake\n'}
[22.277011] (shell_interfaces) StdoutLine: {'line': b'-- Installing: /home/esraamustafa/Path_Planning_Shell_AI/ros2_sim/install/shell_interfaces/share/shell_interfaces/cmake/shell_interfaces__rosidl_typesupport_introspection_cExport.cmake\n'}
[22.277547] (shell_interfaces) StdoutLine: {'line': b'-- Installing: /home/esraamustafa/Path_Planning_Shell_AI/ros2_sim/install/shell_interfaces/share/shell_interfaces/cmake/shell_interfaces__rosidl_typesupport_introspection_cExport-noconfig.cmake\n'}
[22.278324] (shell_interfaces) StdoutLine: {'line': b'-- Installing: /home/esraamustafa/Path_Planning_Shell_AI/ros2_sim/install/shell_interfaces/share/shell_interfaces/cmake/shell_interfaces__rosidl_typesupport_cExport.cmake\n'}
[22.279097] (shell_interfaces) StdoutLine: {'line': b'-- Installing: /home/esraamustafa/Path_Planning_Shell_AI/ros2_sim/install/shell_interfaces/share/shell_interfaces/cmake/shell_interfaces__rosidl_typesupport_cExport-noconfig.cmake\n'}
[22.280309] (shell_interfaces) StdoutLine: {'line': b'-- Installing: /home/esraamustafa/Path_Planning_Shell_AI/ros2_sim/install/shell_interfaces/share/shell_interfaces/cmake/export_shell_interfaces__rosidl_generator_cppExport.cmake\n'}
[22.280779] (shell_interfaces) StdoutLine: {'line': b'-- Installing: /home/esraamustafa/Path_Planning_Shell_AI/ros2_sim/install/shell_interfaces/share/shell_interfaces/cmake/export_shell_interfaces__rosidl_typesupport_fastrtps_cppExport.cmake\n'}
[22.281088] (shell_interfaces) StdoutLine: {'line': b'-- Installing: /home/esraamustafa/Path_Planning_Shell_AI/ros2_sim/install/shell_interfaces/share/shell_interfaces/cmake/export_shell_interfaces__rosidl_typesupport_fastrtps_cppExport-noconfig.cmake\n'}
[22.281863] (shell_interfaces) StdoutLine: {'line': b'-- Installing: /home/esraamustafa/Path_Planning_Shell_AI/ros2_sim/install/shell_interfaces/share/shell_interfaces/cmake/shell_interfaces__rosidl_typesupport_introspection_cppExport.cmake\n'}
[22.282522] (shell_interfaces) StdoutLine: {'line': b'-- Installing: /home/esraamustafa/Path_Planning_Shell_AI/ros2_sim/install/shell_interfaces/share/shell_interfaces/cmake/shell_interfaces__rosidl_typesupport_introspection_cppExport-noconfig.cmake\n'}
[22.283919] (shell_interfaces) StdoutLine: {'line': b'-- Installing: /home/esraamustafa/Path_Planning_Shell_AI/ros2_sim/install/shell_interfaces/share/shell_interfaces/cmake/shell_interfaces__rosidl_typesupport_cppExport.cmake\n'}
[22.284094] (shell_interfaces) StdoutLine: {'line': b'-- Installing: /home/esraamustafa/Path_Planning_Shell_AI/ros2_sim/install/shell_interfaces/share/shell_interfaces/cmake/shell_interfaces__rosidl_typesupport_cppExport-noconfig.cmake\n'}
[22.284189] (shell_interfaces) StdoutLine: {'line': b'-- Installing: /home/esraamustafa/Path_Planning_Shell_AI/ros2_sim/install/shell_interfaces/share/shell_interfaces/cmake/export_shell_interfaces__rosidl_generator_pyExport.cmake\n'}
[22.284272] (shell_interfaces) StdoutLine: {'line': b'-- Installing: /home/esraamustafa/Path_Planning_Shell_AI/ros2_sim/install/shell_interfaces/share/shell_interfaces/cmake/export_shell_interfaces__rosidl_generator_pyExport-noconfig.cmake\n'}
[22.284831] (shell_interfaces) StdoutLine: {'line': b'-- Installing: /home/esraamustafa/Path_Planning_Shell_AI/ros2_sim/install/shell_interfaces/share/shell_interfaces/cmake/rosidl_cmake-extras.cmake\n'}
[22.285295] (shell_interfaces) StdoutLine: {'line': b'-- Installing: /home/esraamustafa/Path_Planning_Shell_AI/ros2_sim/install/shell_interfaces/share/shell_interfaces/cmake/ament_cmake_export_include_directories-extras.cmake\n'}
[22.286056] (shell_interfaces) StdoutLine: {'line': b'-- Installing: /home/esraamustafa/Path_Planning_Shell_AI/ros2_sim/install/shell_interfaces/share/shell_interfaces/cmake/ament_cmake_export_libraries-extras.cmake\n'}
[22.286844] (shell_interfaces) StdoutLine: {'line': b'-- Installing: /home/esraamustafa/Path_Planning_Shell_AI/ros2_sim/install/shell_interfaces/share/shell_interfaces/cmake/ament_cmake_export_targets-extras.cmake\n'}
[22.287922] (shell_interfaces) StdoutLine: {'line': b'-- Installing: /home/esraamustafa/Path_Planning_Shell_AI/ros2_sim/install/shell_interfaces/share/shell_interfaces/cmake/rosidl_cmake_export_typesupport_targets-extras.cmake\n'}
[22.288168] (shell_interfaces) StdoutLine: {'line': b'-- Installing: /home/esraamustafa/Path_Planning_Shell_AI/ros2_sim/install/shell_interfaces/share/shell_interfaces/cmake/ament_cmake_export_dependencies-extras.cmake\n'}
[22.288713] (shell_interfaces) StdoutLine: {'line': b'-- Installing: /home/esraamustafa/Path_Planning_Shell_AI/ros2_sim/install/shell_interfaces/share/shell_interfaces/cmake/rosidl_cmake_export_typesupport_libraries-extras.cmake\n'}
[22.289704] (shell_interfaces) StdoutLine: {'line': b'-- Installing: /home/esraamustafa/Path_Planning_Shell_AI/ros2_sim/install/shell_interfaces/share/shell_interfaces/cmake/shell_interfacesConfig.cmake\n'}
[22.290090] (shell_interfaces) StdoutLine: {'line': b'-- Installing: /home/esraamustafa/Path_Planning_Shell_AI/ros2_sim/install/shell_interfaces/share/shell_interfaces/cmake/shell_interfacesConfig-version.cmake\n'}
[22.290479] (shell_interfaces) StdoutLine: {'line': b'-- Installing: /home/esraamustafa/Path_Planning_Shell_AI/ros2_sim/install/shell_interfaces/share/shell_interfaces/package.xml\n'}
[22.294749] (-) TimerEvent: {}
[22.298028] (shell_interfaces) CommandEnded: {'returncode': 0}
[22.365397] (shell_interfaces) JobEnded: {'identifier': 'shell_interfaces', 'rc': 0}
[22.371220] (shell_test_nodes) JobStarted: {'identifier': 'shell_test_nodes'}
[22.392706] (shell_visualization) JobStarted: {'identifier': 'shell_visualization'}
[22.395119] (-) TimerEvent: {}
[22.495990] (-) TimerEvent: {}
[22.597270] (-) TimerEvent: {}
[22.698076] (-) TimerEvent: {}
[22.798866] (-) TimerEvent: {}
[22.899686] (-) TimerEvent: {}
[23.000930] (-) TimerEvent: {}
[23.102075] (-) TimerEvent: {}
[23.203411] (-) TimerEvent: {}
[23.304668] (-) TimerEvent: {}
[23.405599] (-) TimerEvent: {}
[23.506663] (-) TimerEvent: {}
[23.607982] (-) TimerEvent: {}
[23.708786] (-) TimerEvent: {}
[23.809587] (-) TimerEvent: {}
[23.910253] (-) TimerEvent: {}
[24.010995] (-) TimerEvent: {}
[24.111442] (-) TimerEvent: {}
[24.212168] (-) TimerEvent: {}
[24.312981] (-) TimerEvent: {}
[24.413519] (-) TimerEvent: {}
[24.514024] (-) TimerEvent: {}
[24.614553] (-) TimerEvent: {}
[24.715403] (-) TimerEvent: {}
[24.804973] (shell_test_nodes) Command: {'cmd': ['/usr/bin/python3', '-W', 'ignore:setup.py install is deprecated', '-W', 'ignore:easy_install command is deprecated', 'setup.py', 'egg_info', '--egg-base', '../../build/shell_test_nodes', 'build', '--build-base', '/home/esraamustafa/Path_Planning_Shell_AI/ros2_sim/build/shell_test_nodes/build', 'install', '--record', '/home/esraamustafa/Path_Planning_Shell_AI/ros2_sim/build/shell_test_nodes/install.log', '--single-version-externally-managed'], 'cwd': '/home/esraamustafa/Path_Planning_Shell_AI/ros2_sim/src/shell_test_nodes', 'env': {'PYTHON_BASIC_REPL': '1', 'LESSOPEN': '| /usr/bin/lesspipe %s', 'USER': 'esraamustafa', 'GIT_ASKPASS': '/home/esraamustafa/.vscode-server/bin/c9d77990917f3102ada88be140d28b038d1dd7c7/extensions/git/dist/askpass.sh', 'SHLVL': '1', 'LD_LIBRARY_PATH': '/home/esraamustafa/Path_Planning_Shell_AI/ros2_sim/install/shell_interfaces/lib:/opt/ros/humble/opt/rviz_ogre_vendor/lib:/opt/ros/humble/lib/x86_64-linux-gnu:/opt/ros/humble/lib', 'MOTD_SHOWN': 'update-motd', 'HOME': '/home/esraamustafa', 'OLDPWD': '/home/esraamustafa/Path_Planning_Shell_AI/ros2_sim', 'TERM_PROGRAM_VERSION': '1.108.2', 'VSCODE_IPC_HOOK_CLI': '/run/user/1000/vscode-ipc-bd46b4a8-d29c-4fd5-8e42-55c50359dab7.sock', 'ROS_PYTHON_VERSION': '3', 'VSCODE_GIT_ASKPASS_MAIN': '/home/esraamustafa/.vscode-server/bin/c9d77990917f3102ada88be140d28b038d1dd7c7/extensions/git/dist/askpass-main.js', 'VSCODE_GIT_ASKPASS_NODE': '/home/esraamustafa/.vscode-server/bin/c9d77990917f3102ada88be140d28b038d1dd7c7/node', 'PYDEVD_DISABLE_FILE_VALIDATION': '1', 'BUNDLED_DEBUGPY_PATH': '/home/esraamustafa/.vscode-server/extensions/ms-python.debugpy-2025.18.0-linux-x64/bundled/libs/debugpy', 'VSCODE_PYTHON_AUTOACTIVATE_GUARD': '1', 'DBUS_SESSION_BUS_ADDRESS': 'unix:path=/run/user/1000/bus', 'COLORTERM': 'truecolor', 'WSL_DISTRO_NAME': 'Ubuntu-22.04', 'WAYLAND_DISPLAY': 'wayland-0', 'COLCON_PREFIX_PATH': '/home/esraamustafa/Path_Planning_Shell_AI/ros2_sim/install', 'ROS_DISTRO': 'humble', 'LOGNAME': 'esraamustafa', 'NAME': 'Esraa', 'WSL_INTEROP': '/run/WSL/484056_interop', 'PULSE_SERVER': 'unix:/mnt/wslg/PulseServer', '_': '/usr/bin/colcon', 'ROS_VERSION': '2', 'TERM': 'xterm-256color', 'ROS_LOCALHOST_ONLY': '0', 'PATH': '/home/esraamustafa/.vscode-server/data/User/globalStorage/github.copilot-chat/debugCommand:/home/esraamustafa/.vscode-server/data/User/globalStorage/github.copilot-chat/copilotCli:/home/esraamustafa/.vscode-server/bin/c9d77990917f3102ada88be140d28b038d1dd7c7/bin/remote-cli:/home/esraamustafa/.local/bin:/opt/ros/humble/bin:/usr/local/sbin:/usr/local/bin:/usr/sbin:/usr/bin:/sbin:/bin:/usr/games:/usr/local/games:/usr/lib/wsl/lib:/mnt/c/Program Files/Common Files/Oracle/Java/javapath:/mnt/c/Users/esraa/AppData/Local/Programs/Python/Python312/Scripts/:/mnt/c/Users/esraa/AppData/Local/Programs/Python/Python312/:/mnt/c/WINDOWS/system32:/mnt/c/WINDOWS:/mnt/c/WINDOWS/System32/Wbem:/mnt/c/WINDOWS/System32/WindowsPowerShell/v1.0/:/mnt/c/WINDOWS/System32/OpenSSH/:/mnt/c/Program Files/dotnet/:/mnt/c/Program Files/Git/cmd:/mnt/c/Program Files/nodejs/:/mnt/c/ProgramData/chocolatey/bin:/mnt/c/msys64/mingw64/bin:/mnt/c/Program Files/GitHub CLI/:/mnt/c/Program Files/MATLAB/R2024b/bin:/mnt/c/Program Files (x86)/Microsoft SQL Server/160/Tools/Binn/:/mnt/c/Program Files/Microsoft SQL Server/160/Tools/Binn/:/mnt/c/Program Files/Microsoft SQL Server/Client SDK/ODBC/170/Tools/Binn/:/mnt/c/Program Files/Microsoft SQL Server/160/DTS/Binn/:/mnt/c/Program Files/Microsoft SQL Server/150/Tools/Binn/:/mnt/c/Program Files/CMake/bin:/mnt/c/Program Files/Docker/Docker/resources/bin:/mnt/c/xampp/php/php.exe:/mnt/c/Users/esraa/AppData/Local/Programs/Python/Python314/Scripts/:/mnt/c/Users/esraa/AppData/Local/Programs/Python/Python314/:/mnt/c/Users/esraa/AppData/Local/Programs/Python/Launcher/:/mnt/c/Users/esraa/AppData/Local/Microsoft/WindowsApps:/mnt/c/Users/esraa/AppData/Local/Programs/Microsoft_VS_Code/bin:/mnt/c/Users/esraa/AppData/Local/Microsoft/WinGet/Packages/Schniz.fnm_Microsoft.Winget.Source_8wekyb3d8bbwe:/mnt/c/Users/esraa/AppData/Roaming/npm:/mnt/c/Users/esraa/AppData/Local/GitHubDesktop/bin:/mnt/c/Users/esraa/.dotnet/tools:/mnt/d/IntelliJ IDEA 2024.2.3/bin:/mnt/c/Program Files/JetBrains/IntelliJ IDEA Community Edition 2024.2.3/bin:/mnt/c/Program Files/MongoDB/Server/8.2/bin:/mnt/c/Users/esraa/AppData/Local/Programs/mongosh/:/snap/bin:/home/esraamustafa/.vscode-server/extensions/ms-python.debugpy-2025.18.0-linux-x64/bundled/scripts/noConfigScripts', 'XDG_RUNTIME_DIR': '/run/user/1000/', 'DISPLAY': ':0', 'VSCODE_DEBUGPY_ADAPTER_ENDPOINTS': '/home/esraamustafa/.vscode-server/extensions/ms-python.debugpy-2025.18.0-linux-x64/.noConfigDebugAdapterEndpoints/endpoint-89b519da86041899.txt', 'LANG': 'C.UTF-8', 'PYTHONSTARTUP': '/home/esraamustafa/.vscode-server/data/User/workspaceStorage/f36fee122dc2889c714ba7fb02f7bb3e/ms-python.python/pythonrc.py', 'LS_COLORS': 'rs=0:di=01;34:ln=01;36:mh=00:pi=40;33:so=01;35:do=01;35:bd=40;33;01:cd=40;33;01:or=40;31;01:mi=00:su=37;41:sg=30;43:ca=30;41:tw=30;42:ow=34;42:st=37;44:ex=01;32:*.tar=01;31:*.tgz=01;31:*.arc=01;31:*.arj=01;31:*.taz=01;31:*.lha=01;31:*.lz4=01;31:*.lzh=01;31:*.lzma=01;31:*.tlz=01;31:*.txz=01;31:*.tzo=01;31:*.t7z=01;31:*.zip=01;31:*.z=01;31:*.dz=01;31:*.gz=01;31:*.lrz=01;31:*.lz=01;31:*.lzo=01;31:*.xz=01;31:*.zst=01;31:*.tzst=01;31:*.bz2=01;31:*.bz=01;31:*.tbz=01;31:*.tbz2=01;31:*.tz=01;31:*.deb=01;31:*.rpm=01;31:*.jar=01;31:*.war=01;31:*.ear=01;31:*.sar=01;31:*.rar=01;31:*.alz=01;31:*.ace=01;31:*.zoo=01;31:*.cpio=01;31:*.7z=01;31:*.rz=01;31:*.cab=01;31:*.wim=01;31:*.swm=01;31:*.dwm=01;31:*.esd=01;31:*.jpg=01;35:*.jpeg=01;35:*.mjpg=01;35:*.mjpeg=01;35:*.gif=01;35:*.bmp=01;35:*.pbm=01;35:*.pgm=01;35:*.ppm=01;35:*.tga=01;35:*.xbm=01;35:*.xpm=01;35:*.tif=01;35:*.tiff=01;35:*.png=01;35:*.svg=01;35:*.svgz=01;35:*.mng=01;35:*.pcx=01;35:*.mov=01;35:*.mpg=01;35:*.mpeg=01;35:*.m2v=01;35:*.mkv=01;35:*.webm=01;35:*.webp=01;35:*.ogm=01;35:*.mp4=01;35:*.m4v=01;35:*.mp4v=01;35:*.vob=01;35:*.qt=01;35:*.nuv=01;35:*.wmv=01;35:*.asf=01;35:*.rm=01;35:*.rmvb=01;35:*.flc=01;35:*.avi=01;35:*.fli=01;35:*.flv=01;35:*.gl=01;35:*.dl=01;35:*.xcf=01;35:*.xwd=01;35:*.yuv=01;35:*.cgm=01;35:*.emf=01;35:*.ogv=01;35:*.ogx=01;35:*.aac=00;36:*.au=00;36:*.flac=00;36:*.m4a=00;36:*.mid=00;36:*.midi=00;36:*.mka=00;36:*.mp3=00;36:*.mpc=00;36:*.ogg=00;36:*.ra=00;36:*.wav=00;36:*.oga=00;36:*.opus=00;36:*.spx=00;36:*.xspf=00;36:', 'VSCODE_GIT_IPC_HANDLE': '/run/user/1000/vscode-git-2aeea19411.sock', 'TERM_PROGRAM': 'vscode', 'AMENT_PREFIX_PATH': '/home/esraamustafa/Path_Planning_Shell_AI/ros2_sim/install/shell_visualization:/home/esraamustafa/Path_Planning_Shell_AI/ros2_sim/install/shell_test_nodes:/home/esraamustafa/Path_Planning_Shell_AI/ros2_sim/install/shell_planning:/home/esraamustafa/Path_Planning_Shell_AI/ros2_sim/install/shell_interfaces:/opt/ros/humble', 'SHELL': '/bin/bash', 'LESSCLOSE': '/usr/bin/lesspipe %s %s', 'VSCODE_GIT_ASKPASS_EXTRA_ARGS': '', 'PWD': '/home/esraamustafa/Path_Planning_Shell_AI/ros2_sim/build/shell_test_nodes', 'XDG_DATA_DIRS': '/usr/local/share:/usr/share:/var/lib/snapd/desktop', 'PYTHONPATH': '/home/esraamustafa/Path_Planning_Shell_AI/ros2_sim/build/shell_test_nodes/prefix_override:/usr/lib/python3/dist-packages/colcon_core/task/python/colcon_distutils_commands:/home/esraamustafa/Path_Planning_Shell_AI/ros2_sim/install/shell_test_nodes/lib/python3.10/site-packages:/home/esraamustafa/Path_Planning_Shell_AI/ros2_sim/install/shell_visualization/lib/python3.10/site-packages:/home/esraamustafa/Path_Planning_Shell_AI/ros2_sim/build/shell_test_nodes:/home/esraamustafa/Path_Planning_Shell_AI/ros2_sim/install/shell_test_nodes/lib/python3.10/site-packages:/home/esraamustafa/Path_Planning_Shell_AI/ros2_sim/build/shell_planning:/home/esraamustafa/Path_Planning_Shell_AI/ros2_sim/install/shell_planning/lib/python3.10/site-packages:/home/esraamustafa/Path_Planning_Shell_AI/ros2_sim/install/shell_interfaces/local/lib/python3.10/dist-packages:/opt/ros/humble/lib/python3.10/site-packages:/opt/ros/humble/local/lib/python3.10/dist-packages', 'COLCON': '1', 'WSL2_GUI_APPS_ENABLED': '1', 'HOSTTYPE': 'x86_64', 'CMAKE_PREFIX_PATH': '/home/esraamustafa/Path_Planning_Shell_AI/ros2_sim/install/shell_interfaces', 'WSLENV': 'VSCODE_WSL_EXT_LOCATION/up'}, 'shell': False}
[24.815762] (-) TimerEvent: {}
[24.916676] (-) TimerEvent: {}
[25.017575] (-) TimerEvent: {}
[25.118445] (-) TimerEvent: {}
[25.219199] (-) TimerEvent: {}
[25.280540] (shell_visualization) Command: {'cmd': ['/usr/bin/python3', '-W', 'ignore:setup.py install is deprecated', '-W', 'ignore:easy_install command is deprecated', 'setup.py', 'egg_info', '--egg-base', '../../build/shell_visualization', 'build', '--build-base', '/home/esraamustafa/Path_Planning_Shell_AI/ros2_sim/build/shell_visualization/build', 'install', '--record', '/home/esraamustafa/Path_Planning_Shell_AI/ros2_sim/build/shell_visualization/install.log', '--single-version-externally-managed', 'install_data'], 'cwd': '/home/esraamustafa/Path_Planning_Shell_AI/ros2_sim/src/shell_visualization', 'env': {'PYTHON_BASIC_REPL': '1', 'LESSOPEN': '| /usr/bin/lesspipe %s', 'USER': 'esraamustafa', 'GIT_ASKPASS': '/home/esraamustafa/.vscode-server/bin/c9d77990917f3102ada88be140d28b038d1dd7c7/extensions/git/dist/askpass.sh', 'SHLVL': '1', 'LD_LIBRARY_PATH': '/home/esraamustafa/Path_Planning_Shell_AI/ros2_sim/install/shell_interfaces/lib:/opt/ros/humble/opt/rviz_ogre_vendor/lib:/opt/ros/humble/lib/x86_64-linux-gnu:/opt/ros/humble/lib', 'MOTD_SHOWN': 'update-motd', 'HOME': '/home/esraamustafa', 'OLDPWD': '/home/esraamustafa/Path_Planning_Shell_AI/ros2_sim', 'TERM_PROGRAM_VERSION': '1.108.2', 'VSCODE_IPC_HOOK_CLI': '/run/user/1000/vscode-ipc-bd46b4a8-d29c-4fd5-8e42-55c50359dab7.sock', 'ROS_PYTHON_VERSION': '3', 'VSCODE_GIT_ASKPASS_MAIN': '/home/esraamustafa/.vscode-server/bin/c9d77990917f3102ada88be140d28b038d1dd7c7/extensions/git/dist/askpass-main.js', 'VSCODE_GIT_ASKPASS_NODE': '/home/esraamustafa/.vscode-server/bin/c9d77990917f3102ada88be140d28b038d1dd7c7/node', 'PYDEVD_DISABLE_FILE_VALIDATION': '1', 'BUNDLED_DEBUGPY_PATH': '/home/esraamustafa/.vscode-server/extensions/ms-python.debugpy-2025.18.0-linux-x64/bundled/libs/debugpy', 'VSCODE_PYTHON_AUTOACTIVATE_GUARD': '1', 'DBUS_SESSION_BUS_ADDRESS': 'unix:path=/run/user/1000/bus', 'COLORTERM': 'truecolor', 'WSL_DISTRO_NAME': 'Ubuntu-22.04', 'WAYLAND_DISPLAY': 'wayland-0', 'COLCON_PREFIX_PATH': '/home/esraamustafa/Path_Planning_Shell_AI/ros2_sim/install', 'ROS_DISTRO': 'humble', 'LOGNAME': 'esraamustafa', 'NAME': 'Esraa', 'WSL_INTEROP': '/run/WSL/484056_interop', 'PULSE_SERVER': 'unix:/mnt/wslg/PulseServer', '_': '/usr/bin/colcon', 'ROS_VERSION': '2', 'TERM': 'xterm-256color', 'ROS_LOCALHOST_ONLY': '0', 'PATH': '/home/esraamustafa/.vscode-server/data/User/globalStorage/github.copilot-chat/debugCommand:/home/esraamustafa/.vscode-server/data/User/globalStorage/github.copilot-chat/copilotCli:/home/esraamustafa/.vscode-server/bin/c9d77990917f3102ada88be140d28b038d1dd7c7/bin/remote-cli:/home/esraamustafa/.local/bin:/opt/ros/humble/bin:/usr/local/sbin:/usr/local/bin:/usr/sbin:/usr/bin:/sbin:/bin:/usr/games:/usr/local/games:/usr/lib/wsl/lib:/mnt/c/Program Files/Common Files/Oracle/Java/javapath:/mnt/c/Users/esraa/AppData/Local/Programs/Python/Python312/Scripts/:/mnt/c/Users/esraa/AppData/Local/Programs/Python/Python312/:/mnt/c/WINDOWS/system32:/mnt/c/WINDOWS:/mnt/c/WINDOWS/System32/Wbem:/mnt/c/WINDOWS/System32/WindowsPowerShell/v1.0/:/mnt/c/WINDOWS/System32/OpenSSH/:/mnt/c/Program Files/dotnet/:/mnt/c/Program Files/Git/cmd:/mnt/c/Program Files/nodejs/:/mnt/c/ProgramData/chocolatey/bin:/mnt/c/msys64/mingw64/bin:/mnt/c/Program Files/GitHub CLI/:/mnt/c/Program Files/MATLAB/R2024b/bin:/mnt/c/Program Files (x86)/Microsoft SQL Server/160/Tools/Binn/:/mnt/c/Program Files/Microsoft SQL Server/160/Tools/Binn/:/mnt/c/Program Files/Microsoft SQL Server/Client SDK/ODBC/170/Tools/Binn/:/mnt/c/Program Files/Microsoft SQL Server/160/DTS/Binn/:/mnt/c/Program Files/Microsoft SQL Server/150/Tools/Binn/:/mnt/c/Program Files/CMake/bin:/mnt/c/Program Files/Docker/Docker/resources/bin:/mnt/c/xampp/php/php.exe:/mnt/c/Users/esraa/AppData/Local/Programs/Python/Python314/Scripts/:/mnt/c/Users/esraa/AppData/Local/Programs/Python/Python314/:/mnt/c/Users/esraa/AppData/Local/Programs/Python/Launcher/:/mnt/c/Users/esraa/AppData/Local/Microsoft/WindowsApps:/mnt/c/Users/esraa/AppData/Local/Programs/Microsoft_VS_Code/bin:/mnt/c/Users/esraa/AppData/Local/Microsoft/WinGet/Packages/Schniz.fnm_Microsoft.Winget.Source_8wekyb3d8bbwe:/mnt/c/Users/esraa/AppData/Roaming/npm:/mnt/c/Users/esraa/AppData/Local/GitHubDesktop/bin:/mnt/c/Users/esraa/.dotnet/tools:/mnt/d/IntelliJ IDEA 2024.2.3/bin:/mnt/c/Program Files/JetBrains/IntelliJ IDEA Community Edition 2024.2.3/bin:/mnt/c/Program Files/MongoDB/Server/8.2/bin:/mnt/c/Users/esraa/AppData/Local/Programs/mongosh/:/snap/bin:/home/esraamustafa/.vscode-server/extensions/ms-python.debugpy-2025.18.0-linux-x64/bundled/scripts/noConfigScripts', 'XDG_RUNTIME_DIR': '/run/user/1000/', 'DISPLAY': ':0', 'VSCODE_DEBUGPY_ADAPTER_ENDPOINTS': '/home/esraamustafa/.vscode-server/extensions/ms-python.debugpy-2025.18.0-linux-x64/.noConfigDebugAdapterEndpoints/endpoint-89b519da86041899.txt', 'LANG': 'C.UTF-8', 'PYTHONSTARTUP': '/home/esraamustafa/.vscode-server/data/User/workspaceStorage/f36fee122dc2889c714ba7fb02f7bb3e/ms-python.python/pythonrc.py', 'LS_COLORS': 'rs=0:di=01;34:ln=01;36:mh=00:pi=40;33:so=01;35:do=01;35:bd=40;33;01:cd=40;33;01:or=40;31;01:mi=00:su=37;41:sg=30;43:ca=30;41:tw=30;42:ow=34;42:st=37;44:ex=01;32:*.tar=01;31:*.tgz=01;31:*.arc=01;31:*.arj=01;31:*.taz=01;31:*.lha=01;31:*.lz4=01;31:*.lzh=01;31:*.lzma=01;31:*.tlz=01;31:*.txz=01;31:*.tzo=01;31:*.t7z=01;31:*.zip=01;31:*.z=01;31:*.dz=01;31:*.gz=01;31:*.lrz=01;31:*.lz=01;31:*.lzo=01;31:*.xz=01;31:*.zst=01;31:*.tzst=01;31:*.bz2=01;31:*.bz=01;31:*.tbz=01;31:*.tbz2=01;31:*.tz=01;31:*.deb=01;31:*.rpm=01;31:*.jar=01;31:*.war=01;31:*.ear=01;31:*.sar=01;31:*.rar=01;31:*.alz=01;31:*.ace=01;31:*.zoo=01;31:*.cpio=01;31:*.7z=01;31:*.rz=01;31:*.cab=01;31:*.wim=01;31:*.swm=01;31:*.dwm=01;31:*.esd=01;31:*.jpg=01;35:*.jpeg=01;35:*.mjpg=01;35:*.mjpeg=01;35:*.gif=01;35:*.bmp=01;35:*.pbm=01;35:*.pgm=01;35:*.ppm=01;35:*.tga=01;35:*.xbm=01;35:*.xpm=01;35:*.tif=01;35:*.tiff=01;35:*.png=01;35:*.svg=01;35:*.svgz=01;35:*.mng=01;35:*.pcx=01;35:*.mov=01;35:*.mpg=01;35:*.mpeg=01;35:*.m2v=01;35:*.mkv=01;35:*.webm=01;35:*.webp=01;35:*.ogm=01;35:*.mp4=01;35:*.m4v=01;35:*.mp4v=01;35:*.vob=01;35:*.qt=01;35:*.nuv=01;35:*.wmv=01;35:*.asf=01;35:*.rm=01;35:*.rmvb=01;35:*.flc=01;35:*.avi=01;35:*.fli=01;35:*.flv=01;35:*.gl=01;35:*.dl=01;35:*.xcf=01;35:*.xwd=01;35:*.yuv=01;35:*.cgm=01;35:*.emf=01;35:*.ogv=01;35:*.ogx=01;35:*.aac=00;36:*.au=00;36:*.flac=00;36:*.m4a=00;36:*.mid=00;36:*.midi=00;36:*.mka=00;36:*.mp3=00;36:*.mpc=00;36:*.ogg=00;36:*.ra=00;36:*.wav=00;36:*.oga=00;36:*.opus=00;36:*.spx=00;36:*.xspf=00;36:', 'VSCODE_GIT_IPC_HANDLE': '/run/user/1000/vscode-git-2aeea19411.sock', 'TERM_PROGRAM': 'vscode', 'AMENT_PREFIX_PATH': '/home/esraamustafa/Path_Planning_Shell_AI/ros2_sim/install/shell_visualization:/home/esraamustafa/Path_Planning_Shell_AI/ros2_sim/install/shell_test_nodes:/home/esraamustafa/Path_Planning_Shell_AI/ros2_sim/install/shell_planning:/home/esraamustafa/Path_Planning_Shell_AI/ros2_sim/install/shell_interfaces:/opt/ros/humble', 'SHELL': '/bin/bash', 'LESSCLOSE': '/usr/bin/lesspipe %s %s', 'VSCODE_GIT_ASKPASS_EXTRA_ARGS': '', 'PWD': '/home/esraamustafa/Path_Planning_Shell_AI/ros2_sim/build/shell_visualization', 'XDG_DATA_DIRS': '/usr/local/share:/usr/share:/var/lib/snapd/desktop', 'PYTHONPATH': '/home/esraamustafa/Path_Planning_Shell_AI/ros2_sim/build/shell_visualization/prefix_override:/usr/lib/python3/dist-packages/colcon_core/task/python/colcon_distutils_commands:/home/esraamustafa/Path_Planning_Shell_AI/ros2_sim/install/shell_visualization/lib/python3.10/site-packages:/home/esraamustafa/Path_Planning_Shell_AI/ros2_sim/install/shell_visualization/lib/python3.10/site-packages:/home/esraamustafa/Path_Planning_Shell_AI/ros2_sim/build/shell_test_nodes:/home/esraamustafa/Path_Planning_Shell_AI/ros2_sim/install/shell_test_nodes/lib/python3.10/site-packages:/home/esraamustafa/Path_Planning_Shell_AI/ros2_sim/build/shell_planning:/home/esraamustafa/Path_Planning_Shell_AI/ros2_sim/install/shell_planning/lib/python3.10/site-packages:/home/esraamustafa/Path_Planning_Shell_AI/ros2_sim/install/shell_interfaces/local/lib/python3.10/dist-packages:/opt/ros/humble/lib/python3.10/site-packages:/opt/ros/humble/local/lib/python3.10/dist-packages', 'COLCON': '1', 'WSL2_GUI_APPS_ENABLED': '1', 'HOSTTYPE': 'x86_64', 'CMAKE_PREFIX_PATH': '/home/esraamustafa/Path_Planning_Shell_AI/ros2_sim/install/shell_interfaces', 'WSLENV': 'VSCODE_WSL_EXT_LOCATION/up'}, 'shell': False}
[25.285137] (shell_test_nodes) StdoutLine: {'line': b'running egg_info\n'}
[25.285520] (shell_test_nodes) StdoutLine: {'line': b'creating ../../build/shell_test_nodes/shell_test_nodes.egg-info\n'}
[25.285731] (shell_test_nodes) StdoutLine: {'line': b'writing ../../build/shell_test_nodes/shell_test_nodes.egg-info/PKG-INFO\n'}
[25.285918] (shell_test_nodes) StdoutLine: {'line': b'writing dependency_links to ../../build/shell_test_nodes/shell_test_nodes.egg-info/dependency_links.txt\n'}
[25.286096] (shell_test_nodes) StdoutLine: {'line': b'writing entry points to ../../build/shell_test_nodes/shell_test_nodes.egg-info/entry_points.txt\n'}
[25.286269] (shell_test_nodes) StdoutLine: {'line': b'writing requirements to ../../build/shell_test_nodes/shell_test_nodes.egg-info/requires.txt\n'}
[25.286691] (shell_test_nodes) StdoutLine: {'line': b'writing top-level names to ../../build/shell_test_nodes/shell_test_nodes.egg-info/top_level.txt\n'}
[25.287997] (shell_test_nodes) StdoutLine: {'line': b"writing manifest file '../../build/shell_test_nodes/shell_test_nodes.egg-info/SOURCES.txt'\n"}
[25.288542] (shell_test_nodes) StdoutLine: {'line': b"reading manifest file '../../build/shell_test_nodes/shell_test_nodes.egg-info/SOURCES.txt'\n"}
[25.289110] (shell_test_nodes) StdoutLine: {'line': b"writing manifest file '../../build/shell_test_nodes/shell_test_nodes.egg-info/SOURCES.txt'\n"}
[25.289656] (shell_test_nodes) StdoutLine: {'line': b'running build\n'}
[25.290138] (shell_test_nodes) StdoutLine: {'line': b'running build_py\n'}
[25.290462] (shell_test_nodes) StdoutLine: {'line': b'creating /home/esraamustafa/Path_Planning_Shell_AI/ros2_sim/build/shell_test_nodes/build\n'}
[25.290934] (shell_test_nodes) StdoutLine: {'line': b'creating /home/esraamustafa/Path_Planning_Shell_AI/ros2_sim/build/shell_test_nodes/build/lib\n'}
[25.291360] (shell_test_nodes) StdoutLine: {'line': b'creating /home/esraamustafa/Path_Planning_Shell_AI/ros2_sim/build/shell_test_nodes/build/lib/shell_test_nodes\n'}
[25.292813] (shell_test_nodes) StdoutLine: {'line': b'copying shell_test_nodes/__init__.py -> /home/esraamustafa/Path_Planning_Shell_AI/ros2_sim/build/shell_test_nodes/build/lib/shell_test_nodes\n'}
[25.293091] (shell_test_nodes) StdoutLine: {'line': b'copying shell_test_nodes/fake_localization.py -> /home/esraamustafa/Path_Planning_Shell_AI/ros2_sim/build/shell_test_nodes/build/lib/shell_test_nodes\n'}
[25.293622] (shell_test_nodes) StdoutLine: {'line': b'copying shell_test_nodes/fake_control.py -> /home/esraamustafa/Path_Planning_Shell_AI/ros2_sim/build/shell_test_nodes/build/lib/shell_test_nodes\n'}
[25.293939] (shell_test_nodes) StdoutLine: {'line': b'copying shell_test_nodes/fake_supervisor.py -> /home/esraamustafa/Path_Planning_Shell_AI/ros2_sim/build/shell_test_nodes/build/lib/shell_test_nodes\n'}
[25.294464] (shell_test_nodes) StdoutLine: {'line': b'copying shell_test_nodes/fake_perception.py -> /home/esraamustafa/Path_Planning_Shell_AI/ros2_sim/build/shell_test_nodes/build/lib/shell_test_nodes\n'}
[25.294914] (shell_test_nodes) StdoutLine: {'line': b'running install\n'}
[25.295173] (shell_test_nodes) StdoutLine: {'line': b'running install_lib\n'}
[25.295354] (shell_test_nodes) StdoutLine: {'line': b'creating /home/esraamustafa/Path_Planning_Shell_AI/ros2_sim/install/shell_test_nodes/lib/python3.10/site-packages/shell_test_nodes\n'}
[25.296123] (shell_test_nodes) StdoutLine: {'line': b'copying /home/esraamustafa/Path_Planning_Shell_AI/ros2_sim/build/shell_test_nodes/build/lib/shell_test_nodes/__init__.py -> /home/esraamustafa/Path_Planning_Shell_AI/ros2_sim/install/shell_test_nodes/lib/python3.10/site-packages/shell_test_nodes\n'}
[25.296535] (shell_test_nodes) StdoutLine: {'line': b'copying /home/esraamustafa/Path_Planning_Shell_AI/ros2_sim/build/shell_test_nodes/build/lib/shell_test_nodes/fake_localization.py -> /home/esraamustafa/Path_Planning_Shell_AI/ros2_sim/install/shell_test_nodes/lib/python3.10/site-packages/shell_test_nodes\n'}
[25.297339] (shell_test_nodes) StdoutLine: {'line': b'copying /home/esraamustafa/Path_Planning_Shell_AI/ros2_sim/build/shell_test_nodes/build/lib/shell_test_nodes/fake_control.py -> /home/esraamustafa/Path_Planning_Shell_AI/ros2_sim/install/shell_test_nodes/lib/python3.10/site-packages/shell_test_nodes\n'}
[25.297792] (shell_test_nodes) StdoutLine: {'line': b'copying /home/esraamustafa/Path_Planning_Shell_AI/ros2_sim/build/shell_test_nodes/build/lib/shell_test_nodes/fake_supervisor.py -> /home/esraamustafa/Path_Planning_Shell_AI/ros2_sim/install/shell_test_nodes/lib/python3.10/site-packages/shell_test_nodes\n'}
[25.298225] (shell_test_nodes) StdoutLine: {'line': b'copying /home/esraamustafa/Path_Planning_Shell_AI/ros2_sim/build/shell_test_nodes/build/lib/shell_test_nodes/fake_perception.py -> /home/esraamustafa/Path_Planning_Shell_AI/ros2_sim/install/shell_test_nodes/lib/python3.10/site-packages/shell_test_nodes\n'}
[25.298387] (shell_test_nodes) StdoutLine: {'line': b'byte-compiling /home/esraamustafa/Path_Planning_Shell_AI/ros2_sim/install/shell_test_nodes/lib/python3.10/site-packages/shell_test_nodes/__init__.py to __init__.cpython-310.pyc\n'}
[25.298503] (shell_test_nodes) StdoutLine: {'line': b'byte-compiling /home/esraamustafa/Path_Planning_Shell_AI/ros2_sim/install/shell_test_nodes/lib/python3.10/site-packages/shell_test_nodes/fake_localization.py to fake_localization.cpython-310.pyc\n'}
[25.298615] (shell_test_nodes) StdoutLine: {'line': b'byte-compiling /home/esraamustafa/Path_Planning_Shell_AI/ros2_sim/install/shell_test_nodes/lib/python3.10/site-packages/shell_test_nodes/fake_control.py to fake_control.cpython-310.pyc\n'}
[25.298710] (shell_test_nodes) StdoutLine: {'line': b'byte-compiling /home/esraamustafa/Path_Planning_Shell_AI/ros2_sim/install/shell_test_nodes/lib/python3.10/site-packages/shell_test_nodes/fake_supervisor.py to fake_supervisor.cpython-310.pyc\n'}
[25.298823] (shell_test_nodes) StdoutLine: {'line': b'byte-compiling /home/esraamustafa/Path_Planning_Shell_AI/ros2_sim/install/shell_test_nodes/lib/python3.10/site-packages/shell_test_nodes/fake_perception.py to fake_perception.cpython-310.pyc\n'}
[25.298943] (shell_test_nodes) StdoutLine: {'line': b'running install_egg_info\n'}
[25.302041] (shell_test_nodes) StdoutLine: {'line': b'Copying ../../build/shell_test_nodes/shell_test_nodes.egg-info to /home/esraamustafa/Path_Planning_Shell_AI/ros2_sim/install/shell_test_nodes/lib/python3.10/site-packages/shell_test_nodes-0.0.0-py3.10.egg-info\n'}
[25.303638] (shell_test_nodes) StdoutLine: {'line': b'running install_scripts\n'}
[25.319580] (-) TimerEvent: {}
[25.343133] (shell_test_nodes) StdoutLine: {'line': b'Installing fake_control script to /home/esraamustafa/Path_Planning_Shell_AI/ros2_sim/install/shell_test_nodes/lib/shell_test_nodes\n'}
[25.343820] (shell_test_nodes) StdoutLine: {'line': b'Installing fake_localization script to /home/esraamustafa/Path_Planning_Shell_AI/ros2_sim/install/shell_test_nodes/lib/shell_test_nodes\n'}
[25.344263] (shell_test_nodes) StdoutLine: {'line': b'Installing fake_perception script to /home/esraamustafa/Path_Planning_Shell_AI/ros2_sim/install/shell_test_nodes/lib/shell_test_nodes\n'}
[25.344843] (shell_test_nodes) StdoutLine: {'line': b'Installing fake_supervisor script to /home/esraamustafa/Path_Planning_Shell_AI/ros2_sim/install/shell_test_nodes/lib/shell_test_nodes\n'}
[25.345036] (shell_test_nodes) StdoutLine: {'line': b"writing list of installed files to '/home/esraamustafa/Path_Planning_Shell_AI/ros2_sim/build/shell_test_nodes/install.log'\n"}
[25.391262] (shell_test_nodes) CommandEnded: {'returncode': 0}
[25.403467] (shell_test_nodes) JobEnded: {'identifier': 'shell_test_nodes', 'rc': 0}
[25.419734] (-) TimerEvent: {}
[25.520438] (-) TimerEvent: {}
[25.621130] (-) TimerEvent: {}
[25.667031] (shell_visualization) StdoutLine: {'line': b'running egg_info\n'}
[25.668062] (shell_visualization) StdoutLine: {'line': b'creating ../../build/shell_visualization/shell_visualization.egg-info\n'}
[25.668765] (shell_visualization) StdoutLine: {'line': b'writing ../../build/shell_visualization/shell_visualization.egg-info/PKG-INFO\n'}
[25.669794] (shell_visualization) StdoutLine: {'line': b'writing dependency_links to ../../build/shell_visualization/shell_visualization.egg-info/dependency_links.txt\n'}
[25.670032] (shell_visualization) StdoutLine: {'line': b'writing entry points to ../../build/shell_visualization/shell_visualization.egg-info/entry_points.txt\n'}
[25.670114] (shell_visualization) StdoutLine: {'line': b'writing requirements to ../../build/shell_visualization/shell_visualization.egg-info/requires.txt\n'}
[25.670183] (shell_visualization) StdoutLine: {'line': b'writing top-level names to ../../build/shell_visualization/shell_visualization.egg-info/top_level.txt\n'}
[25.670245] (shell_visualization) StdoutLine: {'line': b"writing manifest file '../../build/shell_visualization/shell_visualization.egg-info/SOURCES.txt'\n"}
[25.672340] (shell_visualization) StdoutLine: {'line': b"reading manifest file '../../build/shell_visualization/shell_visualization.egg-info/SOURCES.txt'\n"}
[25.673315] (shell_visualization) StdoutLine: {'line': b"writing manifest file '../../build/shell_visualization/shell_visualization.egg-info/SOURCES.txt'\n"}
[25.674036] (shell_visualization) StdoutLine: {'line': b'running build\n'}
[25.674320] (shell_visualization) StdoutLine: {'line': b'running build_py\n'}
[25.674908] (shell_visualization) StdoutLine: {'line': b'creating /home/esraamustafa/Path_Planning_Shell_AI/ros2_sim/build/shell_visualization/build\n'}
[25.675836] (shell_visualization) StdoutLine: {'line': b'creating /home/esraamustafa/Path_Planning_Shell_AI/ros2_sim/build/shell_visualization/build/lib\n'}
[25.676149] (shell_visualization) StdoutLine: {'line': b'creating /home/esraamustafa/Path_Planning_Shell_AI/ros2_sim/build/shell_visualization/build/lib/shell_visualization\n'}
[25.676251] (shell_visualization) StdoutLine: {'line': b'copying shell_visualization/__init__.py -> /home/esraamustafa/Path_Planning_Shell_AI/ros2_sim/build/shell_visualization/build/lib/shell_visualization\n'}
[25.676659] (shell_visualization) StdoutLine: {'line': b'copying shell_visualization/planner_visualizer.py -> /home/esraamustafa/Path_Planning_Shell_AI/ros2_sim/build/shell_visualization/build/lib/shell_visualization\n'}
[25.676737] (shell_visualization) StdoutLine: {'line': b'running install\n'}
[25.676805] (shell_visualization) StdoutLine: {'line': b'running install_lib\n'}
[25.677648] (shell_visualization) StdoutLine: {'line': b'creating /home/esraamustafa/Path_Planning_Shell_AI/ros2_sim/install/shell_visualization/lib/python3.10/site-packages/shell_visualization\n'}
[25.678099] (shell_visualization) StdoutLine: {'line': b'copying /home/esraamustafa/Path_Planning_Shell_AI/ros2_sim/build/shell_visualization/build/lib/shell_visualization/__init__.py -> /home/esraamustafa/Path_Planning_Shell_AI/ros2_sim/install/shell_visualization/lib/python3.10/site-packages/shell_visualization\n'}
[25.678197] (shell_visualization) StdoutLine: {'line': b'copying /home/esraamustafa/Path_Planning_Shell_AI/ros2_sim/build/shell_visualization/build/lib/shell_visualization/planner_visualizer.py -> /home/esraamustafa/Path_Planning_Shell_AI/ros2_sim/install/shell_visualization/lib/python3.10/site-packages/shell_visualization\n'}
[25.679432] (shell_visualization) StdoutLine: {'line': b'byte-compiling /home/esraamustafa/Path_Planning_Shell_AI/ros2_sim/install/shell_visualization/lib/python3.10/site-packages/shell_visualization/__init__.py to __init__.cpython-310.pyc\n'}
[25.680306] (shell_visualization) StdoutLine: {'line': b'byte-compiling /home/esraamustafa/Path_Planning_Shell_AI/ros2_sim/install/shell_visualization/lib/python3.10/site-packages/shell_visualization/planner_visualizer.py to planner_visualizer.cpython-310.pyc\n'}
[25.681041] (shell_visualization) StdoutLine: {'line': b'running install_data\n'}
[25.681377] (shell_visualization) StdoutLine: {'line': b'creating /home/esraamustafa/Path_Planning_Shell_AI/ros2_sim/install/shell_visualization/share/ament_index\n'}
[25.681983] (shell_visualization) StdoutLine: {'line': b'creating /home/esraamustafa/Path_Planning_Shell_AI/ros2_sim/install/shell_visualization/share/ament_index/resource_index\n'}
[25.683246] (shell_visualization) StdoutLine: {'line': b'creating /home/esraamustafa/Path_Planning_Shell_AI/ros2_sim/install/shell_visualization/share/ament_index/resource_index/packages\n'}
[25.684017] (shell_visualization) StdoutLine: {'line': b'copying resource/shell_visualization -> /home/esraamustafa/Path_Planning_Shell_AI/ros2_sim/install/shell_visualization/share/ament_index/resource_index/packages\n'}
[25.684206] (shell_visualization) StdoutLine: {'line': b'copying package.xml -> /home/esraamustafa/Path_Planning_Shell_AI/ros2_sim/install/shell_visualization/share/shell_visualization\n'}
[25.684288] (shell_visualization) StdoutLine: {'line': b'running install_egg_info\n'}
[25.687180] (shell_visualization) StdoutLine: {'line': b'Copying ../../build/shell_visualization/shell_visualization.egg-info to /home/esraamustafa/Path_Planning_Shell_AI/ros2_sim/install/shell_visualization/lib/python3.10/site-packages/shell_visualization-0.0.0-py3.10.egg-info\n'}
[25.688764] (shell_visualization) StdoutLine: {'line': b'running install_scripts\n'}
[25.721538] (-) TimerEvent: {}
[25.725078] (shell_visualization) StdoutLine: {'line': b"writing list of installed files to '/home/esraamustafa/Path_Planning_Shell_AI/ros2_sim/build/shell_visualization/install.log'\n"}
[25.779638] (shell_visualization) CommandEnded: {'returncode': 0}
[25.795349] (shell_visualization) JobEnded: {'identifier': 'shell_visualization', 'rc': 0}
[25.800225] (-) EventReactorShutdown: {}
