[0.000000] (-) TimerEvent: {}
[0.003111] (shell_interfaces) JobQueued: {'identifier': 'shell_interfaces', 'dependencies': OrderedDict()}
[0.003357] (shell_planning) JobQueued: {'identifier': 'shell_planning', 'dependencies': OrderedDict()}
[0.003445] (shell_test_nodes) JobQueued: {'identifier': 'shell_test_nodes', 'dependencies': OrderedDict([('shell_interfaces', '/home/esraamustafa/path_planning/Path_Planning_Shell_AI/install/shell_interfaces')])}
[0.003636] (shell_visualization) JobQueued: {'identifier': 'shell_visualization', 'dependencies': OrderedDict([('shell_interfaces', '/home/esraamustafa/path_planning/Path_Planning_Shell_AI/install/shell_interfaces')])}
[0.003771] (shell_interfaces) JobStarted: {'identifier': 'shell_interfaces'}
[0.013268] (shell_planning) JobStarted: {'identifier': 'shell_planning'}
[0.031797] (shell_interfaces) JobProgress: {'identifier': 'shell_interfaces', 'progress': 'cmake'}
[0.035264] (shell_interfaces) Command: {'cmd': ['/usr/bin/cmake', '/home/esraamustafa/path_planning/Path_Planning_Shell_AI/ros2_sim/src/shell_interfaces', '-DAMENT_CMAKE_SYMLINK_INSTALL=1', '-DCMAKE_INSTALL_PREFIX=/home/esraamustafa/path_planning/Path_Planning_Shell_AI/install/shell_interfaces'], 'cwd': '/home/esraamustafa/path_planning/Path_Planning_Shell_AI/build/shell_interfaces', 'env': OrderedDict([('PYTHON_BASIC_REPL', '1'), ('LESSOPEN', '| /usr/bin/lesspipe %s'), ('USER', 'esraamustafa'), ('GIT_ASKPASS', '/home/esraamustafa/.vscode-server/bin/c9d77990917f3102ada88be140d28b038d1dd7c7/extensions/git/dist/askpass.sh'), ('SHLVL', '1'), ('LD_LIBRARY_PATH', '/opt/ros/humble/opt/rviz_ogre_vendor/lib:/opt/ros/humble/lib/x86_64-linux-gnu:/opt/ros/humble/lib'), ('HOME', '/home/esraamustafa'), ('TERM_PROGRAM_VERSION', '1.108.2'), ('VSCODE_IPC_HOOK_CLI', '/run/user/1000/vscode-ipc-f6ddf0f4-f152-4d5d-a52e-3f3d08efa81e.sock'), ('ROS_PYTHON_VERSION', '3'), ('VSCODE_GIT_ASKPASS_MAIN', '/home/esraamustafa/.vscode-server/bin/c9d77990917f3102ada88be140d28b038d1dd7c7/extensions/git/dist/askpass-main.js'), ('VSCODE_GIT_ASKPASS_NODE', '/home/esraamustafa/.vscode-server/bin/c9d77990917f3102ada88be140d28b038d1dd7c7/node'), ('PYDEVD_DISABLE_FILE_VALIDATION', '1'), ('BUNDLED_DEBUGPY_PATH', '/home/esraamustafa/.vscode-server/extensions/ms-python.debugpy-2025.18.0-linux-x64/bundled/libs/debugpy'), ('VSCODE_PYTHON_AUTOACTIVATE_GUARD', '1'), ('DBUS_SESSION_BUS_ADDRESS', 'unix:path=/run/user/1000/bus'), ('COLORTERM', 'truecolor'), ('WSL_DISTRO_NAME', 'Ubuntu-22.04'), ('WAYLAND_DISPLAY', 'wayland-0'), ('ROS_DISTRO', 'humble'), ('LOGNAME', 'esraamustafa'), ('NAME', 'Esraa'), ('WSL_INTEROP', '/run/WSL/465_interop'), ('PULSE_SERVER', 'unix:/mnt/wslg/PulseServer'), ('_', '/usr/bin/colcon'), ('ROS_VERSION', '2'), ('TERM', 'xterm-256color'), ('ROS_LOCALHOST_ONLY', '0'), ('PATH', '/home/esraamustafa/.vscode-server/data/User/globalStorage/github.copilot-chat/debugCommand:/home/esraamustafa/.vscode-server/data/User/globalStorage/github.copilot-chat/copilotCli:/home/esraamustafa/.vscode-server/bin/c9d77990917f3102ada88be140d28b038d1dd7c7/bin/remote-cli:/home/esraamustafa/.local/bin:/opt/ros/humble/bin:/usr/local/sbin:/usr/local/bin:/usr/sbin:/usr/bin:/sbin:/bin:/usr/games:/usr/local/games:/usr/lib/wsl/lib:/mnt/c/Program Files/Common Files/Oracle/Java/javapath:/mnt/c/Users/esraa/AppData/Local/Programs/Python/Python312/Scripts/:/mnt/c/Users/esraa/AppData/Local/Programs/Python/Python312/:/mnt/c/WINDOWS/system32:/mnt/c/WINDOWS:/mnt/c/WINDOWS/System32/Wbem:/mnt/c/WINDOWS/System32/WindowsPowerShell/v1.0/:/mnt/c/WINDOWS/System32/OpenSSH/:/mnt/c/Program Files/dotnet/:/mnt/c/Program Files/Git/cmd:/mnt/c/Program Files/nodejs/:/mnt/c/ProgramData/chocolatey/bin:/mnt/c/msys64/mingw64/bin:/mnt/c/Program Files/GitHub CLI/:/mnt/c/Program Files/MATLAB/R2024b/bin:/mnt/c/Program Files (x86)/Microsoft SQL Server/160/Tools/Binn/:/mnt/c/Program Files/Microsoft SQL Server/160/Tools/Binn/:/mnt/c/Program Files/Microsoft SQL Server/Client SDK/ODBC/170/Tools/Binn/:/mnt/c/Program Files/Microsoft SQL Server/160/DTS/Binn/:/mnt/c/Program Files/Microsoft SQL Server/150/Tools/Binn/:/mnt/c/Program Files/CMake/bin:/mnt/c/Program Files/Docker/Docker/resources/bin:/mnt/c/xampp/php/php.exe:/mnt/c/Users/esraa/AppData/Local/Programs/Python/Python314/Scripts/:/mnt/c/Users/esraa/AppData/Local/Programs/Python/Python314/:/mnt/c/Users/esraa/AppData/Local/Programs/Python/Launcher/:/mnt/c/Users/esraa/AppData/Local/Microsoft/WindowsApps:/mnt/c/Users/esraa/AppData/Local/Programs/Microsoft_VS_Code/bin:/mnt/c/Users/esraa/AppData/Local/Microsoft/WinGet/Packages/Schniz.fnm_Microsoft.Winget.Source_8wekyb3d8bbwe:/mnt/c/Users/esraa/AppData/Roaming/npm:/mnt/c/Users/esraa/AppData/Local/GitHubDesktop/bin:/mnt/c/Users/esraa/.dotnet/tools:/mnt/d/IntelliJ IDEA 2024.2.3/bin:/mnt/c/Program Files/JetBrains/IntelliJ IDEA Community Edition 2024.2.3/bin:/mnt/c/Program Files/MongoDB/Server/8.2/bin:/mnt/c/Users/esraa/AppData/Local/Programs/mongosh/:/snap/bin:/home/esraamustafa/.vscode-server/extensions/ms-python.debugpy-2025.18.0-linux-x64/bundled/scripts/noConfigScripts'), ('XDG_RUNTIME_DIR', '/run/user/1000/'), ('DISPLAY', ':0'), ('VSCODE_DEBUGPY_ADAPTER_ENDPOINTS', '/home/esraamustafa/.vscode-server/extensions/ms-python.debugpy-2025.18.0-linux-x64/.noConfigDebugAdapterEndpoints/endpoint-9aa057c463a7ace4.txt'), ('LANG', 'C.UTF-8'), ('PYTHONSTARTUP', '/home/esraamustafa/.vscode-server/data/User/workspaceStorage/9188cf032e28f409f831a5c4cd4238d1/ms-python.python/pythonrc.py'), ('LS_COLORS', 'rs=0:di=01;34:ln=01;36:mh=00:pi=40;33:so=01;35:do=01;35:bd=40;33;01:cd=40;33;01:or=40;31;01:mi=00:su=37;41:sg=30;43:ca=30;41:tw=30;42:ow=34;42:st=37;44:ex=01;32:*.tar=01;31:*.tgz=01;31:*.arc=01;31:*.arj=01;31:*.taz=01;31:*.lha=01;31:*.lz4=01;31:*.lzh=01;31:*.lzma=01;31:*.tlz=01;31:*.txz=01;31:*.tzo=01;31:*.t7z=01;31:*.zip=01;31:*.z=01;31:*.dz=01;31:*.gz=01;31:*.lrz=01;31:*.lz=01;31:*.lzo=01;31:*.xz=01;31:*.zst=01;31:*.tzst=01;31:*.bz2=01;31:*.bz=01;31:*.tbz=01;31:*.tbz2=01;31:*.tz=01;31:*.deb=01;31:*.rpm=01;31:*.jar=01;31:*.war=01;31:*.ear=01;31:*.sar=01;31:*.rar=01;31:*.alz=01;31:*.ace=01;31:*.zoo=01;31:*.cpio=01;31:*.7z=01;31:*.rz=01;31:*.cab=01;31:*.wim=01;31:*.swm=01;31:*.dwm=01;31:*.esd=01;31:*.jpg=01;35:*.jpeg=01;35:*.mjpg=01;35:*.mjpeg=01;35:*.gif=01;35:*.bmp=01;35:*.pbm=01;35:*.pgm=01;35:*.ppm=01;35:*.tga=01;35:*.xbm=01;35:*.xpm=01;35:*.tif=01;35:*.tiff=01;35:*.png=01;35:*.svg=01;35:*.svgz=01;35:*.mng=01;35:*.pcx=01;35:*.mov=01;35:*.mpg=01;35:*.mpeg=01;35:*.m2v=01;35:*.mkv=01;35:*.webm=01;35:*.webp=01;35:*.ogm=01;35:*.mp4=01;35:*.m4v=01;35:*.mp4v=01;35:*.vob=01;35:*.qt=01;35:*.nuv=01;35:*.wmv=01;35:*.asf=01;35:*.rm=01;35:*.rmvb=01;35:*.flc=01;35:*.avi=01;35:*.fli=01;35:*.flv=01;35:*.gl=01;35:*.dl=01;35:*.xcf=01;35:*.xwd=01;35:*.yuv=01;35:*.cgm=01;35:*.emf=01;35:*.ogv=01;35:*.ogx=01;35:*.aac=00;36:*.au=00;36:*.flac=00;36:*.m4a=00;36:*.mid=00;36:*.midi=00;36:*.mka=00;36:*.mp3=00;36:*.mpc=00;36:*.ogg=00;36:*.ra=00;36:*.wav=00;36:*.oga=00;36:*.opus=00;36:*.spx=00;36:*.xspf=00;36:'), ('VSCODE_GIT_IPC_HANDLE', '/run/user/1000/vscode-git-7233589553.sock'), ('TERM_PROGRAM', 'vscode'), ('AMENT_PREFIX_PATH', '/opt/ros/humble'), ('SHELL', '/bin/bash'), ('LESSCLOSE', '/usr/bin/lesspipe %s %s'), ('VSCODE_GIT_ASKPASS_EXTRA_ARGS', ''), ('PWD', '/home/esraamustafa/path_planning/Path_Planning_Shell_AI/build/shell_interfaces'), ('XDG_DATA_DIRS', '/usr/local/share:/usr/share:/var/lib/snapd/desktop'), ('PYTHONPATH', '/opt/ros/humble/lib/python3.10/site-packages:/opt/ros/humble/local/lib/python3.10/dist-packages'), ('COLCON', '1'), ('WSL2_GUI_APPS_ENABLED', '1'), ('HOSTTYPE', 'x86_64'), ('WSLENV', 'VSCODE_WSL_EXT_LOCATION/up'), ('CMAKE_PREFIX_PATH', '/opt/ros/humble')]), 'shell': False}
[0.099112] (-) TimerEvent: {}
[0.199727] (-) TimerEvent: {}
[0.301904] (-) TimerEvent: {}
[0.402501] (-) TimerEvent: {}
[0.503120] (-) TimerEvent: {}
[0.603874] (-) TimerEvent: {}
[0.658943] (shell_interfaces) StdoutLine: {'line': b'-- The C compiler identification is GNU 11.4.0\n'}
[0.704089] (-) TimerEvent: {}
[0.804862] (-) TimerEvent: {}
[0.906606] (-) TimerEvent: {}
[1.007944] (-) TimerEvent: {}
[1.109016] (-) TimerEvent: {}
[1.209421] (shell_planning) Command: {'cmd': ['/usr/bin/python3', '-W', 'ignore:setup.py install is deprecated', '-W', 'ignore:easy_install command is deprecated', 'setup.py', 'develop', '--editable', '--build-directory', '/home/esraamustafa/path_planning/Path_Planning_Shell_AI/build/shell_planning/build', '--no-deps', 'symlink_data'], 'cwd': '/home/esraamustafa/path_planning/Path_Planning_Shell_AI/build/shell_planning', 'env': {'PYTHON_BASIC_REPL': '1', 'LESSOPEN': '| /usr/bin/lesspipe %s', 'USER': 'esraamustafa', 'GIT_ASKPASS': '/home/esraamustafa/.vscode-server/bin/c9d77990917f3102ada88be140d28b038d1dd7c7/extensions/git/dist/askpass.sh', 'SHLVL': '1', 'LD_LIBRARY_PATH': '/opt/ros/humble/opt/rviz_ogre_vendor/lib:/opt/ros/humble/lib/x86_64-linux-gnu:/opt/ros/humble/lib', 'HOME': '/home/esraamustafa', 'TERM_PROGRAM_VERSION': '1.108.2', 'VSCODE_IPC_HOOK_CLI': '/run/user/1000/vscode-ipc-f6ddf0f4-f152-4d5d-a52e-3f3d08efa81e.sock', 'ROS_PYTHON_VERSION': '3', 'VSCODE_GIT_ASKPASS_MAIN': '/home/esraamustafa/.vscode-server/bin/c9d77990917f3102ada88be140d28b038d1dd7c7/extensions/git/dist/askpass-main.js', 'VSCODE_GIT_ASKPASS_NODE': '/home/esraamustafa/.vscode-server/bin/c9d77990917f3102ada88be140d28b038d1dd7c7/node', 'PYDEVD_DISABLE_FILE_VALIDATION': '1', 'BUNDLED_DEBUGPY_PATH': '/home/esraamustafa/.vscode-server/extensions/ms-python.debugpy-2025.18.0-linux-x64/bundled/libs/debugpy', 'VSCODE_PYTHON_AUTOACTIVATE_GUARD': '1', 'DBUS_SESSION_BUS_ADDRESS': 'unix:path=/run/user/1000/bus', 'COLORTERM': 'truecolor', 'WSL_DISTRO_NAME': 'Ubuntu-22.04', 'WAYLAND_DISPLAY': 'wayland-0', 'ROS_DISTRO': 'humble', 'LOGNAME': 'esraamustafa', 'NAME': 'Esraa', 'WSL_INTEROP': '/run/WSL/465_interop', 'PULSE_SERVER': 'unix:/mnt/wslg/PulseServer', '_': '/usr/bin/colcon', 'ROS_VERSION': '2', 'TERM': 'xterm-256color', 'ROS_LOCALHOST_ONLY': '0', 'PATH': '/home/esraamustafa/.vscode-server/data/User/globalStorage/github.copilot-chat/debugCommand:/home/esraamustafa/.vscode-server/data/User/globalStorage/github.copilot-chat/copilotCli:/home/esraamustafa/.vscode-server/bin/c9d77990917f3102ada88be140d28b038d1dd7c7/bin/remote-cli:/home/esraamustafa/.local/bin:/opt/ros/humble/bin:/usr/local/sbin:/usr/local/bin:/usr/sbin:/usr/bin:/sbin:/bin:/usr/games:/usr/local/games:/usr/lib/wsl/lib:/mnt/c/Program Files/Common Files/Oracle/Java/javapath:/mnt/c/Users/esraa/AppData/Local/Programs/Python/Python312/Scripts/:/mnt/c/Users/esraa/AppData/Local/Programs/Python/Python312/:/mnt/c/WINDOWS/system32:/mnt/c/WINDOWS:/mnt/c/WINDOWS/System32/Wbem:/mnt/c/WINDOWS/System32/WindowsPowerShell/v1.0/:/mnt/c/WINDOWS/System32/OpenSSH/:/mnt/c/Program Files/dotnet/:/mnt/c/Program Files/Git/cmd:/mnt/c/Program Files/nodejs/:/mnt/c/ProgramData/chocolatey/bin:/mnt/c/msys64/mingw64/bin:/mnt/c/Program Files/GitHub CLI/:/mnt/c/Program Files/MATLAB/R2024b/bin:/mnt/c/Program Files (x86)/Microsoft SQL Server/160/Tools/Binn/:/mnt/c/Program Files/Microsoft SQL Server/160/Tools/Binn/:/mnt/c/Program Files/Microsoft SQL Server/Client SDK/ODBC/170/Tools/Binn/:/mnt/c/Program Files/Microsoft SQL Server/160/DTS/Binn/:/mnt/c/Program Files/Microsoft SQL Server/150/Tools/Binn/:/mnt/c/Program Files/CMake/bin:/mnt/c/Program Files/Docker/Docker/resources/bin:/mnt/c/xampp/php/php.exe:/mnt/c/Users/esraa/AppData/Local/Programs/Python/Python314/Scripts/:/mnt/c/Users/esraa/AppData/Local/Programs/Python/Python314/:/mnt/c/Users/esraa/AppData/Local/Programs/Python/Launcher/:/mnt/c/Users/esraa/AppData/Local/Microsoft/WindowsApps:/mnt/c/Users/esraa/AppData/Local/Programs/Microsoft_VS_Code/bin:/mnt/c/Users/esraa/AppData/Local/Microsoft/WinGet/Packages/Schniz.fnm_Microsoft.Winget.Source_8wekyb3d8bbwe:/mnt/c/Users/esraa/AppData/Roaming/npm:/mnt/c/Users/esraa/AppData/Local/GitHubDesktop/bin:/mnt/c/Users/esraa/.dotnet/tools:/mnt/d/IntelliJ IDEA 2024.2.3/bin:/mnt/c/Program Files/JetBrains/IntelliJ IDEA Community Edition 2024.2.3/bin:/mnt/c/Program Files/MongoDB/Server/8.2/bin:/mnt/c/Users/esraa/AppData/Local/Programs/mongosh/:/snap/bin:/home/esraamustafa/.vscode-server/extensions/ms-python.debugpy-2025.18.0-linux-x64/bundled/scripts/noConfigScripts', 'XDG_RUNTIME_DIR': '/run/user/1000/', 'DISPLAY': ':0', 'VSCODE_DEBUGPY_ADAPTER_ENDPOINTS': '/home/esraamustafa/.vscode-server/extensions/ms-python.debugpy-2025.18.0-linux-x64/.noConfigDebugAdapterEndpoints/endpoint-9aa057c463a7ace4.txt', 'LANG': 'C.UTF-8', 'PYTHONSTARTUP': '/home/esraamustafa/.vscode-server/data/User/workspaceStorage/9188cf032e28f409f831a5c4cd4238d1/ms-python.python/pythonrc.py', 'LS_COLORS': 'rs=0:di=01;34:ln=01;36:mh=00:pi=40;33:so=01;35:do=01;35:bd=40;33;01:cd=40;33;01:or=40;31;01:mi=00:su=37;41:sg=30;43:ca=30;41:tw=30;42:ow=34;42:st=37;44:ex=01;32:*.tar=01;31:*.tgz=01;31:*.arc=01;31:*.arj=01;31:*.taz=01;31:*.lha=01;31:*.lz4=01;31:*.lzh=01;31:*.lzma=01;31:*.tlz=01;31:*.txz=01;31:*.tzo=01;31:*.t7z=01;31:*.zip=01;31:*.z=01;31:*.dz=01;31:*.gz=01;31:*.lrz=01;31:*.lz=01;31:*.lzo=01;31:*.xz=01;31:*.zst=01;31:*.tzst=01;31:*.bz2=01;31:*.bz=01;31:*.tbz=01;31:*.tbz2=01;31:*.tz=01;31:*.deb=01;31:*.rpm=01;31:*.jar=01;31:*.war=01;31:*.ear=01;31:*.sar=01;31:*.rar=01;31:*.alz=01;31:*.ace=01;31:*.zoo=01;31:*.cpio=01;31:*.7z=01;31:*.rz=01;31:*.cab=01;31:*.wim=01;31:*.swm=01;31:*.dwm=01;31:*.esd=01;31:*.jpg=01;35:*.jpeg=01;35:*.mjpg=01;35:*.mjpeg=01;35:*.gif=01;35:*.bmp=01;35:*.pbm=01;35:*.pgm=01;35:*.ppm=01;35:*.tga=01;35:*.xbm=01;35:*.xpm=01;35:*.tif=01;35:*.tiff=01;35:*.png=01;35:*.svg=01;35:*.svgz=01;35:*.mng=01;35:*.pcx=01;35:*.mov=01;35:*.mpg=01;35:*.mpeg=01;35:*.m2v=01;35:*.mkv=01;35:*.webm=01;35:*.webp=01;35:*.ogm=01;35:*.mp4=01;35:*.m4v=01;35:*.mp4v=01;35:*.vob=01;35:*.qt=01;35:*.nuv=01;35:*.wmv=01;35:*.asf=01;35:*.rm=01;35:*.rmvb=01;35:*.flc=01;35:*.avi=01;35:*.fli=01;35:*.flv=01;35:*.gl=01;35:*.dl=01;35:*.xcf=01;35:*.xwd=01;35:*.yuv=01;35:*.cgm=01;35:*.emf=01;35:*.ogv=01;35:*.ogx=01;35:*.aac=00;36:*.au=00;36:*.flac=00;36:*.m4a=00;36:*.mid=00;36:*.midi=00;36:*.mka=00;36:*.mp3=00;36:*.mpc=00;36:*.ogg=00;36:*.ra=00;36:*.wav=00;36:*.oga=00;36:*.opus=00;36:*.spx=00;36:*.xspf=00;36:', 'VSCODE_GIT_IPC_HANDLE': '/run/user/1000/vscode-git-7233589553.sock', 'TERM_PROGRAM': 'vscode', 'AMENT_PREFIX_PATH': '/opt/ros/humble', 'SHELL': '/bin/bash', 'LESSCLOSE': '/usr/bin/lesspipe %s %s', 'VSCODE_GIT_ASKPASS_EXTRA_ARGS': '', 'PWD': '/home/esraamustafa/path_planning/Path_Planning_Shell_AI/build/shell_planning', 'XDG_DATA_DIRS': '/usr/local/share:/usr/share:/var/lib/snapd/desktop', 'PYTHONPATH': '/home/esraamustafa/path_planning/Path_Planning_Shell_AI/build/shell_planning/prefix_override:/usr/lib/python3/dist-packages/colcon_core/task/python/colcon_distutils_commands:/home/esraamustafa/path_planning/Path_Planning_Shell_AI/install/shell_planning/lib/python3.10/site-packages:/opt/ros/humble/lib/python3.10/site-packages:/opt/ros/humble/local/lib/python3.10/dist-packages', 'COLCON': '1', 'WSL2_GUI_APPS_ENABLED': '1', 'HOSTTYPE': 'x86_64', 'WSLENV': 'VSCODE_WSL_EXT_LOCATION/up'}, 'shell': False}
[1.214798] (-) TimerEvent: {}
[1.315491] (-) TimerEvent: {}
[1.417072] (-) TimerEvent: {}
[1.481011] (shell_planning) StdoutLine: {'line': b'running develop\n'}
[1.518065] (-) TimerEvent: {}
[1.617760] (shell_planning) StdoutLine: {'line': b'running egg_info\n'}
[1.618236] (-) TimerEvent: {}
[1.618996] (shell_planning) StdoutLine: {'line': b'creating shell_planning.egg-info\n'}
[1.619245] (shell_planning) StdoutLine: {'line': b'writing shell_planning.egg-info/PKG-INFO\n'}
[1.619762] (shell_planning) StdoutLine: {'line': b'writing dependency_links to shell_planning.egg-info/dependency_links.txt\n'}
[1.620306] (shell_planning) StdoutLine: {'line': b'writing entry points to shell_planning.egg-info/entry_points.txt\n'}
[1.620845] (shell_planning) StdoutLine: {'line': b'writing requirements to shell_planning.egg-info/requires.txt\n'}
[1.621108] (shell_planning) StdoutLine: {'line': b'writing top-level names to shell_planning.egg-info/top_level.txt\n'}
[1.621224] (shell_planning) StdoutLine: {'line': b"writing manifest file 'shell_planning.egg-info/SOURCES.txt'\n"}
[1.622666] (shell_planning) StdoutLine: {'line': b"reading manifest file 'shell_planning.egg-info/SOURCES.txt'\n"}
[1.623446] (shell_planning) StdoutLine: {'line': b"writing manifest file 'shell_planning.egg-info/SOURCES.txt'\n"}
[1.625013] (shell_planning) StdoutLine: {'line': b'running build_ext\n'}
[1.625393] (shell_planning) StdoutLine: {'line': b'Creating /home/esraamustafa/path_planning/Path_Planning_Shell_AI/install/shell_planning/lib/python3.10/site-packages/shell-planning.egg-link (link to .)\n'}
[1.626130] (shell_planning) StdoutLine: {'line': b'Installing global_planner script to /home/esraamustafa/path_planning/Path_Planning_Shell_AI/install/shell_planning/lib/shell_planning\n'}
[1.626626] (shell_planning) StdoutLine: {'line': b'Installing local_planner script to /home/esraamustafa/path_planning/Path_Planning_Shell_AI/install/shell_planning/lib/shell_planning\n'}
[1.627164] (shell_planning) StdoutLine: {'line': b'\n'}
[1.627461] (shell_planning) StdoutLine: {'line': b'Installed /home/esraamustafa/path_planning/Path_Planning_Shell_AI/build/shell_planning\n'}
[1.627735] (shell_planning) StdoutLine: {'line': b'running symlink_data\n'}
[1.627839] (shell_planning) StdoutLine: {'line': b'creating /home/esraamustafa/path_planning/Path_Planning_Shell_AI/install/shell_planning/share/ament_index\n'}
[1.628089] (shell_planning) StdoutLine: {'line': b'creating /home/esraamustafa/path_planning/Path_Planning_Shell_AI/install/shell_planning/share/ament_index/resource_index\n'}
[1.628171] (shell_planning) StdoutLine: {'line': b'creating /home/esraamustafa/path_planning/Path_Planning_Shell_AI/install/shell_planning/share/ament_index/resource_index/packages\n'}
[1.628509] (shell_planning) StdoutLine: {'line': b'symbolically linking /home/esraamustafa/path_planning/Path_Planning_Shell_AI/build/shell_planning/resource/shell_planning -> /home/esraamustafa/path_planning/Path_Planning_Shell_AI/install/shell_planning/share/ament_index/resource_index/packages\n'}
[1.629138] (shell_planning) StdoutLine: {'line': b'symbolically linking /home/esraamustafa/path_planning/Path_Planning_Shell_AI/build/shell_planning/package.xml -> /home/esraamustafa/path_planning/Path_Planning_Shell_AI/install/shell_planning/share/shell_planning\n'}
[1.629249] (shell_planning) StdoutLine: {'line': b'creating /home/esraamustafa/path_planning/Path_Planning_Shell_AI/install/shell_planning/share/shell_planning/launch\n'}
[1.629294] (shell_planning) StdoutLine: {'line': b'symbolically linking /home/esraamustafa/path_planning/Path_Planning_Shell_AI/build/shell_planning/launch/simulation.launch.py -> /home/esraamustafa/path_planning/Path_Planning_Shell_AI/install/shell_planning/share/shell_planning/launch\n'}
[1.667376] (shell_planning) CommandEnded: {'returncode': 0}
[1.685342] (shell_planning) JobEnded: {'identifier': 'shell_planning', 'rc': 0}
[1.718475] (-) TimerEvent: {}
[1.819183] (-) TimerEvent: {}
[1.922177] (-) TimerEvent: {}
[2.022693] (-) TimerEvent: {}
[2.123363] (-) TimerEvent: {}
[2.223937] (-) TimerEvent: {}
[2.284594] (shell_interfaces) StdoutLine: {'line': b'-- The CXX compiler identification is GNU 11.4.0\n'}
[2.325053] (-) TimerEvent: {}
[2.427816] (-) TimerEvent: {}
[2.530041] (-) TimerEvent: {}
[2.633204] (-) TimerEvent: {}
[2.736047] (-) TimerEvent: {}
[2.838379] (-) TimerEvent: {}
[2.941401] (-) TimerEvent: {}
[3.044256] (-) TimerEvent: {}
[3.146986] (-) TimerEvent: {}
[3.249929] (-) TimerEvent: {}
[3.353050] (-) TimerEvent: {}
[3.455939] (-) TimerEvent: {}
[3.558499] (-) TimerEvent: {}
[3.661429] (-) TimerEvent: {}
[3.764174] (-) TimerEvent: {}
[3.867198] (-) TimerEvent: {}
[3.970105] (-) TimerEvent: {}
[4.018565] (shell_interfaces) StdoutLine: {'line': b'-- Detecting C compiler ABI info\n'}
[4.071451] (-) TimerEvent: {}
[4.174396] (-) TimerEvent: {}
[4.277870] (-) TimerEvent: {}
[4.381372] (-) TimerEvent: {}
[4.484209] (-) TimerEvent: {}
[4.587338] (-) TimerEvent: {}
[4.609631] (shell_interfaces) StdoutLine: {'line': b'-- Detecting C compiler ABI info - done\n'}
[4.631756] (shell_interfaces) StdoutLine: {'line': b'-- Check for working C compiler: /usr/bin/cc - skipped\n'}
[4.633288] (shell_interfaces) StdoutLine: {'line': b'-- Detecting C compile features\n'}
[4.634668] (shell_interfaces) StdoutLine: {'line': b'-- Detecting C compile features - done\n'}
[4.640466] (shell_interfaces) StdoutLine: {'line': b'-- Detecting CXX compiler ABI info\n'}
[4.688990] (-) TimerEvent: {}
[4.789690] (-) TimerEvent: {}
[4.892115] (-) TimerEvent: {}
[4.995219] (-) TimerEvent: {}
[5.097377] (-) TimerEvent: {}
[5.200597] (-) TimerEvent: {}
[5.229159] (shell_interfaces) StdoutLine: {'line': b'-- Detecting CXX compiler ABI info - done\n'}
[5.243703] (shell_interfaces) StdoutLine: {'line': b'-- Check for working CXX compiler: /usr/bin/c++ - skipped\n'}
[5.244480] (shell_interfaces) StdoutLine: {'line': b'-- Detecting CXX compile features\n'}
[5.244929] (shell_interfaces) StdoutLine: {'line': b'-- Detecting CXX compile features - done\n'}
[5.249119] (shell_interfaces) StdoutLine: {'line': b'-- Found ament_cmake: 1.3.12 (/opt/ros/humble/share/ament_cmake/cmake)\n'}
[5.302087] (-) TimerEvent: {}
[5.405560] (-) TimerEvent: {}
[5.427327] (shell_interfaces) StdoutLine: {'line': b'-- Found Python3: /usr/bin/python3 (found version "3.10.12") found components: Interpreter \n'}
[5.496718] (shell_interfaces) StdoutLine: {'line': b'-- Override CMake install command with custom implementation using symlinks instead of copying resources\n'}
[5.506009] (-) TimerEvent: {}
[5.523882] (shell_interfaces) StdoutLine: {'line': b'-- Found rosidl_default_generators: 1.2.0 (/opt/ros/humble/share/rosidl_default_generators/cmake)\n'}
[5.527670] (shell_interfaces) StdoutLine: {'line': b'-- Using all available rosidl_typesupport_c: rosidl_typesupport_fastrtps_c;rosidl_typesupport_introspection_c\n'}
[5.533204] (shell_interfaces) StdoutLine: {'line': b'-- Found rosidl_adapter: 3.1.7 (/opt/ros/humble/share/rosidl_adapter/cmake)\n'}
[5.607872] (-) TimerEvent: {}
[5.711060] (-) TimerEvent: {}
[5.814529] (-) TimerEvent: {}
[5.917388] (-) TimerEvent: {}
[6.020298] (-) TimerEvent: {}
[6.123052] (-) TimerEvent: {}
[6.225842] (-) TimerEvent: {}
[6.247877] (shell_interfaces) StdoutLine: {'line': b'-- Using all available rosidl_typesupport_cpp: rosidl_typesupport_fastrtps_cpp;rosidl_typesupport_introspection_cpp\n'}
[6.327732] (-) TimerEvent: {}
[6.430387] (-) TimerEvent: {}
[6.498358] (shell_interfaces) StdoutLine: {'line': b'-- Found ament_cmake_ros: 0.10.0 (/opt/ros/humble/share/ament_cmake_ros/cmake)\n'}
[6.531197] (-) TimerEvent: {}
[6.633715] (-) TimerEvent: {}
[6.659354] (shell_interfaces) StdoutLine: {'line': b'-- Using all available rosidl_typesupport_c: rosidl_typesupport_fastrtps_c;rosidl_typesupport_introspection_c\n'}
[6.735611] (-) TimerEvent: {}
[6.836469] (-) TimerEvent: {}
[6.938298] (-) TimerEvent: {}
[6.995973] (shell_interfaces) StdoutLine: {'line': b'-- Using all available rosidl_typesupport_cpp: rosidl_typesupport_fastrtps_cpp;rosidl_typesupport_introspection_cpp\n'}
[7.038714] (-) TimerEvent: {}
[7.139428] (-) TimerEvent: {}
[7.240118] (-) TimerEvent: {}
[7.341241] (-) TimerEvent: {}
[7.443328] (-) TimerEvent: {}
[7.446119] (shell_interfaces) StdoutLine: {'line': b'-- Found PythonInterp: /usr/bin/python3 (found suitable version "3.10.12", minimum required is "3.6") \n'}
[7.448229] (shell_interfaces) StdoutLine: {'line': b'-- Found python_cmake_module: 0.10.0 (/opt/ros/humble/share/python_cmake_module/cmake)\n'}
[7.543633] (-) TimerEvent: {}
[7.644419] (-) TimerEvent: {}
[7.744876] (-) TimerEvent: {}
[7.845494] (-) TimerEvent: {}
[7.946425] (-) TimerEvent: {}
[8.047141] (-) TimerEvent: {}
[8.148155] (-) TimerEvent: {}
[8.248797] (-) TimerEvent: {}
[8.350196] (-) TimerEvent: {}
[8.451290] (-) TimerEvent: {}
[8.553717] (-) TimerEvent: {}
[8.654780] (-) TimerEvent: {}
[8.756448] (-) TimerEvent: {}
[8.857423] (-) TimerEvent: {}
[8.957912] (-) TimerEvent: {}
[9.058683] (-) TimerEvent: {}
[9.098637] (shell_interfaces) StdoutLine: {'line': b'-- Found PythonLibs: /usr/lib/x86_64-linux-gnu/libpython3.10.so (found suitable version "3.10.12", minimum required is "3.5") \n'}
[9.099729] (shell_interfaces) StdoutLine: {'line': b'-- Using PYTHON_EXECUTABLE: /usr/bin/python3\n'}
[9.100022] (shell_interfaces) StdoutLine: {'line': b'-- Using PYTHON_INCLUDE_DIRS: /usr/include/python3.10\n'}
[9.100311] (shell_interfaces) StdoutLine: {'line': b'-- Using PYTHON_LIBRARIES: /usr/lib/x86_64-linux-gnu/libpython3.10.so\n'}
[9.125775] (shell_interfaces) StdoutLine: {'line': b'-- Found PythonExtra: .so  \n'}
[9.159446] (-) TimerEvent: {}
[9.260496] (-) TimerEvent: {}
[9.361727] (-) TimerEvent: {}
[9.363624] (shell_interfaces) StdoutLine: {'line': b'-- Configuring done\n'}
[9.436180] (shell_interfaces) StdoutLine: {'line': b'-- Generating done\n'}
[9.452247] (shell_interfaces) StdoutLine: {'line': b'-- Build files have been written to: /home/esraamustafa/path_planning/Path_Planning_Shell_AI/build/shell_interfaces\n'}
[9.462135] (-) TimerEvent: {}
[9.465789] (shell_interfaces) CommandEnded: {'returncode': 0}
[9.467166] (shell_interfaces) JobProgress: {'identifier': 'shell_interfaces', 'progress': 'build'}
[9.469753] (shell_interfaces) Command: {'cmd': ['/usr/bin/cmake', '--build', '/home/esraamustafa/path_planning/Path_Planning_Shell_AI/build/shell_interfaces', '--', '-j12', '-l12'], 'cwd': '/home/esraamustafa/path_planning/Path_Planning_Shell_AI/build/shell_interfaces', 'env': OrderedDict([('PYTHON_BASIC_REPL', '1'), ('LESSOPEN', '| /usr/bin/lesspipe %s'), ('USER', 'esraamustafa'), ('GIT_ASKPASS', '/home/esraamustafa/.vscode-server/bin/c9d77990917f3102ada88be140d28b038d1dd7c7/extensions/git/dist/askpass.sh'), ('SHLVL', '1'), ('LD_LIBRARY_PATH', '/opt/ros/humble/opt/rviz_ogre_vendor/lib:/opt/ros/humble/lib/x86_64-linux-gnu:/opt/ros/humble/lib'), ('HOME', '/home/esraamustafa'), ('TERM_PROGRAM_VERSION', '1.108.2'), ('VSCODE_IPC_HOOK_CLI', '/run/user/1000/vscode-ipc-f6ddf0f4-f152-4d5d-a52e-3f3d08efa81e.sock'), ('ROS_PYTHON_VERSION', '3'), ('VSCODE_GIT_ASKPASS_MAIN', '/home/esraamustafa/.vscode-server/bin/c9d77990917f3102ada88be140d28b038d1dd7c7/extensions/git/dist/askpass-main.js'), ('VSCODE_GIT_ASKPASS_NODE', '/home/esraamustafa/.vscode-server/bin/c9d77990917f3102ada88be140d28b038d1dd7c7/node'), ('PYDEVD_DISABLE_FILE_VALIDATION', '1'), ('BUNDLED_DEBUGPY_PATH', '/home/esraamustafa/.vscode-server/extensions/ms-python.debugpy-2025.18.0-linux-x64/bundled/libs/debugpy'), ('VSCODE_PYTHON_AUTOACTIVATE_GUARD', '1'), ('DBUS_SESSION_BUS_ADDRESS', 'unix:path=/run/user/1000/bus'), ('COLORTERM', 'truecolor'), ('WSL_DISTRO_NAME', 'Ubuntu-22.04'), ('WAYLAND_DISPLAY', 'wayland-0'), ('ROS_DISTRO', 'humble'), ('LOGNAME', 'esraamustafa'), ('NAME', 'Esraa'), ('WSL_INTEROP', '/run/WSL/465_interop'), ('PULSE_SERVER', 'unix:/mnt/wslg/PulseServer'), ('_', '/usr/bin/colcon'), ('ROS_VERSION', '2'), ('TERM', 'xterm-256color'), ('ROS_LOCALHOST_ONLY', '0'), ('PATH', '/home/esraamustafa/.vscode-server/data/User/globalStorage/github.copilot-chat/debugCommand:/home/esraamustafa/.vscode-server/data/User/globalStorage/github.copilot-chat/copilotCli:/home/esraamustafa/.vscode-server/bin/c9d77990917f3102ada88be140d28b038d1dd7c7/bin/remote-cli:/home/esraamustafa/.local/bin:/opt/ros/humble/bin:/usr/local/sbin:/usr/local/bin:/usr/sbin:/usr/bin:/sbin:/bin:/usr/games:/usr/local/games:/usr/lib/wsl/lib:/mnt/c/Program Files/Common Files/Oracle/Java/javapath:/mnt/c/Users/esraa/AppData/Local/Programs/Python/Python312/Scripts/:/mnt/c/Users/esraa/AppData/Local/Programs/Python/Python312/:/mnt/c/WINDOWS/system32:/mnt/c/WINDOWS:/mnt/c/WINDOWS/System32/Wbem:/mnt/c/WINDOWS/System32/WindowsPowerShell/v1.0/:/mnt/c/WINDOWS/System32/OpenSSH/:/mnt/c/Program Files/dotnet/:/mnt/c/Program Files/Git/cmd:/mnt/c/Program Files/nodejs/:/mnt/c/ProgramData/chocolatey/bin:/mnt/c/msys64/mingw64/bin:/mnt/c/Program Files/GitHub CLI/:/mnt/c/Program Files/MATLAB/R2024b/bin:/mnt/c/Program Files (x86)/Microsoft SQL Server/160/Tools/Binn/:/mnt/c/Program Files/Microsoft SQL Server/160/Tools/Binn/:/mnt/c/Program Files/Microsoft SQL Server/Client SDK/ODBC/170/Tools/Binn/:/mnt/c/Program Files/Microsoft SQL Server/160/DTS/Binn/:/mnt/c/Program Files/Microsoft SQL Server/150/Tools/Binn/:/mnt/c/Program Files/CMake/bin:/mnt/c/Program Files/Docker/Docker/resources/bin:/mnt/c/xampp/php/php.exe:/mnt/c/Users/esraa/AppData/Local/Programs/Python/Python314/Scripts/:/mnt/c/Users/esraa/AppData/Local/Programs/Python/Python314/:/mnt/c/Users/esraa/AppData/Local/Programs/Python/Launcher/:/mnt/c/Users/esraa/AppData/Local/Microsoft/WindowsApps:/mnt/c/Users/esraa/AppData/Local/Programs/Microsoft_VS_Code/bin:/mnt/c/Users/esraa/AppData/Local/Microsoft/WinGet/Packages/Schniz.fnm_Microsoft.Winget.Source_8wekyb3d8bbwe:/mnt/c/Users/esraa/AppData/Roaming/npm:/mnt/c/Users/esraa/AppData/Local/GitHubDesktop/bin:/mnt/c/Users/esraa/.dotnet/tools:/mnt/d/IntelliJ IDEA 2024.2.3/bin:/mnt/c/Program Files/JetBrains/IntelliJ IDEA Community Edition 2024.2.3/bin:/mnt/c/Program Files/MongoDB/Server/8.2/bin:/mnt/c/Users/esraa/AppData/Local/Programs/mongosh/:/snap/bin:/home/esraamustafa/.vscode-server/extensions/ms-python.debugpy-2025.18.0-linux-x64/bundled/scripts/noConfigScripts'), ('XDG_RUNTIME_DIR', '/run/user/1000/'), ('DISPLAY', ':0'), ('VSCODE_DEBUGPY_ADAPTER_ENDPOINTS', '/home/esraamustafa/.vscode-server/extensions/ms-python.debugpy-2025.18.0-linux-x64/.noConfigDebugAdapterEndpoints/endpoint-9aa057c463a7ace4.txt'), ('LANG', 'C.UTF-8'), ('PYTHONSTARTUP', '/home/esraamustafa/.vscode-server/data/User/workspaceStorage/9188cf032e28f409f831a5c4cd4238d1/ms-python.python/pythonrc.py'), ('LS_COLORS', 'rs=0:di=01;34:ln=01;36:mh=00:pi=40;33:so=01;35:do=01;35:bd=40;33;01:cd=40;33;01:or=40;31;01:mi=00:su=37;41:sg=30;43:ca=30;41:tw=30;42:ow=34;42:st=37;44:ex=01;32:*.tar=01;31:*.tgz=01;31:*.arc=01;31:*.arj=01;31:*.taz=01;31:*.lha=01;31:*.lz4=01;31:*.lzh=01;31:*.lzma=01;31:*.tlz=01;31:*.txz=01;31:*.tzo=01;31:*.t7z=01;31:*.zip=01;31:*.z=01;31:*.dz=01;31:*.gz=01;31:*.lrz=01;31:*.lz=01;31:*.lzo=01;31:*.xz=01;31:*.zst=01;31:*.tzst=01;31:*.bz2=01;31:*.bz=01;31:*.tbz=01;31:*.tbz2=01;31:*.tz=01;31:*.deb=01;31:*.rpm=01;31:*.jar=01;31:*.war=01;31:*.ear=01;31:*.sar=01;31:*.rar=01;31:*.alz=01;31:*.ace=01;31:*.zoo=01;31:*.cpio=01;31:*.7z=01;31:*.rz=01;31:*.cab=01;31:*.wim=01;31:*.swm=01;31:*.dwm=01;31:*.esd=01;31:*.jpg=01;35:*.jpeg=01;35:*.mjpg=01;35:*.mjpeg=01;35:*.gif=01;35:*.bmp=01;35:*.pbm=01;35:*.pgm=01;35:*.ppm=01;35:*.tga=01;35:*.xbm=01;35:*.xpm=01;35:*.tif=01;35:*.tiff=01;35:*.png=01;35:*.svg=01;35:*.svgz=01;35:*.mng=01;35:*.pcx=01;35:*.mov=01;35:*.mpg=01;35:*.mpeg=01;35:*.m2v=01;35:*.mkv=01;35:*.webm=01;35:*.webp=01;35:*.ogm=01;35:*.mp4=01;35:*.m4v=01;35:*.mp4v=01;35:*.vob=01;35:*.qt=01;35:*.nuv=01;35:*.wmv=01;35:*.asf=01;35:*.rm=01;35:*.rmvb=01;35:*.flc=01;35:*.avi=01;35:*.fli=01;35:*.flv=01;35:*.gl=01;35:*.dl=01;35:*.xcf=01;35:*.xwd=01;35:*.yuv=01;35:*.cgm=01;35:*.emf=01;35:*.ogv=01;35:*.ogx=01;35:*.aac=00;36:*.au=00;36:*.flac=00;36:*.m4a=00;36:*.mid=00;36:*.midi=00;36:*.mka=00;36:*.mp3=00;36:*.mpc=00;36:*.ogg=00;36:*.ra=00;36:*.wav=00;36:*.oga=00;36:*.opus=00;36:*.spx=00;36:*.xspf=00;36:'), ('VSCODE_GIT_IPC_HANDLE', '/run/user/1000/vscode-git-7233589553.sock'), ('TERM_PROGRAM', 'vscode'), ('AMENT_PREFIX_PATH', '/opt/ros/humble'), ('SHELL', '/bin/bash'), ('LESSCLOSE', '/usr/bin/lesspipe %s %s'), ('VSCODE_GIT_ASKPASS_EXTRA_ARGS', ''), ('PWD', '/home/esraamustafa/path_planning/Path_Planning_Shell_AI/build/shell_interfaces'), ('XDG_DATA_DIRS', '/usr/local/share:/usr/share:/var/lib/snapd/desktop'), ('PYTHONPATH', '/opt/ros/humble/lib/python3.10/site-packages:/opt/ros/humble/local/lib/python3.10/dist-packages'), ('COLCON', '1'), ('WSL2_GUI_APPS_ENABLED', '1'), ('HOSTTYPE', 'x86_64'), ('WSLENV', 'VSCODE_WSL_EXT_LOCATION/up'), ('CMAKE_PREFIX_PATH', '/opt/ros/humble')]), 'shell': False}
[9.521362] (shell_interfaces) StdoutLine: {'line': b'[  2%] \x1b[34m\x1b[1mGenerating C code for ROS interfaces\x1b[0m\n'}
[9.537547] (shell_interfaces) StdoutLine: {'line': b'[  5%] \x1b[34m\x1b[1mGenerating C++ code for ROS interfaces\x1b[0m\n'}
[9.549533] (shell_interfaces) StdoutLine: {'line': b'[  5%] Built target ament_cmake_python_symlink_shell_interfaces\n'}
[9.562604] (-) TimerEvent: {}
[9.663711] (-) TimerEvent: {}
[9.765400] (-) TimerEvent: {}
[9.866983] (-) TimerEvent: {}
[9.968764] (-) TimerEvent: {}
[9.989887] (shell_interfaces) StdoutLine: {'line': b'running egg_info\n'}
[9.991058] (shell_interfaces) StdoutLine: {'line': b'creating shell_interfaces.egg-info\n'}
[9.991974] (shell_interfaces) StdoutLine: {'line': b'writing shell_interfaces.egg-info/PKG-INFO\n'}
[9.992410] (shell_interfaces) StdoutLine: {'line': b'writing dependency_links to shell_interfaces.egg-info/dependency_links.txt\n'}
[9.992721] (shell_interfaces) StdoutLine: {'line': b'writing top-level names to shell_interfaces.egg-info/top_level.txt\n'}
[9.992874] (shell_interfaces) StdoutLine: {'line': b"writing manifest file 'shell_interfaces.egg-info/SOURCES.txt'\n"}
[9.996961] (shell_interfaces) StdoutLine: {'line': b"reading manifest file 'shell_interfaces.egg-info/SOURCES.txt'\n"}
[9.998055] (shell_interfaces) StdoutLine: {'line': b"writing manifest file 'shell_interfaces.egg-info/SOURCES.txt'\n"}
[10.055889] (shell_interfaces) StdoutLine: {'line': b'[  5%] Built target ament_cmake_python_build_shell_interfaces_egg\n'}
[10.072216] (-) TimerEvent: {}
[10.094603] (shell_interfaces) StdoutLine: {'line': b'[  5%] Built target shell_interfaces__cpp\n'}
[10.112182] (shell_interfaces) StdoutLine: {'line': b'[  7%] \x1b[34m\x1b[1mGenerating C++ type support dispatch for ROS interfaces\x1b[0m\n'}
[10.112694] (shell_interfaces) StdoutLine: {'line': b'[ 10%] \x1b[34m\x1b[1mGenerating C++ type support for eProsima Fast-RTPS\x1b[0m\n'}
[10.114726] (shell_interfaces) StdoutLine: {'line': b'[ 12%] \x1b[34m\x1b[1mGenerating C++ introspection for ROS interfaces\x1b[0m\n'}
[10.151248] (shell_interfaces) StdoutLine: {'line': b'[ 15%] \x1b[32mBuilding C object CMakeFiles/shell_interfaces__rosidl_generator_c.dir/rosidl_generator_c/shell_interfaces/msg/detail/trajectory__functions.c.o\x1b[0m\n'}
[10.152115] (shell_interfaces) StdoutLine: {'line': b'[ 17%] \x1b[32mBuilding C object CMakeFiles/shell_interfaces__rosidl_generator_c.dir/rosidl_generator_c/shell_interfaces/msg/detail/trajectory_point__functions.c.o\x1b[0m\n'}
[10.172500] (-) TimerEvent: {}
[10.273184] (-) TimerEvent: {}
[10.275003] (shell_interfaces) StdoutLine: {'line': b'[ 20%] \x1b[32m\x1b[1mLinking C shared library libshell_interfaces__rosidl_generator_c.so\x1b[0m\n'}
[10.373369] (-) TimerEvent: {}
[10.467836] (shell_interfaces) StdoutLine: {'line': b'[ 23%] \x1b[32mBuilding CXX object CMakeFiles/shell_interfaces__rosidl_typesupport_cpp.dir/rosidl_typesupport_cpp/shell_interfaces/msg/trajectory__type_support.cpp.o\x1b[0m\n'}
[10.468395] (shell_interfaces) StdoutLine: {'line': b'[ 25%] \x1b[32mBuilding CXX object CMakeFiles/shell_interfaces__rosidl_typesupport_cpp.dir/rosidl_typesupport_cpp/shell_interfaces/msg/trajectory_point__type_support.cpp.o\x1b[0m\n'}
[10.473562] (-) TimerEvent: {}
[10.523378] (shell_interfaces) StdoutLine: {'line': b'[ 30%] \x1b[32mBuilding CXX object CMakeFiles/shell_interfaces__rosidl_typesupport_introspection_cpp.dir/rosidl_typesupport_introspection_cpp/shell_interfaces/msg/detail/trajectory_point__type_support.cpp.o\x1b[0m\n'}
[10.523813] (shell_interfaces) StdoutLine: {'line': b'[ 30%] \x1b[32mBuilding CXX object CMakeFiles/shell_interfaces__rosidl_typesupport_introspection_cpp.dir/rosidl_typesupport_introspection_cpp/shell_interfaces/msg/detail/trajectory__type_support.cpp.o\x1b[0m\n'}
[10.558441] (shell_interfaces) StdoutLine: {'line': b'[ 33%] \x1b[32mBuilding CXX object CMakeFiles/shell_interfaces__rosidl_typesupport_fastrtps_cpp.dir/rosidl_typesupport_fastrtps_cpp/shell_interfaces/msg/detail/dds_fastrtps/trajectory_point__type_support.cpp.o\x1b[0m\n'}
[10.561817] (shell_interfaces) StdoutLine: {'line': b'[ 35%] \x1b[32mBuilding CXX object CMakeFiles/shell_interfaces__rosidl_typesupport_fastrtps_cpp.dir/rosidl_typesupport_fastrtps_cpp/shell_interfaces/msg/detail/dds_fastrtps/trajectory__type_support.cpp.o\x1b[0m\n'}
[10.572544] (shell_interfaces) StdoutLine: {'line': b'[ 35%] Built target shell_interfaces__rosidl_generator_c\n'}
[10.573726] (-) TimerEvent: {}
[10.589160] (shell_interfaces) StdoutLine: {'line': b'[ 38%] \x1b[34m\x1b[1mGenerating C type support dispatch for ROS interfaces\x1b[0m\n'}
[10.590658] (shell_interfaces) StdoutLine: {'line': b'[ 41%] \x1b[34m\x1b[1mGenerating C introspection for ROS interfaces\x1b[0m\n'}
[10.593113] (shell_interfaces) StdoutLine: {'line': b'[ 43%] \x1b[34m\x1b[1mGenerating C type support for eProsima Fast-RTPS\x1b[0m\n'}
[10.675815] (-) TimerEvent: {}
[10.776395] (-) TimerEvent: {}
[10.877024] (-) TimerEvent: {}
[10.977999] (-) TimerEvent: {}
[11.078610] (-) TimerEvent: {}
[11.177556] (shell_interfaces) StdoutLine: {'line': b'[ 46%] \x1b[32mBuilding CXX object CMakeFiles/shell_interfaces__rosidl_typesupport_c.dir/rosidl_typesupport_c/shell_interfaces/msg/trajectory__type_support.cpp.o\x1b[0m\n'}
[11.179641] (-) TimerEvent: {}
[11.181309] (shell_interfaces) StdoutLine: {'line': b'[ 48%] \x1b[32mBuilding CXX object CMakeFiles/shell_interfaces__rosidl_typesupport_c.dir/rosidl_typesupport_c/shell_interfaces/msg/trajectory_point__type_support.cpp.o\x1b[0m\n'}
[11.230943] (shell_interfaces) StdoutLine: {'line': b'[ 51%] \x1b[32m\x1b[1mLinking CXX shared library libshell_interfaces__rosidl_typesupport_cpp.so\x1b[0m\n'}
[11.260130] (shell_interfaces) StdoutLine: {'line': b'[ 53%] \x1b[32m\x1b[1mLinking CXX shared library libshell_interfaces__rosidl_typesupport_c.so\x1b[0m\n'}
[11.263174] (shell_interfaces) StdoutLine: {'line': b'[ 56%] \x1b[32mBuilding C object CMakeFiles/shell_interfaces__rosidl_typesupport_introspection_c.dir/rosidl_typesupport_introspection_c/shell_interfaces/msg/detail/trajectory_point__type_support.c.o\x1b[0m\n'}
[11.268979] (shell_interfaces) StdoutLine: {'line': b'[ 58%] \x1b[32mBuilding C object CMakeFiles/shell_interfaces__rosidl_typesupport_introspection_c.dir/rosidl_typesupport_introspection_c/shell_interfaces/msg/detail/trajectory__type_support.c.o\x1b[0m\n'}
[11.279926] (-) TimerEvent: {}
[11.285126] (shell_interfaces) StdoutLine: {'line': b'[ 61%] \x1b[32mBuilding CXX object CMakeFiles/shell_interfaces__rosidl_typesupport_fastrtps_c.dir/rosidl_typesupport_fastrtps_c/shell_interfaces/msg/detail/trajectory__type_support_c.cpp.o\x1b[0m\n'}
[11.285492] (shell_interfaces) StdoutLine: {'line': b'[ 64%] \x1b[32mBuilding CXX object CMakeFiles/shell_interfaces__rosidl_typesupport_fastrtps_c.dir/rosidl_typesupport_fastrtps_c/shell_interfaces/msg/detail/trajectory_point__type_support_c.cpp.o\x1b[0m\n'}
[11.359465] (shell_interfaces) StdoutLine: {'line': b'[ 66%] \x1b[32m\x1b[1mLinking C shared library libshell_interfaces__rosidl_typesupport_introspection_c.so\x1b[0m\n'}
[11.380235] (-) TimerEvent: {}
[11.481255] (-) TimerEvent: {}
[11.546651] (shell_interfaces) StdoutLine: {'line': b'[ 66%] Built target shell_interfaces__rosidl_typesupport_cpp\n'}
[11.547774] (shell_interfaces) StdoutLine: {'line': b'[ 66%] Built target shell_interfaces__rosidl_typesupport_c\n'}
[11.581563] (-) TimerEvent: {}
[11.647024] (shell_interfaces) StdoutLine: {'line': b'[ 69%] \x1b[32m\x1b[1mLinking CXX shared library libshell_interfaces__rosidl_typesupport_introspection_cpp.so\x1b[0m\n'}
[11.648980] (shell_interfaces) StdoutLine: {'line': b'[ 69%] Built target shell_interfaces__rosidl_typesupport_introspection_c\n'}
[11.681720] (-) TimerEvent: {}
[11.691465] (shell_interfaces) StdoutLine: {'line': b'[ 71%] \x1b[32m\x1b[1mLinking CXX shared library libshell_interfaces__rosidl_typesupport_fastrtps_cpp.so\x1b[0m\n'}
[11.781914] (-) TimerEvent: {}
[11.866058] (shell_interfaces) StdoutLine: {'line': b'[ 74%] \x1b[32m\x1b[1mLinking CXX shared library libshell_interfaces__rosidl_typesupport_fastrtps_c.so\x1b[0m\n'}
[11.882423] (-) TimerEvent: {}
[11.941544] (shell_interfaces) StdoutLine: {'line': b'[ 74%] Built target shell_interfaces__rosidl_typesupport_introspection_cpp\n'}
[11.982990] (-) TimerEvent: {}
[12.002623] (shell_interfaces) StdoutLine: {'line': b'[ 74%] Built target shell_interfaces__rosidl_typesupport_fastrtps_cpp\n'}
[12.084203] (-) TimerEvent: {}
[12.186762] (-) TimerEvent: {}
[12.227971] (shell_interfaces) StdoutLine: {'line': b'[ 74%] Built target shell_interfaces__rosidl_typesupport_fastrtps_c\n'}
[12.247029] (shell_interfaces) StdoutLine: {'line': b'[ 74%] Built target shell_interfaces\n'}
[12.267633] (shell_interfaces) StdoutLine: {'line': b'[ 76%] \x1b[34m\x1b[1mGenerating Python code for ROS interfaces\x1b[0m\n'}
[12.287621] (-) TimerEvent: {}
[12.389690] (-) TimerEvent: {}
[12.493118] (-) TimerEvent: {}
[12.593671] (-) TimerEvent: {}
[12.644935] (shell_interfaces) StdoutLine: {'line': b'[ 76%] Built target shell_interfaces__py\n'}
[12.681006] (shell_interfaces) StdoutLine: {'line': b'[ 79%] \x1b[32mBuilding C object CMakeFiles/shell_interfaces__rosidl_generator_py.dir/rosidl_generator_py/shell_interfaces/msg/_trajectory_s.c.o\x1b[0m\n'}
[12.682328] (shell_interfaces) StdoutLine: {'line': b'[ 82%] \x1b[32mBuilding C object CMakeFiles/shell_interfaces__rosidl_generator_py.dir/rosidl_generator_py/shell_interfaces/msg/_trajectory_point_s.c.o\x1b[0m\n'}
[12.694187] (-) TimerEvent: {}
[12.797039] (-) TimerEvent: {}
[12.898135] (-) TimerEvent: {}
[12.906403] (shell_interfaces) StdoutLine: {'line': b'[ 84%] \x1b[32m\x1b[1mLinking C shared library rosidl_generator_py/shell_interfaces/libshell_interfaces__rosidl_generator_py.so\x1b[0m\n'}
[12.998943] (-) TimerEvent: {}
[13.099726] (-) TimerEvent: {}
[13.201217] (-) TimerEvent: {}
[13.287945] (shell_interfaces) StdoutLine: {'line': b'[ 84%] Built target shell_interfaces__rosidl_generator_py\n'}
[13.301509] (-) TimerEvent: {}
[13.349382] (shell_interfaces) StdoutLine: {'line': b'[ 87%] \x1b[32mBuilding C object CMakeFiles/shell_interfaces__rosidl_typesupport_c__pyext.dir/rosidl_generator_py/shell_interfaces/_shell_interfaces_s.ep.rosidl_typesupport_c.c.o\x1b[0m\n'}
[13.364415] (shell_interfaces) StdoutLine: {'line': b'[ 89%] \x1b[32mBuilding C object CMakeFiles/shell_interfaces__rosidl_typesupport_introspection_c__pyext.dir/rosidl_generator_py/shell_interfaces/_shell_interfaces_s.ep.rosidl_typesupport_introspection_c.c.o\x1b[0m\n'}
[13.377046] (shell_interfaces) StdoutLine: {'line': b'[ 92%] \x1b[32mBuilding C object CMakeFiles/shell_interfaces__rosidl_typesupport_fastrtps_c__pyext.dir/rosidl_generator_py/shell_interfaces/_shell_interfaces_s.ep.rosidl_typesupport_fastrtps_c.c.o\x1b[0m\n'}
[13.401820] (-) TimerEvent: {}
[13.503281] (-) TimerEvent: {}
[13.575057] (shell_interfaces) StdoutLine: {'line': b'[ 94%] \x1b[32m\x1b[1mLinking C shared library rosidl_generator_py/shell_interfaces/shell_interfaces_s__rosidl_typesupport_c.cpython-310-x86_64-linux-gnu.so\x1b[0m\n'}
[13.603260] (shell_interfaces) StdoutLine: {'line': b'[ 97%] \x1b[32m\x1b[1mLinking C shared library rosidl_generator_py/shell_interfaces/shell_interfaces_s__rosidl_typesupport_introspection_c.cpython-310-x86_64-linux-gnu.so\x1b[0m\n'}
[13.604006] (-) TimerEvent: {}
[13.615343] (shell_interfaces) StdoutLine: {'line': b'[100%] \x1b[32m\x1b[1mLinking C shared library rosidl_generator_py/shell_interfaces/shell_interfaces_s__rosidl_typesupport_fastrtps_c.cpython-310-x86_64-linux-gnu.so\x1b[0m\n'}
[13.704239] (-) TimerEvent: {}
[13.792427] (shell_interfaces) StdoutLine: {'line': b'[100%] Built target shell_interfaces__rosidl_typesupport_c__pyext\n'}
[13.793114] (shell_interfaces) StdoutLine: {'line': b'[100%] Built target shell_interfaces__rosidl_typesupport_introspection_c__pyext\n'}
[13.804496] (-) TimerEvent: {}
[13.828074] (shell_interfaces) StdoutLine: {'line': b'[100%] Built target shell_interfaces__rosidl_typesupport_fastrtps_c__pyext\n'}
[13.840524] (shell_interfaces) CommandEnded: {'returncode': 0}
[13.841595] (shell_interfaces) JobProgress: {'identifier': 'shell_interfaces', 'progress': 'install'}
[13.852285] (shell_interfaces) Command: {'cmd': ['/usr/bin/cmake', '--install', '/home/esraamustafa/path_planning/Path_Planning_Shell_AI/build/shell_interfaces'], 'cwd': '/home/esraamustafa/path_planning/Path_Planning_Shell_AI/build/shell_interfaces', 'env': OrderedDict([('PYTHON_BASIC_REPL', '1'), ('LESSOPEN', '| /usr/bin/lesspipe %s'), ('USER', 'esraamustafa'), ('GIT_ASKPASS', '/home/esraamustafa/.vscode-server/bin/c9d77990917f3102ada88be140d28b038d1dd7c7/extensions/git/dist/askpass.sh'), ('SHLVL', '1'), ('LD_LIBRARY_PATH', '/opt/ros/humble/opt/rviz_ogre_vendor/lib:/opt/ros/humble/lib/x86_64-linux-gnu:/opt/ros/humble/lib'), ('HOME', '/home/esraamustafa'), ('TERM_PROGRAM_VERSION', '1.108.2'), ('VSCODE_IPC_HOOK_CLI', '/run/user/1000/vscode-ipc-f6ddf0f4-f152-4d5d-a52e-3f3d08efa81e.sock'), ('ROS_PYTHON_VERSION', '3'), ('VSCODE_GIT_ASKPASS_MAIN', '/home/esraamustafa/.vscode-server/bin/c9d77990917f3102ada88be140d28b038d1dd7c7/extensions/git/dist/askpass-main.js'), ('VSCODE_GIT_ASKPASS_NODE', '/home/esraamustafa/.vscode-server/bin/c9d77990917f3102ada88be140d28b038d1dd7c7/node'), ('PYDEVD_DISABLE_FILE_VALIDATION', '1'), ('BUNDLED_DEBUGPY_PATH', '/home/esraamustafa/.vscode-server/extensions/ms-python.debugpy-2025.18.0-linux-x64/bundled/libs/debugpy'), ('VSCODE_PYTHON_AUTOACTIVATE_GUARD', '1'), ('DBUS_SESSION_BUS_ADDRESS', 'unix:path=/run/user/1000/bus'), ('COLORTERM', 'truecolor'), ('WSL_DISTRO_NAME', 'Ubuntu-22.04'), ('WAYLAND_DISPLAY', 'wayland-0'), ('ROS_DISTRO', 'humble'), ('LOGNAME', 'esraamustafa'), ('NAME', 'Esraa'), ('WSL_INTEROP', '/run/WSL/465_interop'), ('PULSE_SERVER', 'unix:/mnt/wslg/PulseServer'), ('_', '/usr/bin/colcon'), ('ROS_VERSION', '2'), ('TERM', 'xterm-256color'), ('ROS_LOCALHOST_ONLY', '0'), ('PATH', '/home/esraamustafa/.vscode-server/data/User/globalStorage/github.copilot-chat/debugCommand:/home/esraamustafa/.vscode-server/data/User/globalStorage/github.copilot-chat/copilotCli:/home/esraamustafa/.vscode-server/bin/c9d77990917f3102ada88be140d28b038d1dd7c7/bin/remote-cli:/home/esraamustafa/.local/bin:/opt/ros/humble/bin:/usr/local/sbin:/usr/local/bin:/usr/sbin:/usr/bin:/sbin:/bin:/usr/games:/usr/local/games:/usr/lib/wsl/lib:/mnt/c/Program Files/Common Files/Oracle/Java/javapath:/mnt/c/Users/esraa/AppData/Local/Programs/Python/Python312/Scripts/:/mnt/c/Users/esraa/AppData/Local/Programs/Python/Python312/:/mnt/c/WINDOWS/system32:/mnt/c/WINDOWS:/mnt/c/WINDOWS/System32/Wbem:/mnt/c/WINDOWS/System32/WindowsPowerShell/v1.0/:/mnt/c/WINDOWS/System32/OpenSSH/:/mnt/c/Program Files/dotnet/:/mnt/c/Program Files/Git/cmd:/mnt/c/Program Files/nodejs/:/mnt/c/ProgramData/chocolatey/bin:/mnt/c/msys64/mingw64/bin:/mnt/c/Program Files/GitHub CLI/:/mnt/c/Program Files/MATLAB/R2024b/bin:/mnt/c/Program Files (x86)/Microsoft SQL Server/160/Tools/Binn/:/mnt/c/Program Files/Microsoft SQL Server/160/Tools/Binn/:/mnt/c/Program Files/Microsoft SQL Server/Client SDK/ODBC/170/Tools/Binn/:/mnt/c/Program Files/Microsoft SQL Server/160/DTS/Binn/:/mnt/c/Program Files/Microsoft SQL Server/150/Tools/Binn/:/mnt/c/Program Files/CMake/bin:/mnt/c/Program Files/Docker/Docker/resources/bin:/mnt/c/xampp/php/php.exe:/mnt/c/Users/esraa/AppData/Local/Programs/Python/Python314/Scripts/:/mnt/c/Users/esraa/AppData/Local/Programs/Python/Python314/:/mnt/c/Users/esraa/AppData/Local/Programs/Python/Launcher/:/mnt/c/Users/esraa/AppData/Local/Microsoft/WindowsApps:/mnt/c/Users/esraa/AppData/Local/Programs/Microsoft_VS_Code/bin:/mnt/c/Users/esraa/AppData/Local/Microsoft/WinGet/Packages/Schniz.fnm_Microsoft.Winget.Source_8wekyb3d8bbwe:/mnt/c/Users/esraa/AppData/Roaming/npm:/mnt/c/Users/esraa/AppData/Local/GitHubDesktop/bin:/mnt/c/Users/esraa/.dotnet/tools:/mnt/d/IntelliJ IDEA 2024.2.3/bin:/mnt/c/Program Files/JetBrains/IntelliJ IDEA Community Edition 2024.2.3/bin:/mnt/c/Program Files/MongoDB/Server/8.2/bin:/mnt/c/Users/esraa/AppData/Local/Programs/mongosh/:/snap/bin:/home/esraamustafa/.vscode-server/extensions/ms-python.debugpy-2025.18.0-linux-x64/bundled/scripts/noConfigScripts'), ('XDG_RUNTIME_DIR', '/run/user/1000/'), ('DISPLAY', ':0'), ('VSCODE_DEBUGPY_ADAPTER_ENDPOINTS', '/home/esraamustafa/.vscode-server/extensions/ms-python.debugpy-2025.18.0-linux-x64/.noConfigDebugAdapterEndpoints/endpoint-9aa057c463a7ace4.txt'), ('LANG', 'C.UTF-8'), ('PYTHONSTARTUP', '/home/esraamustafa/.vscode-server/data/User/workspaceStorage/9188cf032e28f409f831a5c4cd4238d1/ms-python.python/pythonrc.py'), ('LS_COLORS', 'rs=0:di=01;34:ln=01;36:mh=00:pi=40;33:so=01;35:do=01;35:bd=40;33;01:cd=40;33;01:or=40;31;01:mi=00:su=37;41:sg=30;43:ca=30;41:tw=30;42:ow=34;42:st=37;44:ex=01;32:*.tar=01;31:*.tgz=01;31:*.arc=01;31:*.arj=01;31:*.taz=01;31:*.lha=01;31:*.lz4=01;31:*.lzh=01;31:*.lzma=01;31:*.tlz=01;31:*.txz=01;31:*.tzo=01;31:*.t7z=01;31:*.zip=01;31:*.z=01;31:*.dz=01;31:*.gz=01;31:*.lrz=01;31:*.lz=01;31:*.lzo=01;31:*.xz=01;31:*.zst=01;31:*.tzst=01;31:*.bz2=01;31:*.bz=01;31:*.tbz=01;31:*.tbz2=01;31:*.tz=01;31:*.deb=01;31:*.rpm=01;31:*.jar=01;31:*.war=01;31:*.ear=01;31:*.sar=01;31:*.rar=01;31:*.alz=01;31:*.ace=01;31:*.zoo=01;31:*.cpio=01;31:*.7z=01;31:*.rz=01;31:*.cab=01;31:*.wim=01;31:*.swm=01;31:*.dwm=01;31:*.esd=01;31:*.jpg=01;35:*.jpeg=01;35:*.mjpg=01;35:*.mjpeg=01;35:*.gif=01;35:*.bmp=01;35:*.pbm=01;35:*.pgm=01;35:*.ppm=01;35:*.tga=01;35:*.xbm=01;35:*.xpm=01;35:*.tif=01;35:*.tiff=01;35:*.png=01;35:*.svg=01;35:*.svgz=01;35:*.mng=01;35:*.pcx=01;35:*.mov=01;35:*.mpg=01;35:*.mpeg=01;35:*.m2v=01;35:*.mkv=01;35:*.webm=01;35:*.webp=01;35:*.ogm=01;35:*.mp4=01;35:*.m4v=01;35:*.mp4v=01;35:*.vob=01;35:*.qt=01;35:*.nuv=01;35:*.wmv=01;35:*.asf=01;35:*.rm=01;35:*.rmvb=01;35:*.flc=01;35:*.avi=01;35:*.fli=01;35:*.flv=01;35:*.gl=01;35:*.dl=01;35:*.xcf=01;35:*.xwd=01;35:*.yuv=01;35:*.cgm=01;35:*.emf=01;35:*.ogv=01;35:*.ogx=01;35:*.aac=00;36:*.au=00;36:*.flac=00;36:*.m4a=00;36:*.mid=00;36:*.midi=00;36:*.mka=00;36:*.mp3=00;36:*.mpc=00;36:*.ogg=00;36:*.ra=00;36:*.wav=00;36:*.oga=00;36:*.opus=00;36:*.spx=00;36:*.xspf=00;36:'), ('VSCODE_GIT_IPC_HANDLE', '/run/user/1000/vscode-git-7233589553.sock'), ('TERM_PROGRAM', 'vscode'), ('AMENT_PREFIX_PATH', '/opt/ros/humble'), ('SHELL', '/bin/bash'), ('LESSCLOSE', '/usr/bin/lesspipe %s %s'), ('VSCODE_GIT_ASKPASS_EXTRA_ARGS', ''), ('PWD', '/home/esraamustafa/path_planning/Path_Planning_Shell_AI/build/shell_interfaces'), ('XDG_DATA_DIRS', '/usr/local/share:/usr/share:/var/lib/snapd/desktop'), ('PYTHONPATH', '/opt/ros/humble/lib/python3.10/site-packages:/opt/ros/humble/local/lib/python3.10/dist-packages'), ('COLCON', '1'), ('WSL2_GUI_APPS_ENABLED', '1'), ('HOSTTYPE', 'x86_64'), ('WSLENV', 'VSCODE_WSL_EXT_LOCATION/up'), ('CMAKE_PREFIX_PATH', '/opt/ros/humble')]), 'shell': False}
[13.861134] (shell_interfaces) StdoutLine: {'line': b'-- Install configuration: ""\n'}
[13.861740] (shell_interfaces) StdoutLine: {'line': b'-- Execute custom install script\n'}
[13.863840] (shell_interfaces) StdoutLine: {'line': b'-- Symlinking: /home/esraamustafa/path_planning/Path_Planning_Shell_AI/install/shell_interfaces/share/ament_index/resource_index/rosidl_interfaces/shell_interfaces\n'}
[13.871905] (shell_interfaces) StdoutLine: {'line': b'-- Symlinking: /home/esraamustafa/path_planning/Path_Planning_Shell_AI/install/shell_interfaces/include/shell_interfaces/shell_interfaces/msg/detail/trajectory__functions.h\n'}
[13.880393] (shell_interfaces) StdoutLine: {'line': b'-- Symlinking: /home/esraamustafa/path_planning/Path_Planning_Shell_AI/install/shell_interfaces/include/shell_interfaces/shell_interfaces/msg/detail/trajectory__struct.h\n'}
[13.888999] (shell_interfaces) StdoutLine: {'line': b'-- Symlinking: /home/esraamustafa/path_planning/Path_Planning_Shell_AI/install/shell_interfaces/include/shell_interfaces/shell_interfaces/msg/detail/trajectory__type_support.h\n'}
[13.896302] (shell_interfaces) StdoutLine: {'line': b'-- Symlinking: /home/esraamustafa/path_planning/Path_Planning_Shell_AI/install/shell_interfaces/include/shell_interfaces/shell_interfaces/msg/detail/trajectory_point__functions.h\n'}
[13.903615] (shell_interfaces) StdoutLine: {'line': b'-- Symlinking: /home/esraamustafa/path_planning/Path_Planning_Shell_AI/install/shell_interfaces/include/shell_interfaces/shell_interfaces/msg/detail/trajectory_point__struct.h\n'}
[13.904697] (-) TimerEvent: {}
[13.913466] (shell_interfaces) StdoutLine: {'line': b'-- Symlinking: /home/esraamustafa/path_planning/Path_Planning_Shell_AI/install/shell_interfaces/include/shell_interfaces/shell_interfaces/msg/detail/trajectory_point__type_support.h\n'}
[13.921838] (shell_interfaces) StdoutLine: {'line': b'-- Symlinking: /home/esraamustafa/path_planning/Path_Planning_Shell_AI/install/shell_interfaces/include/shell_interfaces/shell_interfaces/msg/rosidl_generator_c__visibility_control.h\n'}
[13.938619] (shell_interfaces) StdoutLine: {'line': b'-- Symlinking: /home/esraamustafa/path_planning/Path_Planning_Shell_AI/install/shell_interfaces/include/shell_interfaces/shell_interfaces/msg/trajectory.h\n'}
[13.949930] (shell_interfaces) StdoutLine: {'line': b'-- Symlinking: /home/esraamustafa/path_planning/Path_Planning_Shell_AI/install/shell_interfaces/include/shell_interfaces/shell_interfaces/msg/trajectory_point.h\n'}
[13.960362] (shell_interfaces) StdoutLine: {'line': b'-- Symlinking: /home/esraamustafa/path_planning/Path_Planning_Shell_AI/install/shell_interfaces/share/shell_interfaces/environment/library_path.sh\n'}
[13.971207] (shell_interfaces) StdoutLine: {'line': b'-- Symlinking: /home/esraamustafa/path_planning/Path_Planning_Shell_AI/install/shell_interfaces/share/shell_interfaces/environment/library_path.dsv\n'}
[13.981849] (shell_interfaces) StdoutLine: {'line': b'-- Symlinking: /home/esraamustafa/path_planning/Path_Planning_Shell_AI/install/shell_interfaces/include/shell_interfaces/shell_interfaces/msg/detail/trajectory__rosidl_typesupport_fastrtps_c.h\n'}
[13.992358] (shell_interfaces) StdoutLine: {'line': b'-- Symlinking: /home/esraamustafa/path_planning/Path_Planning_Shell_AI/install/shell_interfaces/include/shell_interfaces/shell_interfaces/msg/detail/trajectory_point__rosidl_typesupport_fastrtps_c.h\n'}
[14.005083] (-) TimerEvent: {}
[14.005540] (shell_interfaces) StdoutLine: {'line': b'-- Symlinking: /home/esraamustafa/path_planning/Path_Planning_Shell_AI/install/shell_interfaces/include/shell_interfaces/shell_interfaces/msg/rosidl_typesupport_fastrtps_c__visibility_control.h\n'}
[14.017680] (shell_interfaces) StdoutLine: {'line': b'-- Symlinking: /home/esraamustafa/path_planning/Path_Planning_Shell_AI/install/shell_interfaces/include/shell_interfaces/shell_interfaces/msg/detail/trajectory__rosidl_typesupport_introspection_c.h\n'}
[14.027889] (shell_interfaces) StdoutLine: {'line': b'-- Symlinking: /home/esraamustafa/path_planning/Path_Planning_Shell_AI/install/shell_interfaces/include/shell_interfaces/shell_interfaces/msg/detail/trajectory_point__rosidl_typesupport_introspection_c.h\n'}
[14.039233] (shell_interfaces) StdoutLine: {'line': b'-- Symlinking: /home/esraamustafa/path_planning/Path_Planning_Shell_AI/install/shell_interfaces/include/shell_interfaces/shell_interfaces/msg/rosidl_typesupport_introspection_c__visibility_control.h\n'}
[14.048182] (shell_interfaces) StdoutLine: {'line': b'-- Symlinking: /home/esraamustafa/path_planning/Path_Planning_Shell_AI/install/shell_interfaces/include/shell_interfaces/shell_interfaces/msg/detail/trajectory__builder.hpp\n'}
[14.058464] (shell_interfaces) StdoutLine: {'line': b'-- Symlinking: /home/esraamustafa/path_planning/Path_Planning_Shell_AI/install/shell_interfaces/include/shell_interfaces/shell_interfaces/msg/detail/trajectory__struct.hpp\n'}
[14.070072] (shell_interfaces) StdoutLine: {'line': b'-- Symlinking: /home/esraamustafa/path_planning/Path_Planning_Shell_AI/install/shell_interfaces/include/shell_interfaces/shell_interfaces/msg/detail/trajectory__traits.hpp\n'}
[14.080601] (shell_interfaces) StdoutLine: {'line': b'-- Symlinking: /home/esraamustafa/path_planning/Path_Planning_Shell_AI/install/shell_interfaces/include/shell_interfaces/shell_interfaces/msg/detail/trajectory__type_support.hpp\n'}
[14.091488] (shell_interfaces) StdoutLine: {'line': b'-- Symlinking: /home/esraamustafa/path_planning/Path_Planning_Shell_AI/install/shell_interfaces/include/shell_interfaces/shell_interfaces/msg/detail/trajectory_point__builder.hpp\n'}
[14.101518] (shell_interfaces) StdoutLine: {'line': b'-- Symlinking: /home/esraamustafa/path_planning/Path_Planning_Shell_AI/install/shell_interfaces/include/shell_interfaces/shell_interfaces/msg/detail/trajectory_point__struct.hpp\n'}
[14.105270] (-) TimerEvent: {}
[14.110364] (shell_interfaces) StdoutLine: {'line': b'-- Symlinking: /home/esraamustafa/path_planning/Path_Planning_Shell_AI/install/shell_interfaces/include/shell_interfaces/shell_interfaces/msg/detail/trajectory_point__traits.hpp\n'}
[14.120855] (shell_interfaces) StdoutLine: {'line': b'-- Symlinking: /home/esraamustafa/path_planning/Path_Planning_Shell_AI/install/shell_interfaces/include/shell_interfaces/shell_interfaces/msg/detail/trajectory_point__type_support.hpp\n'}
[14.132295] (shell_interfaces) StdoutLine: {'line': b'-- Symlinking: /home/esraamustafa/path_planning/Path_Planning_Shell_AI/install/shell_interfaces/include/shell_interfaces/shell_interfaces/msg/rosidl_generator_cpp__visibility_control.hpp\n'}
[14.145935] (shell_interfaces) StdoutLine: {'line': b'-- Symlinking: /home/esraamustafa/path_planning/Path_Planning_Shell_AI/install/shell_interfaces/include/shell_interfaces/shell_interfaces/msg/trajectory.hpp\n'}
[14.163778] (shell_interfaces) StdoutLine: {'line': b'-- Symlinking: /home/esraamustafa/path_planning/Path_Planning_Shell_AI/install/shell_interfaces/include/shell_interfaces/shell_interfaces/msg/trajectory_point.hpp\n'}
[14.174803] (shell_interfaces) StdoutLine: {'line': b'-- Symlinking: /home/esraamustafa/path_planning/Path_Planning_Shell_AI/install/shell_interfaces/include/shell_interfaces/shell_interfaces/msg/detail/trajectory__rosidl_typesupport_fastrtps_cpp.hpp\n'}
[14.183259] (shell_interfaces) StdoutLine: {'line': b'-- Symlinking: /home/esraamustafa/path_planning/Path_Planning_Shell_AI/install/shell_interfaces/include/shell_interfaces/shell_interfaces/msg/detail/trajectory_point__rosidl_typesupport_fastrtps_cpp.hpp\n'}
[14.192975] (shell_interfaces) StdoutLine: {'line': b'-- Symlinking: /home/esraamustafa/path_planning/Path_Planning_Shell_AI/install/shell_interfaces/include/shell_interfaces/shell_interfaces/msg/rosidl_typesupport_fastrtps_cpp__visibility_control.h\n'}
[14.202895] (shell_interfaces) StdoutLine: {'line': b'-- Symlinking: /home/esraamustafa/path_planning/Path_Planning_Shell_AI/install/shell_interfaces/include/shell_interfaces/shell_interfaces/msg/detail/trajectory__rosidl_typesupport_introspection_cpp.hpp\n'}
[14.205525] (-) TimerEvent: {}
[14.213472] (shell_interfaces) StdoutLine: {'line': b'-- Symlinking: /home/esraamustafa/path_planning/Path_Planning_Shell_AI/install/shell_interfaces/include/shell_interfaces/shell_interfaces/msg/detail/trajectory_point__rosidl_typesupport_introspection_cpp.hpp\n'}
[14.224687] (shell_interfaces) StdoutLine: {'line': b'-- Symlinking: /home/esraamustafa/path_planning/Path_Planning_Shell_AI/install/shell_interfaces/share/shell_interfaces/environment/pythonpath.sh\n'}
[14.232916] (shell_interfaces) StdoutLine: {'line': b'-- Symlinking: /home/esraamustafa/path_planning/Path_Planning_Shell_AI/install/shell_interfaces/share/shell_interfaces/environment/pythonpath.dsv\n'}
[14.241895] (shell_interfaces) StdoutLine: {'line': b'-- Symlinking: /home/esraamustafa/path_planning/Path_Planning_Shell_AI/install/shell_interfaces/local/lib/python3.10/dist-packages/shell_interfaces-0.0.0-py3.10.egg-info/PKG-INFO\n'}
[14.249117] (shell_interfaces) StdoutLine: {'line': b'-- Symlinking: /home/esraamustafa/path_planning/Path_Planning_Shell_AI/install/shell_interfaces/local/lib/python3.10/dist-packages/shell_interfaces-0.0.0-py3.10.egg-info/SOURCES.txt\n'}
[14.257600] (shell_interfaces) StdoutLine: {'line': b'-- Symlinking: /home/esraamustafa/path_planning/Path_Planning_Shell_AI/install/shell_interfaces/local/lib/python3.10/dist-packages/shell_interfaces-0.0.0-py3.10.egg-info/dependency_links.txt\n'}
[14.265436] (shell_interfaces) StdoutLine: {'line': b'-- Symlinking: /home/esraamustafa/path_planning/Path_Planning_Shell_AI/install/shell_interfaces/local/lib/python3.10/dist-packages/shell_interfaces-0.0.0-py3.10.egg-info/top_level.txt\n'}
[14.276335] (shell_interfaces) StdoutLine: {'line': b'-- Symlinking: /home/esraamustafa/path_planning/Path_Planning_Shell_AI/install/shell_interfaces/local/lib/python3.10/dist-packages/shell_interfaces/__init__.py\n'}
[14.283326] (shell_interfaces) StdoutLine: {'line': b'-- Symlinking: /home/esraamustafa/path_planning/Path_Planning_Shell_AI/install/shell_interfaces/local/lib/python3.10/dist-packages/shell_interfaces/_shell_interfaces_s.ep.rosidl_typesupport_c.c\n'}
[14.292005] (shell_interfaces) StdoutLine: {'line': b'-- Symlinking: /home/esraamustafa/path_planning/Path_Planning_Shell_AI/install/shell_interfaces/local/lib/python3.10/dist-packages/shell_interfaces/_shell_interfaces_s.ep.rosidl_typesupport_fastrtps_c.c\n'}
[14.301085] (shell_interfaces) StdoutLine: {'line': b'-- Symlinking: /home/esraamustafa/path_planning/Path_Planning_Shell_AI/install/shell_interfaces/local/lib/python3.10/dist-packages/shell_interfaces/_shell_interfaces_s.ep.rosidl_typesupport_introspection_c.c\n'}
[14.305873] (-) TimerEvent: {}
[14.309345] (shell_interfaces) StdoutLine: {'line': b'-- Symlinking: /home/esraamustafa/path_planning/Path_Planning_Shell_AI/install/shell_interfaces/local/lib/python3.10/dist-packages/shell_interfaces/libshell_interfaces__rosidl_generator_py.so\n'}
[14.318506] (shell_interfaces) StdoutLine: {'line': b'-- Symlinking: /home/esraamustafa/path_planning/Path_Planning_Shell_AI/install/shell_interfaces/local/lib/python3.10/dist-packages/shell_interfaces/msg/__init__.py\n'}
[14.328607] (shell_interfaces) StdoutLine: {'line': b'-- Symlinking: /home/esraamustafa/path_planning/Path_Planning_Shell_AI/install/shell_interfaces/local/lib/python3.10/dist-packages/shell_interfaces/msg/_trajectory.py\n'}
[14.337382] (shell_interfaces) StdoutLine: {'line': b'-- Symlinking: /home/esraamustafa/path_planning/Path_Planning_Shell_AI/install/shell_interfaces/local/lib/python3.10/dist-packages/shell_interfaces/msg/_trajectory_point.py\n'}
[14.346531] (shell_interfaces) StdoutLine: {'line': b'-- Symlinking: /home/esraamustafa/path_planning/Path_Planning_Shell_AI/install/shell_interfaces/local/lib/python3.10/dist-packages/shell_interfaces/msg/_trajectory_point_s.c\n'}
[14.354100] (shell_interfaces) StdoutLine: {'line': b'-- Symlinking: /home/esraamustafa/path_planning/Path_Planning_Shell_AI/install/shell_interfaces/local/lib/python3.10/dist-packages/shell_interfaces/msg/_trajectory_s.c\n'}
[14.362514] (shell_interfaces) StdoutLine: {'line': b'-- Symlinking: /home/esraamustafa/path_planning/Path_Planning_Shell_AI/install/shell_interfaces/local/lib/python3.10/dist-packages/shell_interfaces/shell_interfaces_s__rosidl_typesupport_c.cpython-310-x86_64-linux-gnu.so\n'}
[14.371396] (shell_interfaces) StdoutLine: {'line': b'-- Symlinking: /home/esraamustafa/path_planning/Path_Planning_Shell_AI/install/shell_interfaces/local/lib/python3.10/dist-packages/shell_interfaces/shell_interfaces_s__rosidl_typesupport_fastrtps_c.cpython-310-x86_64-linux-gnu.so\n'}
[14.380590] (shell_interfaces) StdoutLine: {'line': b'-- Symlinking: /home/esraamustafa/path_planning/Path_Planning_Shell_AI/install/shell_interfaces/local/lib/python3.10/dist-packages/shell_interfaces/shell_interfaces_s__rosidl_typesupport_introspection_c.cpython-310-x86_64-linux-gnu.so\n'}
[14.389506] (shell_interfaces) StdoutLine: {'line': b'-- Up-to-date symlink: /home/esraamustafa/path_planning/Path_Planning_Shell_AI/install/shell_interfaces/local/lib/python3.10/dist-packages/shell_interfaces/shell_interfaces_s__rosidl_typesupport_fastrtps_c.cpython-310-x86_64-linux-gnu.so\n'}
[14.390081] (shell_interfaces) StdoutLine: {'line': b'-- Up-to-date symlink: /home/esraamustafa/path_planning/Path_Planning_Shell_AI/install/shell_interfaces/local/lib/python3.10/dist-packages/shell_interfaces/shell_interfaces_s__rosidl_typesupport_introspection_c.cpython-310-x86_64-linux-gnu.so\n'}
[14.390585] (shell_interfaces) StdoutLine: {'line': b'-- Up-to-date symlink: /home/esraamustafa/path_planning/Path_Planning_Shell_AI/install/shell_interfaces/local/lib/python3.10/dist-packages/shell_interfaces/shell_interfaces_s__rosidl_typesupport_c.cpython-310-x86_64-linux-gnu.so\n'}
[14.390921] (shell_interfaces) StdoutLine: {'line': b'-- Symlinking: /home/esraamustafa/path_planning/Path_Planning_Shell_AI/install/shell_interfaces/share/shell_interfaces/msg/TrajectoryPoint.idl\n'}
[14.398283] (shell_interfaces) StdoutLine: {'line': b'-- Symlinking: /home/esraamustafa/path_planning/Path_Planning_Shell_AI/install/shell_interfaces/share/shell_interfaces/msg/Trajectory.idl\n'}
[14.405926] (shell_interfaces) StdoutLine: {'line': b'-- Symlinking: /home/esraamustafa/path_planning/Path_Planning_Shell_AI/install/shell_interfaces/share/shell_interfaces/msg/TrajectoryPoint.msg\n'}
[14.406309] (-) TimerEvent: {}
[14.413555] (shell_interfaces) StdoutLine: {'line': b'-- Symlinking: /home/esraamustafa/path_planning/Path_Planning_Shell_AI/install/shell_interfaces/share/shell_interfaces/msg/Trajectory.msg\n'}
[14.424353] (shell_interfaces) StdoutLine: {'line': b'-- Symlinking: /home/esraamustafa/path_planning/Path_Planning_Shell_AI/install/shell_interfaces/share/ament_index/resource_index/package_run_dependencies/shell_interfaces\n'}
[14.438191] (shell_interfaces) StdoutLine: {'line': b'-- Symlinking: /home/esraamustafa/path_planning/Path_Planning_Shell_AI/install/shell_interfaces/share/ament_index/resource_index/parent_prefix_path/shell_interfaces\n'}
[14.446610] (shell_interfaces) StdoutLine: {'line': b'-- Symlinking: /home/esraamustafa/path_planning/Path_Planning_Shell_AI/install/shell_interfaces/share/shell_interfaces/environment/ament_prefix_path.sh\n'}
[14.454754] (shell_interfaces) StdoutLine: {'line': b'-- Symlinking: /home/esraamustafa/path_planning/Path_Planning_Shell_AI/install/shell_interfaces/share/shell_interfaces/environment/ament_prefix_path.dsv\n'}
[14.465189] (shell_interfaces) StdoutLine: {'line': b'-- Symlinking: /home/esraamustafa/path_planning/Path_Planning_Shell_AI/install/shell_interfaces/share/shell_interfaces/environment/path.sh\n'}
[14.473593] (shell_interfaces) StdoutLine: {'line': b'-- Symlinking: /home/esraamustafa/path_planning/Path_Planning_Shell_AI/install/shell_interfaces/share/shell_interfaces/environment/path.dsv\n'}
[14.484894] (shell_interfaces) StdoutLine: {'line': b'-- Symlinking: /home/esraamustafa/path_planning/Path_Planning_Shell_AI/install/shell_interfaces/share/shell_interfaces/local_setup.bash\n'}
[14.494385] (shell_interfaces) StdoutLine: {'line': b'-- Symlinking: /home/esraamustafa/path_planning/Path_Planning_Shell_AI/install/shell_interfaces/share/shell_interfaces/local_setup.sh\n'}
[14.505341] (shell_interfaces) StdoutLine: {'line': b'-- Symlinking: /home/esraamustafa/path_planning/Path_Planning_Shell_AI/install/shell_interfaces/share/shell_interfaces/local_setup.zsh\n'}
[14.506504] (-) TimerEvent: {}
[14.515999] (shell_interfaces) StdoutLine: {'line': b'-- Symlinking: /home/esraamustafa/path_planning/Path_Planning_Shell_AI/install/shell_interfaces/share/shell_interfaces/local_setup.dsv\n'}
[14.529604] (shell_interfaces) StdoutLine: {'line': b'-- Symlinking: /home/esraamustafa/path_planning/Path_Planning_Shell_AI/install/shell_interfaces/share/shell_interfaces/package.dsv\n'}
[14.541182] (shell_interfaces) StdoutLine: {'line': b'-- Symlinking: /home/esraamustafa/path_planning/Path_Planning_Shell_AI/install/shell_interfaces/share/ament_index/resource_index/packages/shell_interfaces\n'}
[14.553173] (shell_interfaces) StdoutLine: {'line': b'-- Symlinking: /home/esraamustafa/path_planning/Path_Planning_Shell_AI/install/shell_interfaces/share/shell_interfaces/cmake/rosidl_cmake-extras.cmake\n'}
[14.563017] (shell_interfaces) StdoutLine: {'line': b'-- Symlinking: /home/esraamustafa/path_planning/Path_Planning_Shell_AI/install/shell_interfaces/share/shell_interfaces/cmake/ament_cmake_export_include_directories-extras.cmake\n'}
[14.577205] (shell_interfaces) StdoutLine: {'line': b'-- Symlinking: /home/esraamustafa/path_planning/Path_Planning_Shell_AI/install/shell_interfaces/share/shell_interfaces/cmake/ament_cmake_export_libraries-extras.cmake\n'}
[14.587531] (shell_interfaces) StdoutLine: {'line': b'-- Symlinking: /home/esraamustafa/path_planning/Path_Planning_Shell_AI/install/shell_interfaces/share/shell_interfaces/cmake/ament_cmake_export_targets-extras.cmake\n'}
[14.597336] (shell_interfaces) StdoutLine: {'line': b'-- Symlinking: /home/esraamustafa/path_planning/Path_Planning_Shell_AI/install/shell_interfaces/share/shell_interfaces/cmake/rosidl_cmake_export_typesupport_targets-extras.cmake\n'}
[14.606180] (shell_interfaces) StdoutLine: {'line': b'-- Symlinking: /home/esraamustafa/path_planning/Path_Planning_Shell_AI/install/shell_interfaces/share/shell_interfaces/cmake/ament_cmake_export_dependencies-extras.cmake\n'}
[14.606588] (-) TimerEvent: {}
[14.615252] (shell_interfaces) StdoutLine: {'line': b'-- Symlinking: /home/esraamustafa/path_planning/Path_Planning_Shell_AI/install/shell_interfaces/share/shell_interfaces/cmake/rosidl_cmake_export_typesupport_libraries-extras.cmake\n'}
[14.623484] (shell_interfaces) StdoutLine: {'line': b'-- Symlinking: /home/esraamustafa/path_planning/Path_Planning_Shell_AI/install/shell_interfaces/share/shell_interfaces/cmake/shell_interfacesConfig.cmake\n'}
[14.632576] (shell_interfaces) StdoutLine: {'line': b'-- Symlinking: /home/esraamustafa/path_planning/Path_Planning_Shell_AI/install/shell_interfaces/share/shell_interfaces/cmake/shell_interfacesConfig-version.cmake\n'}
[14.639800] (shell_interfaces) StdoutLine: {'line': b'-- Symlinking: /home/esraamustafa/path_planning/Path_Planning_Shell_AI/install/shell_interfaces/share/shell_interfaces/package.xml\n'}
[14.649226] (shell_interfaces) StdoutLine: {'line': b'-- Installing: /home/esraamustafa/path_planning/Path_Planning_Shell_AI/install/shell_interfaces/lib/libshell_interfaces__rosidl_generator_c.so\n'}
[14.649618] (shell_interfaces) StdoutLine: {'line': b'-- Set runtime path of "/home/esraamustafa/path_planning/Path_Planning_Shell_AI/install/shell_interfaces/lib/libshell_interfaces__rosidl_generator_c.so" to ""\n'}
[14.649795] (shell_interfaces) StdoutLine: {'line': b'-- Installing: /home/esraamustafa/path_planning/Path_Planning_Shell_AI/install/shell_interfaces/lib/libshell_interfaces__rosidl_typesupport_fastrtps_c.so\n'}
[14.650081] (shell_interfaces) StdoutLine: {'line': b'-- Set runtime path of "/home/esraamustafa/path_planning/Path_Planning_Shell_AI/install/shell_interfaces/lib/libshell_interfaces__rosidl_typesupport_fastrtps_c.so" to ""\n'}
[14.650153] (shell_interfaces) StdoutLine: {'line': b'-- Installing: /home/esraamustafa/path_planning/Path_Planning_Shell_AI/install/shell_interfaces/lib/libshell_interfaces__rosidl_typesupport_introspection_c.so\n'}
[14.650217] (shell_interfaces) StdoutLine: {'line': b'-- Set runtime path of "/home/esraamustafa/path_planning/Path_Planning_Shell_AI/install/shell_interfaces/lib/libshell_interfaces__rosidl_typesupport_introspection_c.so" to ""\n'}
[14.650281] (shell_interfaces) StdoutLine: {'line': b'-- Installing: /home/esraamustafa/path_planning/Path_Planning_Shell_AI/install/shell_interfaces/lib/libshell_interfaces__rosidl_typesupport_c.so\n'}
[14.650513] (shell_interfaces) StdoutLine: {'line': b'-- Set runtime path of "/home/esraamustafa/path_planning/Path_Planning_Shell_AI/install/shell_interfaces/lib/libshell_interfaces__rosidl_typesupport_c.so" to ""\n'}
[14.650632] (shell_interfaces) StdoutLine: {'line': b'-- Installing: /home/esraamustafa/path_planning/Path_Planning_Shell_AI/install/shell_interfaces/lib/libshell_interfaces__rosidl_typesupport_fastrtps_cpp.so\n'}
[14.650818] (shell_interfaces) StdoutLine: {'line': b'-- Set runtime path of "/home/esraamustafa/path_planning/Path_Planning_Shell_AI/install/shell_interfaces/lib/libshell_interfaces__rosidl_typesupport_fastrtps_cpp.so" to ""\n'}
[14.651079] (shell_interfaces) StdoutLine: {'line': b'-- Installing: /home/esraamustafa/path_planning/Path_Planning_Shell_AI/install/shell_interfaces/lib/libshell_interfaces__rosidl_typesupport_introspection_cpp.so\n'}
[14.651313] (shell_interfaces) StdoutLine: {'line': b'-- Set runtime path of "/home/esraamustafa/path_planning/Path_Planning_Shell_AI/install/shell_interfaces/lib/libshell_interfaces__rosidl_typesupport_introspection_cpp.so" to ""\n'}
[14.651374] (shell_interfaces) StdoutLine: {'line': b'-- Installing: /home/esraamustafa/path_planning/Path_Planning_Shell_AI/install/shell_interfaces/lib/libshell_interfaces__rosidl_typesupport_cpp.so\n'}
[14.651437] (shell_interfaces) StdoutLine: {'line': b'-- Set runtime path of "/home/esraamustafa/path_planning/Path_Planning_Shell_AI/install/shell_interfaces/lib/libshell_interfaces__rosidl_typesupport_cpp.so" to ""\n'}
[14.681373] (shell_interfaces) StdoutLine: {'line': b"Listing '/home/esraamustafa/path_planning/Path_Planning_Shell_AI/install/shell_interfaces/local/lib/python3.10/dist-packages/shell_interfaces'...\n"}
[14.681725] (shell_interfaces) StdoutLine: {'line': b"Compiling '/home/esraamustafa/path_planning/Path_Planning_Shell_AI/install/shell_interfaces/local/lib/python3.10/dist-packages/shell_interfaces/__init__.py'...\n"}
[14.681870] (shell_interfaces) StdoutLine: {'line': b"Listing '/home/esraamustafa/path_planning/Path_Planning_Shell_AI/install/shell_interfaces/local/lib/python3.10/dist-packages/shell_interfaces/msg'...\n"}
[14.681983] (shell_interfaces) StdoutLine: {'line': b"Compiling '/home/esraamustafa/path_planning/Path_Planning_Shell_AI/install/shell_interfaces/local/lib/python3.10/dist-packages/shell_interfaces/msg/__init__.py'...\n"}
[14.682092] (shell_interfaces) StdoutLine: {'line': b"Compiling '/home/esraamustafa/path_planning/Path_Planning_Shell_AI/install/shell_interfaces/local/lib/python3.10/dist-packages/shell_interfaces/msg/_trajectory.py'...\n"}
[14.682202] (shell_interfaces) StdoutLine: {'line': b"Compiling '/home/esraamustafa/path_planning/Path_Planning_Shell_AI/install/shell_interfaces/local/lib/python3.10/dist-packages/shell_interfaces/msg/_trajectory_point.py'...\n"}
[14.685934] (shell_interfaces) StdoutLine: {'line': b'-- Installing: /home/esraamustafa/path_planning/Path_Planning_Shell_AI/install/shell_interfaces/lib/libshell_interfaces__rosidl_generator_py.so\n'}
[14.686396] (shell_interfaces) StdoutLine: {'line': b'-- Set runtime path of "/home/esraamustafa/path_planning/Path_Planning_Shell_AI/install/shell_interfaces/lib/libshell_interfaces__rosidl_generator_py.so" to ""\n'}
[14.686703] (shell_interfaces) StdoutLine: {'line': b'-- Installing: /home/esraamustafa/path_planning/Path_Planning_Shell_AI/install/shell_interfaces/share/shell_interfaces/cmake/export_shell_interfaces__rosidl_generator_cExport.cmake\n'}
[14.687136] (shell_interfaces) StdoutLine: {'line': b'-- Installing: /home/esraamustafa/path_planning/Path_Planning_Shell_AI/install/shell_interfaces/share/shell_interfaces/cmake/export_shell_interfaces__rosidl_generator_cExport-noconfig.cmake\n'}
[14.687249] (shell_interfaces) StdoutLine: {'line': b'-- Installing: /home/esraamustafa/path_planning/Path_Planning_Shell_AI/install/shell_interfaces/share/shell_interfaces/cmake/export_shell_interfaces__rosidl_typesupport_fastrtps_cExport.cmake\n'}
[14.687628] (shell_interfaces) StdoutLine: {'line': b'-- Installing: /home/esraamustafa/path_planning/Path_Planning_Shell_AI/install/shell_interfaces/share/shell_interfaces/cmake/export_shell_interfaces__rosidl_typesupport_fastrtps_cExport-noconfig.cmake\n'}
[14.687875] (shell_interfaces) StdoutLine: {'line': b'-- Installing: /home/esraamustafa/path_planning/Path_Planning_Shell_AI/install/shell_interfaces/share/shell_interfaces/cmake/shell_interfaces__rosidl_typesupport_introspection_cExport.cmake\n'}
[14.688139] (shell_interfaces) StdoutLine: {'line': b'-- Installing: /home/esraamustafa/path_planning/Path_Planning_Shell_AI/install/shell_interfaces/share/shell_interfaces/cmake/shell_interfaces__rosidl_typesupport_introspection_cExport-noconfig.cmake\n'}
[14.688237] (shell_interfaces) StdoutLine: {'line': b'-- Installing: /home/esraamustafa/path_planning/Path_Planning_Shell_AI/install/shell_interfaces/share/shell_interfaces/cmake/shell_interfaces__rosidl_typesupport_cExport.cmake\n'}
[14.688319] (shell_interfaces) StdoutLine: {'line': b'-- Installing: /home/esraamustafa/path_planning/Path_Planning_Shell_AI/install/shell_interfaces/share/shell_interfaces/cmake/shell_interfaces__rosidl_typesupport_cExport-noconfig.cmake\n'}
[14.688395] (shell_interfaces) StdoutLine: {'line': b'-- Installing: /home/esraamustafa/path_planning/Path_Planning_Shell_AI/install/shell_interfaces/share/shell_interfaces/cmake/export_shell_interfaces__rosidl_generator_cppExport.cmake\n'}
[14.688471] (shell_interfaces) StdoutLine: {'line': b'-- Installing: /home/esraamustafa/path_planning/Path_Planning_Shell_AI/install/shell_interfaces/share/shell_interfaces/cmake/export_shell_interfaces__rosidl_typesupport_fastrtps_cppExport.cmake\n'}
[14.688576] (shell_interfaces) StdoutLine: {'line': b'-- Installing: /home/esraamustafa/path_planning/Path_Planning_Shell_AI/install/shell_interfaces/share/shell_interfaces/cmake/export_shell_interfaces__rosidl_typesupport_fastrtps_cppExport-noconfig.cmake\n'}
[14.688788] (shell_interfaces) StdoutLine: {'line': b'-- Installing: /home/esraamustafa/path_planning/Path_Planning_Shell_AI/install/shell_interfaces/share/shell_interfaces/cmake/shell_interfaces__rosidl_typesupport_introspection_cppExport.cmake\n'}
[14.688930] (shell_interfaces) StdoutLine: {'line': b'-- Installing: /home/esraamustafa/path_planning/Path_Planning_Shell_AI/install/shell_interfaces/share/shell_interfaces/cmake/shell_interfaces__rosidl_typesupport_introspection_cppExport-noconfig.cmake\n'}
[14.689032] (shell_interfaces) StdoutLine: {'line': b'-- Installing: /home/esraamustafa/path_planning/Path_Planning_Shell_AI/install/shell_interfaces/share/shell_interfaces/cmake/shell_interfaces__rosidl_typesupport_cppExport.cmake\n'}
[14.689121] (shell_interfaces) StdoutLine: {'line': b'-- Installing: /home/esraamustafa/path_planning/Path_Planning_Shell_AI/install/shell_interfaces/share/shell_interfaces/cmake/shell_interfaces__rosidl_typesupport_cppExport-noconfig.cmake\n'}
[14.689214] (shell_interfaces) StdoutLine: {'line': b'-- Installing: /home/esraamustafa/path_planning/Path_Planning_Shell_AI/install/shell_interfaces/share/shell_interfaces/cmake/export_shell_interfaces__rosidl_generator_pyExport.cmake\n'}
[14.689311] (shell_interfaces) StdoutLine: {'line': b'-- Installing: /home/esraamustafa/path_planning/Path_Planning_Shell_AI/install/shell_interfaces/share/shell_interfaces/cmake/export_shell_interfaces__rosidl_generator_pyExport-noconfig.cmake\n'}
[14.690907] (shell_interfaces) CommandEnded: {'returncode': 0}
[14.707217] (-) TimerEvent: {}
[14.708275] (shell_interfaces) JobEnded: {'identifier': 'shell_interfaces', 'rc': 0}
[14.709173] (shell_test_nodes) JobStarted: {'identifier': 'shell_test_nodes'}
[14.714890] (shell_visualization) JobStarted: {'identifier': 'shell_visualization'}
[14.807727] (-) TimerEvent: {}
[14.909037] (-) TimerEvent: {}
[15.010001] (-) TimerEvent: {}
[15.110776] (-) TimerEvent: {}
[15.211460] (-) TimerEvent: {}
[15.312806] (-) TimerEvent: {}
[15.413159] (-) TimerEvent: {}
[15.513489] (-) TimerEvent: {}
[15.614038] (-) TimerEvent: {}
[15.715281] (-) TimerEvent: {}
[15.816382] (-) TimerEvent: {}
[15.917536] (-) TimerEvent: {}
[15.971159] (shell_test_nodes) Command: {'cmd': ['/usr/bin/python3', '-W', 'ignore:setup.py install is deprecated', '-W', 'ignore:easy_install command is deprecated', 'setup.py', 'develop', '--editable', '--build-directory', '/home/esraamustafa/path_planning/Path_Planning_Shell_AI/build/shell_test_nodes/build', '--no-deps'], 'cwd': '/home/esraamustafa/path_planning/Path_Planning_Shell_AI/build/shell_test_nodes', 'env': {'PYTHON_BASIC_REPL': '1', 'LESSOPEN': '| /usr/bin/lesspipe %s', 'USER': 'esraamustafa', 'GIT_ASKPASS': '/home/esraamustafa/.vscode-server/bin/c9d77990917f3102ada88be140d28b038d1dd7c7/extensions/git/dist/askpass.sh', 'SHLVL': '1', 'LD_LIBRARY_PATH': '/home/esraamustafa/path_planning/Path_Planning_Shell_AI/install/shell_interfaces/lib:/opt/ros/humble/opt/rviz_ogre_vendor/lib:/opt/ros/humble/lib/x86_64-linux-gnu:/opt/ros/humble/lib', 'HOME': '/home/esraamustafa', 'TERM_PROGRAM_VERSION': '1.108.2', 'VSCODE_IPC_HOOK_CLI': '/run/user/1000/vscode-ipc-f6ddf0f4-f152-4d5d-a52e-3f3d08efa81e.sock', 'ROS_PYTHON_VERSION': '3', 'VSCODE_GIT_ASKPASS_MAIN': '/home/esraamustafa/.vscode-server/bin/c9d77990917f3102ada88be140d28b038d1dd7c7/extensions/git/dist/askpass-main.js', 'VSCODE_GIT_ASKPASS_NODE': '/home/esraamustafa/.vscode-server/bin/c9d77990917f3102ada88be140d28b038d1dd7c7/node', 'PYDEVD_DISABLE_FILE_VALIDATION': '1', 'BUNDLED_DEBUGPY_PATH': '/home/esraamustafa/.vscode-server/extensions/ms-python.debugpy-2025.18.0-linux-x64/bundled/libs/debugpy', 'VSCODE_PYTHON_AUTOACTIVATE_GUARD': '1', 'DBUS_SESSION_BUS_ADDRESS': 'unix:path=/run/user/1000/bus', 'COLORTERM': 'truecolor', 'WSL_DISTRO_NAME': 'Ubuntu-22.04', 'WAYLAND_DISPLAY': 'wayland-0', 'ROS_DISTRO': 'humble', 'LOGNAME': 'esraamustafa', 'NAME': 'Esraa', 'WSL_INTEROP': '/run/WSL/465_interop', 'PULSE_SERVER': 'unix:/mnt/wslg/PulseServer', '_': '/usr/bin/colcon', 'ROS_VERSION': '2', 'TERM': 'xterm-256color', 'ROS_LOCALHOST_ONLY': '0', 'PATH': '/home/esraamustafa/.vscode-server/data/User/globalStorage/github.copilot-chat/debugCommand:/home/esraamustafa/.vscode-server/data/User/globalStorage/github.copilot-chat/copilotCli:/home/esraamustafa/.vscode-server/bin/c9d77990917f3102ada88be140d28b038d1dd7c7/bin/remote-cli:/home/esraamustafa/.local/bin:/opt/ros/humble/bin:/usr/local/sbin:/usr/local/bin:/usr/sbin:/usr/bin:/sbin:/bin:/usr/games:/usr/local/games:/usr/lib/wsl/lib:/mnt/c/Program Files/Common Files/Oracle/Java/javapath:/mnt/c/Users/esraa/AppData/Local/Programs/Python/Python312/Scripts/:/mnt/c/Users/esraa/AppData/Local/Programs/Python/Python312/:/mnt/c/WINDOWS/system32:/mnt/c/WINDOWS:/mnt/c/WINDOWS/System32/Wbem:/mnt/c/WINDOWS/System32/WindowsPowerShell/v1.0/:/mnt/c/WINDOWS/System32/OpenSSH/:/mnt/c/Program Files/dotnet/:/mnt/c/Program Files/Git/cmd:/mnt/c/Program Files/nodejs/:/mnt/c/ProgramData/chocolatey/bin:/mnt/c/msys64/mingw64/bin:/mnt/c/Program Files/GitHub CLI/:/mnt/c/Program Files/MATLAB/R2024b/bin:/mnt/c/Program Files (x86)/Microsoft SQL Server/160/Tools/Binn/:/mnt/c/Program Files/Microsoft SQL Server/160/Tools/Binn/:/mnt/c/Program Files/Microsoft SQL Server/Client SDK/ODBC/170/Tools/Binn/:/mnt/c/Program Files/Microsoft SQL Server/160/DTS/Binn/:/mnt/c/Program Files/Microsoft SQL Server/150/Tools/Binn/:/mnt/c/Program Files/CMake/bin:/mnt/c/Program Files/Docker/Docker/resources/bin:/mnt/c/xampp/php/php.exe:/mnt/c/Users/esraa/AppData/Local/Programs/Python/Python314/Scripts/:/mnt/c/Users/esraa/AppData/Local/Programs/Python/Python314/:/mnt/c/Users/esraa/AppData/Local/Programs/Python/Launcher/:/mnt/c/Users/esraa/AppData/Local/Microsoft/WindowsApps:/mnt/c/Users/esraa/AppData/Local/Programs/Microsoft_VS_Code/bin:/mnt/c/Users/esraa/AppData/Local/Microsoft/WinGet/Packages/Schniz.fnm_Microsoft.Winget.Source_8wekyb3d8bbwe:/mnt/c/Users/esraa/AppData/Roaming/npm:/mnt/c/Users/esraa/AppData/Local/GitHubDesktop/bin:/mnt/c/Users/esraa/.dotnet/tools:/mnt/d/IntelliJ IDEA 2024.2.3/bin:/mnt/c/Program Files/JetBrains/IntelliJ IDEA Community Edition 2024.2.3/bin:/mnt/c/Program Files/MongoDB/Server/8.2/bin:/mnt/c/Users/esraa/AppData/Local/Programs/mongosh/:/snap/bin:/home/esraamustafa/.vscode-server/extensions/ms-python.debugpy-2025.18.0-linux-x64/bundled/scripts/noConfigScripts', 'XDG_RUNTIME_DIR': '/run/user/1000/', 'DISPLAY': ':0', 'VSCODE_DEBUGPY_ADAPTER_ENDPOINTS': '/home/esraamustafa/.vscode-server/extensions/ms-python.debugpy-2025.18.0-linux-x64/.noConfigDebugAdapterEndpoints/endpoint-9aa057c463a7ace4.txt', 'LANG': 'C.UTF-8', 'PYTHONSTARTUP': '/home/esraamustafa/.vscode-server/data/User/workspaceStorage/9188cf032e28f409f831a5c4cd4238d1/ms-python.python/pythonrc.py', 'LS_COLORS': 'rs=0:di=01;34:ln=01;36:mh=00:pi=40;33:so=01;35:do=01;35:bd=40;33;01:cd=40;33;01:or=40;31;01:mi=00:su=37;41:sg=30;43:ca=30;41:tw=30;42:ow=34;42:st=37;44:ex=01;32:*.tar=01;31:*.tgz=01;31:*.arc=01;31:*.arj=01;31:*.taz=01;31:*.lha=01;31:*.lz4=01;31:*.lzh=01;31:*.lzma=01;31:*.tlz=01;31:*.txz=01;31:*.tzo=01;31:*.t7z=01;31:*.zip=01;31:*.z=01;31:*.dz=01;31:*.gz=01;31:*.lrz=01;31:*.lz=01;31:*.lzo=01;31:*.xz=01;31:*.zst=01;31:*.tzst=01;31:*.bz2=01;31:*.bz=01;31:*.tbz=01;31:*.tbz2=01;31:*.tz=01;31:*.deb=01;31:*.rpm=01;31:*.jar=01;31:*.war=01;31:*.ear=01;31:*.sar=01;31:*.rar=01;31:*.alz=01;31:*.ace=01;31:*.zoo=01;31:*.cpio=01;31:*.7z=01;31:*.rz=01;31:*.cab=01;31:*.wim=01;31:*.swm=01;31:*.dwm=01;31:*.esd=01;31:*.jpg=01;35:*.jpeg=01;35:*.mjpg=01;35:*.mjpeg=01;35:*.gif=01;35:*.bmp=01;35:*.pbm=01;35:*.pgm=01;35:*.ppm=01;35:*.tga=01;35:*.xbm=01;35:*.xpm=01;35:*.tif=01;35:*.tiff=01;35:*.png=01;35:*.svg=01;35:*.svgz=01;35:*.mng=01;35:*.pcx=01;35:*.mov=01;35:*.mpg=01;35:*.mpeg=01;35:*.m2v=01;35:*.mkv=01;35:*.webm=01;35:*.webp=01;35:*.ogm=01;35:*.mp4=01;35:*.m4v=01;35:*.mp4v=01;35:*.vob=01;35:*.qt=01;35:*.nuv=01;35:*.wmv=01;35:*.asf=01;35:*.rm=01;35:*.rmvb=01;35:*.flc=01;35:*.avi=01;35:*.fli=01;35:*.flv=01;35:*.gl=01;35:*.dl=01;35:*.xcf=01;35:*.xwd=01;35:*.yuv=01;35:*.cgm=01;35:*.emf=01;35:*.ogv=01;35:*.ogx=01;35:*.aac=00;36:*.au=00;36:*.flac=00;36:*.m4a=00;36:*.mid=00;36:*.midi=00;36:*.mka=00;36:*.mp3=00;36:*.mpc=00;36:*.ogg=00;36:*.ra=00;36:*.wav=00;36:*.oga=00;36:*.opus=00;36:*.spx=00;36:*.xspf=00;36:', 'VSCODE_GIT_IPC_HANDLE': '/run/user/1000/vscode-git-7233589553.sock', 'TERM_PROGRAM': 'vscode', 'AMENT_PREFIX_PATH': '/home/esraamustafa/path_planning/Path_Planning_Shell_AI/install/shell_interfaces:/opt/ros/humble', 'SHELL': '/bin/bash', 'LESSCLOSE': '/usr/bin/lesspipe %s %s', 'VSCODE_GIT_ASKPASS_EXTRA_ARGS': '', 'PWD': '/home/esraamustafa/path_planning/Path_Planning_Shell_AI/build/shell_test_nodes', 'XDG_DATA_DIRS': '/usr/local/share:/usr/share:/var/lib/snapd/desktop', 'PYTHONPATH': '/home/esraamustafa/path_planning/Path_Planning_Shell_AI/build/shell_test_nodes/prefix_override:/usr/lib/python3/dist-packages/colcon_core/task/python/colcon_distutils_commands:/home/esraamustafa/path_planning/Path_Planning_Shell_AI/install/shell_test_nodes/lib/python3.10/site-packages:/home/esraamustafa/path_planning/Path_Planning_Shell_AI/install/shell_interfaces/local/lib/python3.10/dist-packages:/opt/ros/humble/lib/python3.10/site-packages:/opt/ros/humble/local/lib/python3.10/dist-packages', 'COLCON': '1', 'WSL2_GUI_APPS_ENABLED': '1', 'HOSTTYPE': 'x86_64', 'WSLENV': 'VSCODE_WSL_EXT_LOCATION/up', 'CMAKE_PREFIX_PATH': '/home/esraamustafa/path_planning/Path_Planning_Shell_AI/install/shell_interfaces'}, 'shell': False}
[16.018635] (-) TimerEvent: {}
[16.121805] (-) TimerEvent: {}
[16.188917] (shell_visualization) Command: {'cmd': ['/usr/bin/python3', '-W', 'ignore:setup.py install is deprecated', '-W', 'ignore:easy_install command is deprecated', 'setup.py', 'develop', '--editable', '--build-directory', '/home/esraamustafa/path_planning/Path_Planning_Shell_AI/build/shell_visualization/build', '--no-deps', 'symlink_data'], 'cwd': '/home/esraamustafa/path_planning/Path_Planning_Shell_AI/build/shell_visualization', 'env': {'PYTHON_BASIC_REPL': '1', 'LESSOPEN': '| /usr/bin/lesspipe %s', 'USER': 'esraamustafa', 'GIT_ASKPASS': '/home/esraamustafa/.vscode-server/bin/c9d77990917f3102ada88be140d28b038d1dd7c7/extensions/git/dist/askpass.sh', 'SHLVL': '1', 'LD_LIBRARY_PATH': '/home/esraamustafa/path_planning/Path_Planning_Shell_AI/install/shell_interfaces/lib:/opt/ros/humble/opt/rviz_ogre_vendor/lib:/opt/ros/humble/lib/x86_64-linux-gnu:/opt/ros/humble/lib', 'HOME': '/home/esraamustafa', 'TERM_PROGRAM_VERSION': '1.108.2', 'VSCODE_IPC_HOOK_CLI': '/run/user/1000/vscode-ipc-f6ddf0f4-f152-4d5d-a52e-3f3d08efa81e.sock', 'ROS_PYTHON_VERSION': '3', 'VSCODE_GIT_ASKPASS_MAIN': '/home/esraamustafa/.vscode-server/bin/c9d77990917f3102ada88be140d28b038d1dd7c7/extensions/git/dist/askpass-main.js', 'VSCODE_GIT_ASKPASS_NODE': '/home/esraamustafa/.vscode-server/bin/c9d77990917f3102ada88be140d28b038d1dd7c7/node', 'PYDEVD_DISABLE_FILE_VALIDATION': '1', 'BUNDLED_DEBUGPY_PATH': '/home/esraamustafa/.vscode-server/extensions/ms-python.debugpy-2025.18.0-linux-x64/bundled/libs/debugpy', 'VSCODE_PYTHON_AUTOACTIVATE_GUARD': '1', 'DBUS_SESSION_BUS_ADDRESS': 'unix:path=/run/user/1000/bus', 'COLORTERM': 'truecolor', 'WSL_DISTRO_NAME': 'Ubuntu-22.04', 'WAYLAND_DISPLAY': 'wayland-0', 'ROS_DISTRO': 'humble', 'LOGNAME': 'esraamustafa', 'NAME': 'Esraa', 'WSL_INTEROP': '/run/WSL/465_interop', 'PULSE_SERVER': 'unix:/mnt/wslg/PulseServer', '_': '/usr/bin/colcon', 'ROS_VERSION': '2', 'TERM': 'xterm-256color', 'ROS_LOCALHOST_ONLY': '0', 'PATH': '/home/esraamustafa/.vscode-server/data/User/globalStorage/github.copilot-chat/debugCommand:/home/esraamustafa/.vscode-server/data/User/globalStorage/github.copilot-chat/copilotCli:/home/esraamustafa/.vscode-server/bin/c9d77990917f3102ada88be140d28b038d1dd7c7/bin/remote-cli:/home/esraamustafa/.local/bin:/opt/ros/humble/bin:/usr/local/sbin:/usr/local/bin:/usr/sbin:/usr/bin:/sbin:/bin:/usr/games:/usr/local/games:/usr/lib/wsl/lib:/mnt/c/Program Files/Common Files/Oracle/Java/javapath:/mnt/c/Users/esraa/AppData/Local/Programs/Python/Python312/Scripts/:/mnt/c/Users/esraa/AppData/Local/Programs/Python/Python312/:/mnt/c/WINDOWS/system32:/mnt/c/WINDOWS:/mnt/c/WINDOWS/System32/Wbem:/mnt/c/WINDOWS/System32/WindowsPowerShell/v1.0/:/mnt/c/WINDOWS/System32/OpenSSH/:/mnt/c/Program Files/dotnet/:/mnt/c/Program Files/Git/cmd:/mnt/c/Program Files/nodejs/:/mnt/c/ProgramData/chocolatey/bin:/mnt/c/msys64/mingw64/bin:/mnt/c/Program Files/GitHub CLI/:/mnt/c/Program Files/MATLAB/R2024b/bin:/mnt/c/Program Files (x86)/Microsoft SQL Server/160/Tools/Binn/:/mnt/c/Program Files/Microsoft SQL Server/160/Tools/Binn/:/mnt/c/Program Files/Microsoft SQL Server/Client SDK/ODBC/170/Tools/Binn/:/mnt/c/Program Files/Microsoft SQL Server/160/DTS/Binn/:/mnt/c/Program Files/Microsoft SQL Server/150/Tools/Binn/:/mnt/c/Program Files/CMake/bin:/mnt/c/Program Files/Docker/Docker/resources/bin:/mnt/c/xampp/php/php.exe:/mnt/c/Users/esraa/AppData/Local/Programs/Python/Python314/Scripts/:/mnt/c/Users/esraa/AppData/Local/Programs/Python/Python314/:/mnt/c/Users/esraa/AppData/Local/Programs/Python/Launcher/:/mnt/c/Users/esraa/AppData/Local/Microsoft/WindowsApps:/mnt/c/Users/esraa/AppData/Local/Programs/Microsoft_VS_Code/bin:/mnt/c/Users/esraa/AppData/Local/Microsoft/WinGet/Packages/Schniz.fnm_Microsoft.Winget.Source_8wekyb3d8bbwe:/mnt/c/Users/esraa/AppData/Roaming/npm:/mnt/c/Users/esraa/AppData/Local/GitHubDesktop/bin:/mnt/c/Users/esraa/.dotnet/tools:/mnt/d/IntelliJ IDEA 2024.2.3/bin:/mnt/c/Program Files/JetBrains/IntelliJ IDEA Community Edition 2024.2.3/bin:/mnt/c/Program Files/MongoDB/Server/8.2/bin:/mnt/c/Users/esraa/AppData/Local/Programs/mongosh/:/snap/bin:/home/esraamustafa/.vscode-server/extensions/ms-python.debugpy-2025.18.0-linux-x64/bundled/scripts/noConfigScripts', 'XDG_RUNTIME_DIR': '/run/user/1000/', 'DISPLAY': ':0', 'VSCODE_DEBUGPY_ADAPTER_ENDPOINTS': '/home/esraamustafa/.vscode-server/extensions/ms-python.debugpy-2025.18.0-linux-x64/.noConfigDebugAdapterEndpoints/endpoint-9aa057c463a7ace4.txt', 'LANG': 'C.UTF-8', 'PYTHONSTARTUP': '/home/esraamustafa/.vscode-server/data/User/workspaceStorage/9188cf032e28f409f831a5c4cd4238d1/ms-python.python/pythonrc.py', 'LS_COLORS': 'rs=0:di=01;34:ln=01;36:mh=00:pi=40;33:so=01;35:do=01;35:bd=40;33;01:cd=40;33;01:or=40;31;01:mi=00:su=37;41:sg=30;43:ca=30;41:tw=30;42:ow=34;42:st=37;44:ex=01;32:*.tar=01;31:*.tgz=01;31:*.arc=01;31:*.arj=01;31:*.taz=01;31:*.lha=01;31:*.lz4=01;31:*.lzh=01;31:*.lzma=01;31:*.tlz=01;31:*.txz=01;31:*.tzo=01;31:*.t7z=01;31:*.zip=01;31:*.z=01;31:*.dz=01;31:*.gz=01;31:*.lrz=01;31:*.lz=01;31:*.lzo=01;31:*.xz=01;31:*.zst=01;31:*.tzst=01;31:*.bz2=01;31:*.bz=01;31:*.tbz=01;31:*.tbz2=01;31:*.tz=01;31:*.deb=01;31:*.rpm=01;31:*.jar=01;31:*.war=01;31:*.ear=01;31:*.sar=01;31:*.rar=01;31:*.alz=01;31:*.ace=01;31:*.zoo=01;31:*.cpio=01;31:*.7z=01;31:*.rz=01;31:*.cab=01;31:*.wim=01;31:*.swm=01;31:*.dwm=01;31:*.esd=01;31:*.jpg=01;35:*.jpeg=01;35:*.mjpg=01;35:*.mjpeg=01;35:*.gif=01;35:*.bmp=01;35:*.pbm=01;35:*.pgm=01;35:*.ppm=01;35:*.tga=01;35:*.xbm=01;35:*.xpm=01;35:*.tif=01;35:*.tiff=01;35:*.png=01;35:*.svg=01;35:*.svgz=01;35:*.mng=01;35:*.pcx=01;35:*.mov=01;35:*.mpg=01;35:*.mpeg=01;35:*.m2v=01;35:*.mkv=01;35:*.webm=01;35:*.webp=01;35:*.ogm=01;35:*.mp4=01;35:*.m4v=01;35:*.mp4v=01;35:*.vob=01;35:*.qt=01;35:*.nuv=01;35:*.wmv=01;35:*.asf=01;35:*.rm=01;35:*.rmvb=01;35:*.flc=01;35:*.avi=01;35:*.fli=01;35:*.flv=01;35:*.gl=01;35:*.dl=01;35:*.xcf=01;35:*.xwd=01;35:*.yuv=01;35:*.cgm=01;35:*.emf=01;35:*.ogv=01;35:*.ogx=01;35:*.aac=00;36:*.au=00;36:*.flac=00;36:*.m4a=00;36:*.mid=00;36:*.midi=00;36:*.mka=00;36:*.mp3=00;36:*.mpc=00;36:*.ogg=00;36:*.ra=00;36:*.wav=00;36:*.oga=00;36:*.opus=00;36:*.spx=00;36:*.xspf=00;36:', 'VSCODE_GIT_IPC_HANDLE': '/run/user/1000/vscode-git-7233589553.sock', 'TERM_PROGRAM': 'vscode', 'AMENT_PREFIX_PATH': '/home/esraamustafa/path_planning/Path_Planning_Shell_AI/install/shell_interfaces:/opt/ros/humble', 'SHELL': '/bin/bash', 'LESSCLOSE': '/usr/bin/lesspipe %s %s', 'VSCODE_GIT_ASKPASS_EXTRA_ARGS': '', 'PWD': '/home/esraamustafa/path_planning/Path_Planning_Shell_AI/build/shell_visualization', 'XDG_DATA_DIRS': '/usr/local/share:/usr/share:/var/lib/snapd/desktop', 'PYTHONPATH': '/home/esraamustafa/path_planning/Path_Planning_Shell_AI/build/shell_visualization/prefix_override:/usr/lib/python3/dist-packages/colcon_core/task/python/colcon_distutils_commands:/home/esraamustafa/path_planning/Path_Planning_Shell_AI/install/shell_visualization/lib/python3.10/site-packages:/home/esraamustafa/path_planning/Path_Planning_Shell_AI/install/shell_interfaces/local/lib/python3.10/dist-packages:/opt/ros/humble/lib/python3.10/site-packages:/opt/ros/humble/local/lib/python3.10/dist-packages', 'COLCON': '1', 'WSL2_GUI_APPS_ENABLED': '1', 'HOSTTYPE': 'x86_64', 'WSLENV': 'VSCODE_WSL_EXT_LOCATION/up', 'CMAKE_PREFIX_PATH': '/home/esraamustafa/path_planning/Path_Planning_Shell_AI/install/shell_interfaces'}, 'shell': False}
[16.212878] (shell_test_nodes) StdoutLine: {'line': b'running develop\n'}
[16.222053] (-) TimerEvent: {}
[16.318864] (shell_test_nodes) StdoutLine: {'line': b'running egg_info\n'}
[16.319084] (shell_test_nodes) StdoutLine: {'line': b'creating shell_test_nodes.egg-info\n'}
[16.319519] (shell_test_nodes) StdoutLine: {'line': b'writing shell_test_nodes.egg-info/PKG-INFO\n'}
[16.320034] (shell_test_nodes) StdoutLine: {'line': b'writing dependency_links to shell_test_nodes.egg-info/dependency_links.txt\n'}
[16.320177] (shell_test_nodes) StdoutLine: {'line': b'writing entry points to shell_test_nodes.egg-info/entry_points.txt\n'}
[16.320609] (shell_test_nodes) StdoutLine: {'line': b'writing requirements to shell_test_nodes.egg-info/requires.txt\n'}
[16.320781] (shell_test_nodes) StdoutLine: {'line': b'writing top-level names to shell_test_nodes.egg-info/top_level.txt\n'}
[16.320923] (shell_test_nodes) StdoutLine: {'line': b"writing manifest file 'shell_test_nodes.egg-info/SOURCES.txt'\n"}
[16.321797] (shell_test_nodes) StdoutLine: {'line': b"reading manifest file 'shell_test_nodes.egg-info/SOURCES.txt'\n"}
[16.322206] (shell_test_nodes) StdoutLine: {'line': b"writing manifest file 'shell_test_nodes.egg-info/SOURCES.txt'\n"}
[16.322412] (-) TimerEvent: {}
[16.323366] (shell_test_nodes) StdoutLine: {'line': b'running build_ext\n'}
[16.323576] (shell_test_nodes) StdoutLine: {'line': b'Creating /home/esraamustafa/path_planning/Path_Planning_Shell_AI/install/shell_test_nodes/lib/python3.10/site-packages/shell-test-nodes.egg-link (link to .)\n'}
[16.324290] (shell_test_nodes) StdoutLine: {'line': b'Installing fake_control script to /home/esraamustafa/path_planning/Path_Planning_Shell_AI/install/shell_test_nodes/lib/shell_test_nodes\n'}
[16.324598] (shell_test_nodes) StdoutLine: {'line': b'Installing fake_localization script to /home/esraamustafa/path_planning/Path_Planning_Shell_AI/install/shell_test_nodes/lib/shell_test_nodes\n'}
[16.324777] (shell_test_nodes) StdoutLine: {'line': b'Installing fake_perception script to /home/esraamustafa/path_planning/Path_Planning_Shell_AI/install/shell_test_nodes/lib/shell_test_nodes\n'}
[16.324963] (shell_test_nodes) StdoutLine: {'line': b'Installing fake_supervisor script to /home/esraamustafa/path_planning/Path_Planning_Shell_AI/install/shell_test_nodes/lib/shell_test_nodes\n'}
[16.325420] (shell_test_nodes) StdoutLine: {'line': b'\n'}
[16.325563] (shell_test_nodes) StdoutLine: {'line': b'Installed /home/esraamustafa/path_planning/Path_Planning_Shell_AI/build/shell_test_nodes\n'}
[16.354823] (shell_test_nodes) CommandEnded: {'returncode': 0}
[16.365095] (shell_test_nodes) JobEnded: {'identifier': 'shell_test_nodes', 'rc': 0}
[16.390567] (shell_visualization) StdoutLine: {'line': b'running develop\n'}
[16.423394] (-) TimerEvent: {}
[16.505332] (shell_visualization) StdoutLine: {'line': b'running egg_info\n'}
[16.505642] (shell_visualization) StdoutLine: {'line': b'creating shell_visualization.egg-info\n'}
[16.506008] (shell_visualization) StdoutLine: {'line': b'writing shell_visualization.egg-info/PKG-INFO\n'}
[16.507221] (shell_visualization) StdoutLine: {'line': b'writing dependency_links to shell_visualization.egg-info/dependency_links.txt\n'}
[16.507661] (shell_visualization) StdoutLine: {'line': b'writing entry points to shell_visualization.egg-info/entry_points.txt\n'}
[16.507977] (shell_visualization) StdoutLine: {'line': b'writing requirements to shell_visualization.egg-info/requires.txt\n'}
[16.508408] (shell_visualization) StdoutLine: {'line': b'writing top-level names to shell_visualization.egg-info/top_level.txt\n'}
[16.508834] (shell_visualization) StdoutLine: {'line': b"writing manifest file 'shell_visualization.egg-info/SOURCES.txt'\n"}
[16.511669] (shell_visualization) StdoutLine: {'line': b"reading manifest file 'shell_visualization.egg-info/SOURCES.txt'\n"}
[16.512357] (shell_visualization) StdoutLine: {'line': b"writing manifest file 'shell_visualization.egg-info/SOURCES.txt'\n"}
[16.513537] (shell_visualization) StdoutLine: {'line': b'running build_ext\n'}
[16.514024] (shell_visualization) StdoutLine: {'line': b'Creating /home/esraamustafa/path_planning/Path_Planning_Shell_AI/install/shell_visualization/lib/python3.10/site-packages/shell-visualization.egg-link (link to .)\n'}
[16.514508] (shell_visualization) StdoutLine: {'line': b'Installing planner_visualizer script to /home/esraamustafa/path_planning/Path_Planning_Shell_AI/install/shell_visualization/lib/shell_visualization\n'}
[16.514785] (shell_visualization) StdoutLine: {'line': b'\n'}
[16.514969] (shell_visualization) StdoutLine: {'line': b'Installed /home/esraamustafa/path_planning/Path_Planning_Shell_AI/build/shell_visualization\n'}
[16.515675] (shell_visualization) StdoutLine: {'line': b'running symlink_data\n'}
[16.515749] (shell_visualization) StdoutLine: {'line': b'creating /home/esraamustafa/path_planning/Path_Planning_Shell_AI/install/shell_visualization/share/ament_index\n'}
[16.515796] (shell_visualization) StdoutLine: {'line': b'creating /home/esraamustafa/path_planning/Path_Planning_Shell_AI/install/shell_visualization/share/ament_index/resource_index\n'}
[16.515833] (shell_visualization) StdoutLine: {'line': b'creating /home/esraamustafa/path_planning/Path_Planning_Shell_AI/install/shell_visualization/share/ament_index/resource_index/packages\n'}
[16.515866] (shell_visualization) StdoutLine: {'line': b'symbolically linking /home/esraamustafa/path_planning/Path_Planning_Shell_AI/build/shell_visualization/resource/shell_visualization -> /home/esraamustafa/path_planning/Path_Planning_Shell_AI/install/shell_visualization/share/ament_index/resource_index/packages\n'}
[16.515900] (shell_visualization) StdoutLine: {'line': b'symbolically linking /home/esraamustafa/path_planning/Path_Planning_Shell_AI/build/shell_visualization/package.xml -> /home/esraamustafa/path_planning/Path_Planning_Shell_AI/install/shell_visualization/share/shell_visualization\n'}
[16.523886] (-) TimerEvent: {}
[16.546927] (shell_visualization) CommandEnded: {'returncode': 0}
[16.558560] (shell_visualization) JobEnded: {'identifier': 'shell_visualization', 'rc': 0}
[16.560624] (-) EventReactorShutdown: {}
