[0.000000] (-) TimerEvent: {}
[0.002091] (shell_interfaces) JobQueued: {'identifier': 'shell_interfaces', 'dependencies': OrderedDict()}
[0.002330] (shell_planning) JobQueued: {'identifier': 'shell_planning', 'dependencies': OrderedDict()}
[0.002647] (shell_test_nodes) JobQueued: {'identifier': 'shell_test_nodes', 'dependencies': OrderedDict([('shell_interfaces', '/home/esraamustafa/path_planning/Path_Planning_Shell_AI/ros2_sim/install/shell_interfaces')])}
[0.005940] (shell_visualization) JobQueued: {'identifier': 'shell_visualization', 'dependencies': OrderedDict([('shell_interfaces', '/home/esraamustafa/path_planning/Path_Planning_Shell_AI/ros2_sim/install/shell_interfaces')])}
[0.006182] (shell_interfaces) JobStarted: {'identifier': 'shell_interfaces'}
[0.038082] (shell_planning) JobStarted: {'identifier': 'shell_planning'}
[0.073237] (shell_interfaces) JobProgress: {'identifier': 'shell_interfaces', 'progress': 'cmake'}
[0.080671] (shell_interfaces) Command: {'cmd': ['/usr/bin/cmake', '/home/esraamustafa/path_planning/Path_Planning_Shell_AI/ros2_sim/src/shell_interfaces', '-DAMENT_CMAKE_SYMLINK_INSTALL=1', '-DCMAKE_INSTALL_PREFIX=/home/esraamustafa/path_planning/Path_Planning_Shell_AI/ros2_sim/install/shell_interfaces'], 'cwd': '/home/esraamustafa/path_planning/Path_Planning_Shell_AI/ros2_sim/build/shell_interfaces', 'env': OrderedDict([('PYTHON_BASIC_REPL', '1'), ('LESSOPEN', '| /usr/bin/lesspipe %s'), ('USER', 'esraamustafa'), ('GIT_ASKPASS', '/home/esraamustafa/.vscode-server/bin/b6a47e94e326b5c209d118cf0f994d6065585705/extensions/git/dist/askpass.sh'), ('SHLVL', '1'), ('LD_LIBRARY_PATH', '/home/esraamustafa/path_planning/Path_Planning_Shell_AI/ros2_sim/install/shell_interfaces/lib:/opt/ros/humble/opt/rviz_ogre_vendor/lib:/opt/ros/humble/lib/x86_64-linux-gnu:/opt/ros/humble/lib'), ('MOTD_SHOWN', 'update-motd'), ('HOME', '/home/esraamustafa'), ('OLDPWD', '/home/esraamustafa/path_planning/Path_Planning_Shell_AI/ros2_sim'), ('TERM_PROGRAM_VERSION', '1.109.3'), ('VSCODE_IPC_HOOK_CLI', '/run/user/1000/vscode-ipc-5ac49f20-aa14-42e3-b735-676b2c2c419b.sock'), ('ROS_PYTHON_VERSION', '3'), ('VSCODE_GIT_ASKPASS_MAIN', '/home/esraamustafa/.vscode-server/bin/b6a47e94e326b5c209d118cf0f994d6065585705/extensions/git/dist/askpass-main.js'), ('VSCODE_GIT_ASKPASS_NODE', '/home/esraamustafa/.vscode-server/bin/b6a47e94e326b5c209d118cf0f994d6065585705/node'), ('PYDEVD_DISABLE_FILE_VALIDATION', '1'), ('BUNDLED_DEBUGPY_PATH', '/home/esraamustafa/.vscode-server/extensions/ms-python.debugpy-2025.18.0-linux-x64/bundled/libs/debugpy'), ('VSCODE_PYTHON_AUTOACTIVATE_GUARD', '1'), ('DBUS_SESSION_BUS_ADDRESS', 'unix:path=/run/user/1000/bus'), ('COLORTERM', 'truecolor'), ('WSL_DISTRO_NAME', 'Ubuntu-22.04'), ('WAYLAND_DISPLAY', 'wayland-0'), ('COLCON_PREFIX_PATH', '/home/esraamustafa/path_planning/Path_Planning_Shell_AI/ros2_sim/install'), ('ROS_DISTRO', 'humble'), ('LOGNAME', 'esraamustafa'), ('NAME', 'Esraa'), ('WSL_INTEROP', '/run/WSL/373_interop'), ('PULSE_SERVER', 'unix:/mnt/wslg/PulseServer'), ('_', '/usr/bin/colcon'), ('ROS_VERSION', '2'), ('TERM', 'xterm-256color'), ('ROS_LOCALHOST_ONLY', '0'), ('PATH', '/home/esraamustafa/.vscode-server/data/User/globalStorage/github.copilot-chat/debugCommand:/home/esraamustafa/.vscode-server/data/User/globalStorage/github.copilot-chat/copilotCli:/home/esraamustafa/.vscode-server/bin/b6a47e94e326b5c209d118cf0f994d6065585705/bin/remote-cli:/home/esraamustafa/.local/bin:/opt/ros/humble/bin:/usr/local/sbin:/usr/local/bin:/usr/sbin:/usr/bin:/sbin:/bin:/usr/games:/usr/local/games:/usr/lib/wsl/lib:/mnt/c/Program Files/Common Files/Oracle/Java/javapath:/mnt/c/Users/esraa/AppData/Local/Programs/Python/Python312/Scripts/:/mnt/c/Users/esraa/AppData/Local/Programs/Python/Python312/:/mnt/c/WINDOWS/system32:/mnt/c/WINDOWS:/mnt/c/WINDOWS/System32/Wbem:/mnt/c/WINDOWS/System32/WindowsPowerShell/v1.0/:/mnt/c/WINDOWS/System32/OpenSSH/:/mnt/c/Program Files/dotnet/:/mnt/c/Program Files/Git/cmd:/mnt/c/Program Files/nodejs/:/mnt/c/ProgramData/chocolatey/bin:/mnt/c/msys64/mingw64/bin:/mnt/c/Program Files/GitHub CLI/:/mnt/c/Program Files/MATLAB/R2024b/bin:/mnt/c/Program Files (x86)/Microsoft SQL Server/160/Tools/Binn/:/mnt/c/Program Files/Microsoft SQL Server/160/Tools/Binn/:/mnt/c/Program Files/Microsoft SQL Server/Client SDK/ODBC/170/Tools/Binn/:/mnt/c/Program Files/Microsoft SQL Server/160/DTS/Binn/:/mnt/c/Program Files/Microsoft SQL Server/150/Tools/Binn/:/mnt/c/Program Files/CMake/bin:/mnt/c/Program Files/Docker/Docker/resources/bin:/mnt/c/xampp/php/php.exe:/mnt/c/Users/esraa/AppData/Local/Programs/Python/Python314/Scripts/:/mnt/c/Users/esraa/AppData/Local/Programs/Python/Python314/:/mnt/c/Users/esraa/AppData/Local/Programs/Python/Launcher/:/mnt/c/Users/esraa/AppData/Local/Microsoft/WindowsApps:/mnt/c/Users/esraa/AppData/Local/Programs/Microsoft_VS_Code/bin:/mnt/c/Users/esraa/AppData/Local/Microsoft/WinGet/Packages/Schniz.fnm_Microsoft.Winget.Source_8wekyb3d8bbwe:/mnt/c/Users/esraa/AppData/Roaming/npm:/mnt/c/Users/esraa/AppData/Local/GitHubDesktop/bin:/mnt/c/Users/esraa/.dotnet/tools:/mnt/d/IntelliJ IDEA 2024.2.3/bin:/mnt/c/Program Files/JetBrains/IntelliJ IDEA Community Edition 2024.2.3/bin:/mnt/c/Program Files/MongoDB/Server/8.2/bin:/mnt/c/Users/esraa/AppData/Local/Programs/mongosh/:/snap/bin:/home/esraamustafa/.vscode-server/extensions/ms-python.debugpy-2025.18.0-linux-x64/bundled/scripts/noConfigScripts'), ('XDG_RUNTIME_DIR', '/run/user/1000/'), ('DISPLAY', ':0'), ('VSCODE_DEBUGPY_ADAPTER_ENDPOINTS', '/home/esraamustafa/.vscode-server/extensions/ms-python.debugpy-2025.18.0-linux-x64/.noConfigDebugAdapterEndpoints/endpoint-9aa057c463a7ace4.txt'), ('LANG', 'C.UTF-8'), ('PYTHONSTARTUP', '/home/esraamustafa/.vscode-server/data/User/workspaceStorage/9188cf032e28f409f831a5c4cd4238d1/ms-python.python/pythonrc.py'), ('LS_COLORS', 'rs=0:di=01;34:ln=01;36:mh=00:pi=40;33:so=01;35:do=01;35:bd=40;33;01:cd=40;33;01:or=40;31;01:mi=00:su=37;41:sg=30;43:ca=30;41:tw=30;42:ow=34;42:st=37;44:ex=01;32:*.tar=01;31:*.tgz=01;31:*.arc=01;31:*.arj=01;31:*.taz=01;31:*.lha=01;31:*.lz4=01;31:*.lzh=01;31:*.lzma=01;31:*.tlz=01;31:*.txz=01;31:*.tzo=01;31:*.t7z=01;31:*.zip=01;31:*.z=01;31:*.dz=01;31:*.gz=01;31:*.lrz=01;31:*.lz=01;31:*.lzo=01;31:*.xz=01;31:*.zst=01;31:*.tzst=01;31:*.bz2=01;31:*.bz=01;31:*.tbz=01;31:*.tbz2=01;31:*.tz=01;31:*.deb=01;31:*.rpm=01;31:*.jar=01;31:*.war=01;31:*.ear=01;31:*.sar=01;31:*.rar=01;31:*.alz=01;31:*.ace=01;31:*.zoo=01;31:*.cpio=01;31:*.7z=01;31:*.rz=01;31:*.cab=01;31:*.wim=01;31:*.swm=01;31:*.dwm=01;31:*.esd=01;31:*.jpg=01;35:*.jpeg=01;35:*.mjpg=01;35:*.mjpeg=01;35:*.gif=01;35:*.bmp=01;35:*.pbm=01;35:*.pgm=01;35:*.ppm=01;35:*.tga=01;35:*.xbm=01;35:*.xpm=01;35:*.tif=01;35:*.tiff=01;35:*.png=01;35:*.svg=01;35:*.svgz=01;35:*.mng=01;35:*.pcx=01;35:*.mov=01;35:*.mpg=01;35:*.mpeg=01;35:*.m2v=01;35:*.mkv=01;35:*.webm=01;35:*.webp=01;35:*.ogm=01;35:*.mp4=01;35:*.m4v=01;35:*.mp4v=01;35:*.vob=01;35:*.qt=01;35:*.nuv=01;35:*.wmv=01;35:*.asf=01;35:*.rm=01;35:*.rmvb=01;35:*.flc=01;35:*.avi=01;35:*.fli=01;35:*.flv=01;35:*.gl=01;35:*.dl=01;35:*.xcf=01;35:*.xwd=01;35:*.yuv=01;35:*.cgm=01;35:*.emf=01;35:*.ogv=01;35:*.ogx=01;35:*.aac=00;36:*.au=00;36:*.flac=00;36:*.m4a=00;36:*.mid=00;36:*.midi=00;36:*.mka=00;36:*.mp3=00;36:*.mpc=00;36:*.ogg=00;36:*.ra=00;36:*.wav=00;36:*.oga=00;36:*.opus=00;36:*.spx=00;36:*.xspf=00;36:'), ('VSCODE_GIT_IPC_HANDLE', '/run/user/1000/vscode-git-7233589553.sock'), ('TERM_PROGRAM', 'vscode'), ('AMENT_PREFIX_PATH', '/home/esraamustafa/path_planning/Path_Planning_Shell_AI/ros2_sim/install/shell_visualization:/home/esraamustafa/path_planning/Path_Planning_Shell_AI/ros2_sim/install/shell_test_nodes:/home/esraamustafa/path_planning/Path_Planning_Shell_AI/ros2_sim/install/shell_planning:/home/esraamustafa/path_planning/Path_Planning_Shell_AI/ros2_sim/install/shell_interfaces:/opt/ros/humble'), ('SHELL', '/bin/bash'), ('LESSCLOSE', '/usr/bin/lesspipe %s %s'), ('VSCODE_GIT_ASKPASS_EXTRA_ARGS', ''), ('PWD', '/home/esraamustafa/path_planning/Path_Planning_Shell_AI/ros2_sim/build/shell_interfaces'), ('XDG_DATA_DIRS', '/usr/local/share:/usr/share:/var/lib/snapd/desktop'), ('PYTHONPATH', '/home/esraamustafa/path_planning/Path_Planning_Shell_AI/ros2_sim/build/shell_visualization:/home/esraamustafa/path_planning/Path_Planning_Shell_AI/ros2_sim/install/shell_visualization/lib/python3.10/site-packages:/home/esraamustafa/path_planning/Path_Planning_Shell_AI/ros2_sim/build/shell_test_nodes:/home/esraamustafa/path_planning/Path_Planning_Shell_AI/ros2_sim/install/shell_test_nodes/lib/python3.10/site-packages:/home/esraamustafa/path_planning/Path_Planning_Shell_AI/ros2_sim/build/shell_planning:/home/esraamustafa/path_planning/Path_Planning_Shell_AI/ros2_sim/install/shell_planning/lib/python3.10/site-packages:/home/esraamustafa/path_planning/Path_Planning_Shell_AI/ros2_sim/install/shell_interfaces/local/lib/python3.10/dist-packages:/opt/ros/humble/lib/python3.10/site-packages:/opt/ros/humble/local/lib/python3.10/dist-packages'), ('COLCON', '1'), ('WSL2_GUI_APPS_ENABLED', '1'), ('HOSTTYPE', 'x86_64'), ('CMAKE_PREFIX_PATH', '/home/esraamustafa/path_planning/Path_Planning_Shell_AI/ros2_sim/install/shell_interfaces:/home/esraamustafa/path_planning/Path_Planning_Shell_AI/ros2_sim/install/shell_visualization:/home/esraamustafa/path_planning/Path_Planning_Shell_AI/ros2_sim/install/shell_test_nodes:/home/esraamustafa/path_planning/Path_Planning_Shell_AI/ros2_sim/install/shell_planning:/opt/ros/humble'), ('WSLENV', 'VSCODE_WSL_EXT_LOCATION/up:VSCODE_SERVER_TAR/up')]), 'shell': False}
[0.099733] (-) TimerEvent: {}
[0.200379] (-) TimerEvent: {}
[0.300931] (-) TimerEvent: {}
[0.401512] (-) TimerEvent: {}
[0.502175] (-) TimerEvent: {}
[0.602838] (-) TimerEvent: {}
[0.703480] (-) TimerEvent: {}
[0.804100] (-) TimerEvent: {}
[0.904941] (-) TimerEvent: {}
[1.005565] (-) TimerEvent: {}
[1.106290] (-) TimerEvent: {}
[1.207208] (-) TimerEvent: {}
[1.308041] (-) TimerEvent: {}
[1.408924] (-) TimerEvent: {}
[1.509722] (-) TimerEvent: {}
[1.610305] (-) TimerEvent: {}
[1.710799] (-) TimerEvent: {}
[1.789712] (shell_planning) Command: {'cmd': ['/usr/bin/python3', '-W', 'ignore:setup.py install is deprecated', '-W', 'ignore:easy_install command is deprecated', 'setup.py', 'develop', '--editable', '--build-directory', '/home/esraamustafa/path_planning/Path_Planning_Shell_AI/ros2_sim/build/shell_planning/build', '--no-deps', 'symlink_data'], 'cwd': '/home/esraamustafa/path_planning/Path_Planning_Shell_AI/ros2_sim/build/shell_planning', 'env': {'PYTHON_BASIC_REPL': '1', 'LESSOPEN': '| /usr/bin/lesspipe %s', 'USER': 'esraamustafa', 'GIT_ASKPASS': '/home/esraamustafa/.vscode-server/bin/b6a47e94e326b5c209d118cf0f994d6065585705/extensions/git/dist/askpass.sh', 'SHLVL': '1', 'LD_LIBRARY_PATH': '/home/esraamustafa/path_planning/Path_Planning_Shell_AI/ros2_sim/install/shell_interfaces/lib:/opt/ros/humble/opt/rviz_ogre_vendor/lib:/opt/ros/humble/lib/x86_64-linux-gnu:/opt/ros/humble/lib', 'MOTD_SHOWN': 'update-motd', 'HOME': '/home/esraamustafa', 'OLDPWD': '/home/esraamustafa/path_planning/Path_Planning_Shell_AI/ros2_sim', 'TERM_PROGRAM_VERSION': '1.109.3', 'VSCODE_IPC_HOOK_CLI': '/run/user/1000/vscode-ipc-5ac49f20-aa14-42e3-b735-676b2c2c419b.sock', 'ROS_PYTHON_VERSION': '3', 'VSCODE_GIT_ASKPASS_MAIN': '/home/esraamustafa/.vscode-server/bin/b6a47e94e326b5c209d118cf0f994d6065585705/extensions/git/dist/askpass-main.js', 'VSCODE_GIT_ASKPASS_NODE': '/home/esraamustafa/.vscode-server/bin/b6a47e94e326b5c209d118cf0f994d6065585705/node', 'PYDEVD_DISABLE_FILE_VALIDATION': '1', 'BUNDLED_DEBUGPY_PATH': '/home/esraamustafa/.vscode-server/extensions/ms-python.debugpy-2025.18.0-linux-x64/bundled/libs/debugpy', 'VSCODE_PYTHON_AUTOACTIVATE_GUARD': '1', 'DBUS_SESSION_BUS_ADDRESS': 'unix:path=/run/user/1000/bus', 'COLORTERM': 'truecolor', 'WSL_DISTRO_NAME': 'Ubuntu-22.04', 'WAYLAND_DISPLAY': 'wayland-0', 'COLCON_PREFIX_PATH': '/home/esraamustafa/path_planning/Path_Planning_Shell_AI/ros2_sim/install', 'ROS_DISTRO': 'humble', 'LOGNAME': 'esraamustafa', 'NAME': 'Esraa', 'WSL_INTEROP': '/run/WSL/373_interop', 'PULSE_SERVER': 'unix:/mnt/wslg/PulseServer', '_': '/usr/bin/colcon', 'ROS_VERSION': '2', 'TERM': 'xterm-256color', 'ROS_LOCALHOST_ONLY': '0', 'PATH': '/home/esraamustafa/.vscode-server/data/User/globalStorage/github.copilot-chat/debugCommand:/home/esraamustafa/.vscode-server/data/User/globalStorage/github.copilot-chat/copilotCli:/home/esraamustafa/.vscode-server/bin/b6a47e94e326b5c209d118cf0f994d6065585705/bin/remote-cli:/home/esraamustafa/.local/bin:/opt/ros/humble/bin:/usr/local/sbin:/usr/local/bin:/usr/sbin:/usr/bin:/sbin:/bin:/usr/games:/usr/local/games:/usr/lib/wsl/lib:/mnt/c/Program Files/Common Files/Oracle/Java/javapath:/mnt/c/Users/esraa/AppData/Local/Programs/Python/Python312/Scripts/:/mnt/c/Users/esraa/AppData/Local/Programs/Python/Python312/:/mnt/c/WINDOWS/system32:/mnt/c/WINDOWS:/mnt/c/WINDOWS/System32/Wbem:/mnt/c/WINDOWS/System32/WindowsPowerShell/v1.0/:/mnt/c/WINDOWS/System32/OpenSSH/:/mnt/c/Program Files/dotnet/:/mnt/c/Program Files/Git/cmd:/mnt/c/Program Files/nodejs/:/mnt/c/ProgramData/chocolatey/bin:/mnt/c/msys64/mingw64/bin:/mnt/c/Program Files/GitHub CLI/:/mnt/c/Program Files/MATLAB/R2024b/bin:/mnt/c/Program Files (x86)/Microsoft SQL Server/160/Tools/Binn/:/mnt/c/Program Files/Microsoft SQL Server/160/Tools/Binn/:/mnt/c/Program Files/Microsoft SQL Server/Client SDK/ODBC/170/Tools/Binn/:/mnt/c/Program Files/Microsoft SQL Server/160/DTS/Binn/:/mnt/c/Program Files/Microsoft SQL Server/150/Tools/Binn/:/mnt/c/Program Files/CMake/bin:/mnt/c/Program Files/Docker/Docker/resources/bin:/mnt/c/xampp/php/php.exe:/mnt/c/Users/esraa/AppData/Local/Programs/Python/Python314/Scripts/:/mnt/c/Users/esraa/AppData/Local/Programs/Python/Python314/:/mnt/c/Users/esraa/AppData/Local/Programs/Python/Launcher/:/mnt/c/Users/esraa/AppData/Local/Microsoft/WindowsApps:/mnt/c/Users/esraa/AppData/Local/Programs/Microsoft_VS_Code/bin:/mnt/c/Users/esraa/AppData/Local/Microsoft/WinGet/Packages/Schniz.fnm_Microsoft.Winget.Source_8wekyb3d8bbwe:/mnt/c/Users/esraa/AppData/Roaming/npm:/mnt/c/Users/esraa/AppData/Local/GitHubDesktop/bin:/mnt/c/Users/esraa/.dotnet/tools:/mnt/d/IntelliJ IDEA 2024.2.3/bin:/mnt/c/Program Files/JetBrains/IntelliJ IDEA Community Edition 2024.2.3/bin:/mnt/c/Program Files/MongoDB/Server/8.2/bin:/mnt/c/Users/esraa/AppData/Local/Programs/mongosh/:/snap/bin:/home/esraamustafa/.vscode-server/extensions/ms-python.debugpy-2025.18.0-linux-x64/bundled/scripts/noConfigScripts', 'XDG_RUNTIME_DIR': '/run/user/1000/', 'DISPLAY': ':0', 'VSCODE_DEBUGPY_ADAPTER_ENDPOINTS': '/home/esraamustafa/.vscode-server/extensions/ms-python.debugpy-2025.18.0-linux-x64/.noConfigDebugAdapterEndpoints/endpoint-9aa057c463a7ace4.txt', 'LANG': 'C.UTF-8', 'PYTHONSTARTUP': '/home/esraamustafa/.vscode-server/data/User/workspaceStorage/9188cf032e28f409f831a5c4cd4238d1/ms-python.python/pythonrc.py', 'LS_COLORS': 'rs=0:di=01;34:ln=01;36:mh=00:pi=40;33:so=01;35:do=01;35:bd=40;33;01:cd=40;33;01:or=40;31;01:mi=00:su=37;41:sg=30;43:ca=30;41:tw=30;42:ow=34;42:st=37;44:ex=01;32:*.tar=01;31:*.tgz=01;31:*.arc=01;31:*.arj=01;31:*.taz=01;31:*.lha=01;31:*.lz4=01;31:*.lzh=01;31:*.lzma=01;31:*.tlz=01;31:*.txz=01;31:*.tzo=01;31:*.t7z=01;31:*.zip=01;31:*.z=01;31:*.dz=01;31:*.gz=01;31:*.lrz=01;31:*.lz=01;31:*.lzo=01;31:*.xz=01;31:*.zst=01;31:*.tzst=01;31:*.bz2=01;31:*.bz=01;31:*.tbz=01;31:*.tbz2=01;31:*.tz=01;31:*.deb=01;31:*.rpm=01;31:*.jar=01;31:*.war=01;31:*.ear=01;31:*.sar=01;31:*.rar=01;31:*.alz=01;31:*.ace=01;31:*.zoo=01;31:*.cpio=01;31:*.7z=01;31:*.rz=01;31:*.cab=01;31:*.wim=01;31:*.swm=01;31:*.dwm=01;31:*.esd=01;31:*.jpg=01;35:*.jpeg=01;35:*.mjpg=01;35:*.mjpeg=01;35:*.gif=01;35:*.bmp=01;35:*.pbm=01;35:*.pgm=01;35:*.ppm=01;35:*.tga=01;35:*.xbm=01;35:*.xpm=01;35:*.tif=01;35:*.tiff=01;35:*.png=01;35:*.svg=01;35:*.svgz=01;35:*.mng=01;35:*.pcx=01;35:*.mov=01;35:*.mpg=01;35:*.mpeg=01;35:*.m2v=01;35:*.mkv=01;35:*.webm=01;35:*.webp=01;35:*.ogm=01;35:*.mp4=01;35:*.m4v=01;35:*.mp4v=01;35:*.vob=01;35:*.qt=01;35:*.nuv=01;35:*.wmv=01;35:*.asf=01;35:*.rm=01;35:*.rmvb=01;35:*.flc=01;35:*.avi=01;35:*.fli=01;35:*.flv=01;35:*.gl=01;35:*.dl=01;35:*.xcf=01;35:*.xwd=01;35:*.yuv=01;35:*.cgm=01;35:*.emf=01;35:*.ogv=01;35:*.ogx=01;35:*.aac=00;36:*.au=00;36:*.flac=00;36:*.m4a=00;36:*.mid=00;36:*.midi=00;36:*.mka=00;36:*.mp3=00;36:*.mpc=00;36:*.ogg=00;36:*.ra=00;36:*.wav=00;36:*.oga=00;36:*.opus=00;36:*.spx=00;36:*.xspf=00;36:', 'VSCODE_GIT_IPC_HANDLE': '/run/user/1000/vscode-git-7233589553.sock', 'TERM_PROGRAM': 'vscode', 'AMENT_PREFIX_PATH': '/home/esraamustafa/path_planning/Path_Planning_Shell_AI/ros2_sim/install/shell_visualization:/home/esraamustafa/path_planning/Path_Planning_Shell_AI/ros2_sim/install/shell_test_nodes:/home/esraamustafa/path_planning/Path_Planning_Shell_AI/ros2_sim/install/shell_planning:/home/esraamustafa/path_planning/Path_Planning_Shell_AI/ros2_sim/install/shell_interfaces:/opt/ros/humble', 'SHELL': '/bin/bash', 'LESSCLOSE': '/usr/bin/lesspipe %s %s', 'VSCODE_GIT_ASKPASS_EXTRA_ARGS': '', 'PWD': '/home/esraamustafa/path_planning/Path_Planning_Shell_AI/ros2_sim/build/shell_planning', 'XDG_DATA_DIRS': '/usr/local/share:/usr/share:/var/lib/snapd/desktop', 'PYTHONPATH': '/home/esraamustafa/path_planning/Path_Planning_Shell_AI/ros2_sim/build/shell_planning/prefix_override:/usr/lib/python3/dist-packages/colcon_core/task/python/colcon_distutils_commands:/home/esraamustafa/path_planning/Path_Planning_Shell_AI/ros2_sim/install/shell_planning/lib/python3.10/site-packages:/home/esraamustafa/path_planning/Path_Planning_Shell_AI/ros2_sim/build/shell_visualization:/home/esraamustafa/path_planning/Path_Planning_Shell_AI/ros2_sim/install/shell_visualization/lib/python3.10/site-packages:/home/esraamustafa/path_planning/Path_Planning_Shell_AI/ros2_sim/build/shell_test_nodes:/home/esraamustafa/path_planning/Path_Planning_Shell_AI/ros2_sim/install/shell_test_nodes/lib/python3.10/site-packages:/home/esraamustafa/path_planning/Path_Planning_Shell_AI/ros2_sim/build/shell_planning:/home/esraamustafa/path_planning/Path_Planning_Shell_AI/ros2_sim/install/shell_planning/lib/python3.10/site-packages:/home/esraamustafa/path_planning/Path_Planning_Shell_AI/ros2_sim/install/shell_interfaces/local/lib/python3.10/dist-packages:/opt/ros/humble/lib/python3.10/site-packages:/opt/ros/humble/local/lib/python3.10/dist-packages', 'COLCON': '1', 'WSL2_GUI_APPS_ENABLED': '1', 'HOSTTYPE': 'x86_64', 'CMAKE_PREFIX_PATH': '/home/esraamustafa/path_planning/Path_Planning_Shell_AI/ros2_sim/install/shell_interfaces', 'WSLENV': 'VSCODE_WSL_EXT_LOCATION/up:VSCODE_SERVER_TAR/up'}, 'shell': False}
[1.811194] (-) TimerEvent: {}
[1.911891] (-) TimerEvent: {}
[2.012414] (-) TimerEvent: {}
[2.113082] (-) TimerEvent: {}
[2.219562] (-) TimerEvent: {}
[2.316478] (shell_planning) StdoutLine: {'line': b'running develop\n'}
[2.319823] (-) TimerEvent: {}
[2.420617] (-) TimerEvent: {}
[2.521174] (-) TimerEvent: {}
[2.621936] (-) TimerEvent: {}
[2.722887] (-) TimerEvent: {}
[2.766973] (shell_planning) StdoutLine: {'line': b'running egg_info\n'}
[2.772768] (shell_planning) StdoutLine: {'line': b'creating shell_planning.egg-info\n'}
[2.773209] (shell_planning) StdoutLine: {'line': b'writing shell_planning.egg-info/PKG-INFO\n'}
[2.773443] (shell_planning) StdoutLine: {'line': b'writing dependency_links to shell_planning.egg-info/dependency_links.txt\n'}
[2.773645] (shell_planning) StdoutLine: {'line': b'writing entry points to shell_planning.egg-info/entry_points.txt\n'}
[2.773924] (shell_planning) StdoutLine: {'line': b'writing requirements to shell_planning.egg-info/requires.txt\n'}
[2.774196] (shell_planning) StdoutLine: {'line': b'writing top-level names to shell_planning.egg-info/top_level.txt\n'}
[2.774408] (shell_planning) StdoutLine: {'line': b"writing manifest file 'shell_planning.egg-info/SOURCES.txt'\n"}
[2.775842] (shell_planning) StdoutLine: {'line': b"reading manifest file 'shell_planning.egg-info/SOURCES.txt'\n"}
[2.777846] (shell_planning) StdoutLine: {'line': b"writing manifest file 'shell_planning.egg-info/SOURCES.txt'\n"}
[2.782562] (shell_planning) StdoutLine: {'line': b'running build_ext\n'}
[2.784146] (shell_planning) StdoutLine: {'line': b'Creating /home/esraamustafa/path_planning/Path_Planning_Shell_AI/ros2_sim/install/shell_planning/lib/python3.10/site-packages/shell-planning.egg-link (link to .)\n'}
[2.785561] (shell_planning) StdoutLine: {'line': b'Installing global_planner script to /home/esraamustafa/path_planning/Path_Planning_Shell_AI/ros2_sim/install/shell_planning/lib/shell_planning\n'}
[2.790874] (shell_planning) StdoutLine: {'line': b'Installing local_planner script to /home/esraamustafa/path_planning/Path_Planning_Shell_AI/ros2_sim/install/shell_planning/lib/shell_planning\n'}
[2.792511] (shell_planning) StdoutLine: {'line': b'\n'}
[2.793426] (shell_planning) StdoutLine: {'line': b'Installed /home/esraamustafa/path_planning/Path_Planning_Shell_AI/ros2_sim/build/shell_planning\n'}
[2.793782] (shell_planning) StdoutLine: {'line': b'running symlink_data\n'}
[2.799647] (shell_planning) StdoutLine: {'line': b'creating /home/esraamustafa/path_planning/Path_Planning_Shell_AI/ros2_sim/install/shell_planning/share/ament_index\n'}
[2.800054] (shell_planning) StdoutLine: {'line': b'creating /home/esraamustafa/path_planning/Path_Planning_Shell_AI/ros2_sim/install/shell_planning/share/ament_index/resource_index\n'}
[2.800204] (shell_planning) StdoutLine: {'line': b'creating /home/esraamustafa/path_planning/Path_Planning_Shell_AI/ros2_sim/install/shell_planning/share/ament_index/resource_index/packages\n'}
[2.800309] (shell_planning) StdoutLine: {'line': b'symbolically linking /home/esraamustafa/path_planning/Path_Planning_Shell_AI/ros2_sim/build/shell_planning/resource/shell_planning -> /home/esraamustafa/path_planning/Path_Planning_Shell_AI/ros2_sim/install/shell_planning/share/ament_index/resource_index/packages\n'}
[2.800429] (shell_planning) StdoutLine: {'line': b'symbolically linking /home/esraamustafa/path_planning/Path_Planning_Shell_AI/ros2_sim/build/shell_planning/package.xml -> /home/esraamustafa/path_planning/Path_Planning_Shell_AI/ros2_sim/install/shell_planning/share/shell_planning\n'}
[2.800558] (shell_planning) StdoutLine: {'line': b'creating /home/esraamustafa/path_planning/Path_Planning_Shell_AI/ros2_sim/install/shell_planning/share/shell_planning/launch\n'}
[2.800776] (shell_planning) StdoutLine: {'line': b'symbolically linking /home/esraamustafa/path_planning/Path_Planning_Shell_AI/ros2_sim/build/shell_planning/launch/simulation.launch.py -> /home/esraamustafa/path_planning/Path_Planning_Shell_AI/ros2_sim/install/shell_planning/share/shell_planning/launch\n'}
[2.823121] (-) TimerEvent: {}
[2.879297] (shell_planning) CommandEnded: {'returncode': 0}
[2.926814] (-) TimerEvent: {}
[2.971216] (shell_planning) JobEnded: {'identifier': 'shell_planning', 'rc': 0}
[3.027085] (-) TimerEvent: {}
[3.127891] (-) TimerEvent: {}
[3.228540] (-) TimerEvent: {}
[3.272263] (shell_interfaces) StdoutLine: {'line': b'-- The C compiler identification is GNU 11.4.0\n'}
[3.328821] (-) TimerEvent: {}
[3.429711] (-) TimerEvent: {}
[3.531060] (-) TimerEvent: {}
[3.631787] (-) TimerEvent: {}
[3.732474] (-) TimerEvent: {}
[3.833612] (-) TimerEvent: {}
[3.934930] (-) TimerEvent: {}
[4.035799] (-) TimerEvent: {}
[4.136603] (-) TimerEvent: {}
[4.237668] (-) TimerEvent: {}
[4.338269] (-) TimerEvent: {}
[4.438861] (-) TimerEvent: {}
[4.539531] (-) TimerEvent: {}
[4.640248] (-) TimerEvent: {}
[4.741133] (-) TimerEvent: {}
[4.841988] (-) TimerEvent: {}
[4.943044] (-) TimerEvent: {}
[5.043816] (-) TimerEvent: {}
[5.144736] (-) TimerEvent: {}
[5.245259] (-) TimerEvent: {}
[5.345967] (-) TimerEvent: {}
[5.446691] (-) TimerEvent: {}
[5.547457] (-) TimerEvent: {}
[5.648087] (-) TimerEvent: {}
[5.748805] (-) TimerEvent: {}
[5.850776] (-) TimerEvent: {}
[5.951620] (-) TimerEvent: {}
[6.052327] (-) TimerEvent: {}
[6.153251] (-) TimerEvent: {}
[6.253867] (-) TimerEvent: {}
[6.354614] (-) TimerEvent: {}
[6.455338] (-) TimerEvent: {}
[6.555998] (-) TimerEvent: {}
[6.656760] (-) TimerEvent: {}
[6.757603] (-) TimerEvent: {}
[6.858215] (-) TimerEvent: {}
[6.958879] (-) TimerEvent: {}
[7.059471] (-) TimerEvent: {}
[7.160031] (-) TimerEvent: {}
[7.260825] (-) TimerEvent: {}
[7.361551] (-) TimerEvent: {}
[7.462405] (-) TimerEvent: {}
[7.563250] (-) TimerEvent: {}
[7.663862] (-) TimerEvent: {}
[7.764776] (-) TimerEvent: {}
[7.865516] (-) TimerEvent: {}
[7.966039] (-) TimerEvent: {}
[8.066683] (-) TimerEvent: {}
[8.167192] (-) TimerEvent: {}
[8.267889] (-) TimerEvent: {}
[8.368724] (-) TimerEvent: {}
[8.469403] (-) TimerEvent: {}
[8.569966] (-) TimerEvent: {}
[8.670542] (-) TimerEvent: {}
[8.770960] (-) TimerEvent: {}
[8.871581] (-) TimerEvent: {}
[8.883817] (shell_interfaces) StdoutLine: {'line': b'-- The CXX compiler identification is GNU 11.4.0\n'}
[8.971753] (-) TimerEvent: {}
[9.072302] (-) TimerEvent: {}
[9.172939] (-) TimerEvent: {}
[9.273566] (-) TimerEvent: {}
[9.374082] (-) TimerEvent: {}
[9.474885] (-) TimerEvent: {}
[9.575356] (-) TimerEvent: {}
[9.676049] (-) TimerEvent: {}
[9.776470] (-) TimerEvent: {}
[9.876919] (-) TimerEvent: {}
[9.977620] (-) TimerEvent: {}
[10.077965] (-) TimerEvent: {}
[10.178720] (-) TimerEvent: {}
[10.279364] (-) TimerEvent: {}
[10.379916] (-) TimerEvent: {}
[10.480333] (-) TimerEvent: {}
[10.580680] (-) TimerEvent: {}
[10.681136] (-) TimerEvent: {}
[10.781882] (-) TimerEvent: {}
[10.882644] (-) TimerEvent: {}
[10.983293] (-) TimerEvent: {}
[11.083816] (-) TimerEvent: {}
[11.184260] (-) TimerEvent: {}
[11.284839] (-) TimerEvent: {}
[11.385598] (-) TimerEvent: {}
[11.486214] (-) TimerEvent: {}
[11.586736] (-) TimerEvent: {}
[11.687285] (-) TimerEvent: {}
[11.788782] (-) TimerEvent: {}
[11.889636] (-) TimerEvent: {}
[11.990237] (-) TimerEvent: {}
[12.069507] (shell_interfaces) StdoutLine: {'line': b'-- Detecting C compiler ABI info\n'}
[12.090483] (-) TimerEvent: {}
[12.191023] (-) TimerEvent: {}
[12.291438] (-) TimerEvent: {}
[12.392034] (-) TimerEvent: {}
[12.492788] (-) TimerEvent: {}
[12.593582] (-) TimerEvent: {}
[12.694214] (-) TimerEvent: {}
[12.794825] (-) TimerEvent: {}
[12.895409] (-) TimerEvent: {}
[12.996126] (-) TimerEvent: {}
[13.046004] (shell_interfaces) StdoutLine: {'line': b'-- Detecting C compiler ABI info - done\n'}
[13.065858] (shell_interfaces) StdoutLine: {'line': b'-- Check for working C compiler: /usr/bin/cc - skipped\n'}
[13.070876] (shell_interfaces) StdoutLine: {'line': b'-- Detecting C compile features\n'}
[13.071726] (shell_interfaces) StdoutLine: {'line': b'-- Detecting C compile features - done\n'}
[13.080219] (shell_interfaces) StdoutLine: {'line': b'-- Detecting CXX compiler ABI info\n'}
[13.096405] (-) TimerEvent: {}
[13.197102] (-) TimerEvent: {}
[13.297717] (-) TimerEvent: {}
[13.404256] (-) TimerEvent: {}
[13.505058] (-) TimerEvent: {}
[13.605950] (-) TimerEvent: {}
[13.706718] (-) TimerEvent: {}
[13.807554] (-) TimerEvent: {}
[13.908340] (-) TimerEvent: {}
[14.009126] (-) TimerEvent: {}
[14.109900] (-) TimerEvent: {}
[14.210422] (-) TimerEvent: {}
[14.311057] (-) TimerEvent: {}
[14.412834] (-) TimerEvent: {}
[14.436430] (shell_interfaces) StdoutLine: {'line': b'-- Detecting CXX compiler ABI info - done\n'}
[14.474736] (shell_interfaces) StdoutLine: {'line': b'-- Check for working CXX compiler: /usr/bin/c++ - skipped\n'}
[14.475597] (shell_interfaces) StdoutLine: {'line': b'-- Detecting CXX compile features\n'}
[14.477158] (shell_interfaces) StdoutLine: {'line': b'-- Detecting CXX compile features - done\n'}
[14.492090] (shell_interfaces) StdoutLine: {'line': b'-- Found ament_cmake: 1.3.12 (/opt/ros/humble/share/ament_cmake/cmake)\n'}
[14.513091] (-) TimerEvent: {}
[14.614040] (-) TimerEvent: {}
[14.714893] (-) TimerEvent: {}
[14.815789] (-) TimerEvent: {}
[14.916590] (-) TimerEvent: {}
[15.017573] (-) TimerEvent: {}
[15.114819] (shell_interfaces) StdoutLine: {'line': b'-- Found Python3: /usr/bin/python3 (found version "3.10.12") found components: Interpreter \n'}
[15.117748] (-) TimerEvent: {}
[15.218355] (-) TimerEvent: {}
[15.324711] (-) TimerEvent: {}
[15.425466] (-) TimerEvent: {}
[15.504743] (shell_interfaces) StdoutLine: {'line': b'-- Override CMake install command with custom implementation using symlinks instead of copying resources\n'}
[15.525715] (-) TimerEvent: {}
[15.568036] (shell_interfaces) StdoutLine: {'line': b'-- Found rosidl_default_generators: 1.2.0 (/opt/ros/humble/share/rosidl_default_generators/cmake)\n'}
[15.584015] (shell_interfaces) StdoutLine: {'line': b'-- Using all available rosidl_typesupport_c: rosidl_typesupport_fastrtps_c;rosidl_typesupport_introspection_c\n'}
[15.597567] (shell_interfaces) StdoutLine: {'line': b'-- Found rosidl_adapter: 3.1.7 (/opt/ros/humble/share/rosidl_adapter/cmake)\n'}
[15.625934] (-) TimerEvent: {}
[15.726744] (-) TimerEvent: {}
[15.827375] (-) TimerEvent: {}
[15.927869] (-) TimerEvent: {}
[16.028314] (-) TimerEvent: {}
[16.128796] (-) TimerEvent: {}
[16.217227] (shell_interfaces) StdoutLine: {'line': b'-- Using all available rosidl_typesupport_cpp: rosidl_typesupport_fastrtps_cpp;rosidl_typesupport_introspection_cpp\n'}
[16.228954] (-) TimerEvent: {}
[16.289231] (shell_interfaces) StdoutLine: {'line': b'-- Found std_msgs: 4.9.0 (/opt/ros/humble/share/std_msgs/cmake)\n'}
[16.329191] (-) TimerEvent: {}
[16.338776] (shell_interfaces) StdoutLine: {'line': b'-- Found geometry_msgs: 4.9.0 (/opt/ros/humble/share/geometry_msgs/cmake)\n'}
[16.429364] (-) TimerEvent: {}
[16.529899] (-) TimerEvent: {}
[16.630836] (-) TimerEvent: {}
[16.731217] (-) TimerEvent: {}
[16.832027] (-) TimerEvent: {}
[16.932644] (-) TimerEvent: {}
[17.033397] (-) TimerEvent: {}
[17.055042] (shell_interfaces) StdoutLine: {'line': b'-- Found ament_cmake_ros: 0.10.0 (/opt/ros/humble/share/ament_cmake_ros/cmake)\n'}
[17.133537] (-) TimerEvent: {}
[17.233979] (-) TimerEvent: {}
[17.334562] (-) TimerEvent: {}
[17.435039] (-) TimerEvent: {}
[17.535754] (-) TimerEvent: {}
[17.636217] (-) TimerEvent: {}
[17.669306] (shell_interfaces) StdoutLine: {'line': b'-- Using all available rosidl_typesupport_c: rosidl_typesupport_fastrtps_c;rosidl_typesupport_introspection_c\n'}
[17.736477] (-) TimerEvent: {}
[17.837288] (-) TimerEvent: {}
[17.937996] (-) TimerEvent: {}
[18.038552] (-) TimerEvent: {}
[18.139231] (-) TimerEvent: {}
[18.239882] (-) TimerEvent: {}
[18.340472] (shell_interfaces) StdoutLine: {'line': b'-- Using all available rosidl_typesupport_cpp: rosidl_typesupport_fastrtps_cpp;rosidl_typesupport_introspection_cpp\n'}
[18.340987] (-) TimerEvent: {}
[18.441345] (-) TimerEvent: {}
[18.541761] (-) TimerEvent: {}
[18.642198] (-) TimerEvent: {}
[18.742669] (-) TimerEvent: {}
[18.843433] (-) TimerEvent: {}
[18.884260] (shell_interfaces) StdoutLine: {'line': b'-- Found PythonInterp: /usr/bin/python3 (found suitable version "3.10.12", minimum required is "3.6") \n'}
[18.889195] (shell_interfaces) StdoutLine: {'line': b'-- Found python_cmake_module: 0.10.0 (/opt/ros/humble/share/python_cmake_module/cmake)\n'}
[18.943627] (-) TimerEvent: {}
[19.044409] (-) TimerEvent: {}
[19.145021] (-) TimerEvent: {}
[19.245461] (-) TimerEvent: {}
[19.345967] (-) TimerEvent: {}
[19.446393] (-) TimerEvent: {}
[19.547008] (-) TimerEvent: {}
[19.647403] (-) TimerEvent: {}
[19.747829] (-) TimerEvent: {}
[19.848348] (-) TimerEvent: {}
[19.949198] (-) TimerEvent: {}
[20.049664] (-) TimerEvent: {}
[20.150371] (-) TimerEvent: {}
[20.251000] (-) TimerEvent: {}
[20.351593] (-) TimerEvent: {}
[20.452065] (-) TimerEvent: {}
[20.552882] (-) TimerEvent: {}
[20.646714] (shell_interfaces) StdoutLine: {'line': b'-- Found PythonLibs: /usr/lib/x86_64-linux-gnu/libpython3.10.so (found suitable version "3.10.12", minimum required is "3.5") \n'}
[20.646964] (shell_interfaces) StdoutLine: {'line': b'-- Using PYTHON_EXECUTABLE: /usr/bin/python3\n'}
[20.647063] (shell_interfaces) StdoutLine: {'line': b'-- Using PYTHON_INCLUDE_DIRS: /usr/include/python3.10\n'}
[20.647130] (shell_interfaces) StdoutLine: {'line': b'-- Using PYTHON_LIBRARIES: /usr/lib/x86_64-linux-gnu/libpython3.10.so\n'}
[20.652992] (-) TimerEvent: {}
[20.695402] (shell_interfaces) StdoutLine: {'line': b'-- Found PythonExtra: .so  \n'}
[20.753094] (-) TimerEvent: {}
[20.853474] (-) TimerEvent: {}
[20.953957] (-) TimerEvent: {}
[20.978544] (shell_interfaces) StdoutLine: {'line': b'-- Configuring done\n'}
[21.054197] (-) TimerEvent: {}
[21.060945] (shell_interfaces) StdoutLine: {'line': b'-- Generating done\n'}
[21.096502] (shell_interfaces) StdoutLine: {'line': b'-- Build files have been written to: /home/esraamustafa/path_planning/Path_Planning_Shell_AI/ros2_sim/build/shell_interfaces\n'}
[21.108721] (shell_interfaces) CommandEnded: {'returncode': 0}
[21.111254] (shell_interfaces) JobProgress: {'identifier': 'shell_interfaces', 'progress': 'build'}
[21.111319] (shell_interfaces) Command: {'cmd': ['/usr/bin/cmake', '--build', '/home/esraamustafa/path_planning/Path_Planning_Shell_AI/ros2_sim/build/shell_interfaces', '--', '-j12', '-l12'], 'cwd': '/home/esraamustafa/path_planning/Path_Planning_Shell_AI/ros2_sim/build/shell_interfaces', 'env': OrderedDict([('PYTHON_BASIC_REPL', '1'), ('LESSOPEN', '| /usr/bin/lesspipe %s'), ('USER', 'esraamustafa'), ('GIT_ASKPASS', '/home/esraamustafa/.vscode-server/bin/b6a47e94e326b5c209d118cf0f994d6065585705/extensions/git/dist/askpass.sh'), ('SHLVL', '1'), ('LD_LIBRARY_PATH', '/home/esraamustafa/path_planning/Path_Planning_Shell_AI/ros2_sim/install/shell_interfaces/lib:/opt/ros/humble/opt/rviz_ogre_vendor/lib:/opt/ros/humble/lib/x86_64-linux-gnu:/opt/ros/humble/lib'), ('MOTD_SHOWN', 'update-motd'), ('HOME', '/home/esraamustafa'), ('OLDPWD', '/home/esraamustafa/path_planning/Path_Planning_Shell_AI/ros2_sim'), ('TERM_PROGRAM_VERSION', '1.109.3'), ('VSCODE_IPC_HOOK_CLI', '/run/user/1000/vscode-ipc-5ac49f20-aa14-42e3-b735-676b2c2c419b.sock'), ('ROS_PYTHON_VERSION', '3'), ('VSCODE_GIT_ASKPASS_MAIN', '/home/esraamustafa/.vscode-server/bin/b6a47e94e326b5c209d118cf0f994d6065585705/extensions/git/dist/askpass-main.js'), ('VSCODE_GIT_ASKPASS_NODE', '/home/esraamustafa/.vscode-server/bin/b6a47e94e326b5c209d118cf0f994d6065585705/node'), ('PYDEVD_DISABLE_FILE_VALIDATION', '1'), ('BUNDLED_DEBUGPY_PATH', '/home/esraamustafa/.vscode-server/extensions/ms-python.debugpy-2025.18.0-linux-x64/bundled/libs/debugpy'), ('VSCODE_PYTHON_AUTOACTIVATE_GUARD', '1'), ('DBUS_SESSION_BUS_ADDRESS', 'unix:path=/run/user/1000/bus'), ('COLORTERM', 'truecolor'), ('WSL_DISTRO_NAME', 'Ubuntu-22.04'), ('WAYLAND_DISPLAY', 'wayland-0'), ('COLCON_PREFIX_PATH', '/home/esraamustafa/path_planning/Path_Planning_Shell_AI/ros2_sim/install'), ('ROS_DISTRO', 'humble'), ('LOGNAME', 'esraamustafa'), ('NAME', 'Esraa'), ('WSL_INTEROP', '/run/WSL/373_interop'), ('PULSE_SERVER', 'unix:/mnt/wslg/PulseServer'), ('_', '/usr/bin/colcon'), ('ROS_VERSION', '2'), ('TERM', 'xterm-256color'), ('ROS_LOCALHOST_ONLY', '0'), ('PATH', '/home/esraamustafa/.vscode-server/data/User/globalStorage/github.copilot-chat/debugCommand:/home/esraamustafa/.vscode-server/data/User/globalStorage/github.copilot-chat/copilotCli:/home/esraamustafa/.vscode-server/bin/b6a47e94e326b5c209d118cf0f994d6065585705/bin/remote-cli:/home/esraamustafa/.local/bin:/opt/ros/humble/bin:/usr/local/sbin:/usr/local/bin:/usr/sbin:/usr/bin:/sbin:/bin:/usr/games:/usr/local/games:/usr/lib/wsl/lib:/mnt/c/Program Files/Common Files/Oracle/Java/javapath:/mnt/c/Users/esraa/AppData/Local/Programs/Python/Python312/Scripts/:/mnt/c/Users/esraa/AppData/Local/Programs/Python/Python312/:/mnt/c/WINDOWS/system32:/mnt/c/WINDOWS:/mnt/c/WINDOWS/System32/Wbem:/mnt/c/WINDOWS/System32/WindowsPowerShell/v1.0/:/mnt/c/WINDOWS/System32/OpenSSH/:/mnt/c/Program Files/dotnet/:/mnt/c/Program Files/Git/cmd:/mnt/c/Program Files/nodejs/:/mnt/c/ProgramData/chocolatey/bin:/mnt/c/msys64/mingw64/bin:/mnt/c/Program Files/GitHub CLI/:/mnt/c/Program Files/MATLAB/R2024b/bin:/mnt/c/Program Files (x86)/Microsoft SQL Server/160/Tools/Binn/:/mnt/c/Program Files/Microsoft SQL Server/160/Tools/Binn/:/mnt/c/Program Files/Microsoft SQL Server/Client SDK/ODBC/170/Tools/Binn/:/mnt/c/Program Files/Microsoft SQL Server/160/DTS/Binn/:/mnt/c/Program Files/Microsoft SQL Server/150/Tools/Binn/:/mnt/c/Program Files/CMake/bin:/mnt/c/Program Files/Docker/Docker/resources/bin:/mnt/c/xampp/php/php.exe:/mnt/c/Users/esraa/AppData/Local/Programs/Python/Python314/Scripts/:/mnt/c/Users/esraa/AppData/Local/Programs/Python/Python314/:/mnt/c/Users/esraa/AppData/Local/Programs/Python/Launcher/:/mnt/c/Users/esraa/AppData/Local/Microsoft/WindowsApps:/mnt/c/Users/esraa/AppData/Local/Programs/Microsoft_VS_Code/bin:/mnt/c/Users/esraa/AppData/Local/Microsoft/WinGet/Packages/Schniz.fnm_Microsoft.Winget.Source_8wekyb3d8bbwe:/mnt/c/Users/esraa/AppData/Roaming/npm:/mnt/c/Users/esraa/AppData/Local/GitHubDesktop/bin:/mnt/c/Users/esraa/.dotnet/tools:/mnt/d/IntelliJ IDEA 2024.2.3/bin:/mnt/c/Program Files/JetBrains/IntelliJ IDEA Community Edition 2024.2.3/bin:/mnt/c/Program Files/MongoDB/Server/8.2/bin:/mnt/c/Users/esraa/AppData/Local/Programs/mongosh/:/snap/bin:/home/esraamustafa/.vscode-server/extensions/ms-python.debugpy-2025.18.0-linux-x64/bundled/scripts/noConfigScripts'), ('XDG_RUNTIME_DIR', '/run/user/1000/'), ('DISPLAY', ':0'), ('VSCODE_DEBUGPY_ADAPTER_ENDPOINTS', '/home/esraamustafa/.vscode-server/extensions/ms-python.debugpy-2025.18.0-linux-x64/.noConfigDebugAdapterEndpoints/endpoint-9aa057c463a7ace4.txt'), ('LANG', 'C.UTF-8'), ('PYTHONSTARTUP', '/home/esraamustafa/.vscode-server/data/User/workspaceStorage/9188cf032e28f409f831a5c4cd4238d1/ms-python.python/pythonrc.py'), ('LS_COLORS', 'rs=0:di=01;34:ln=01;36:mh=00:pi=40;33:so=01;35:do=01;35:bd=40;33;01:cd=40;33;01:or=40;31;01:mi=00:su=37;41:sg=30;43:ca=30;41:tw=30;42:ow=34;42:st=37;44:ex=01;32:*.tar=01;31:*.tgz=01;31:*.arc=01;31:*.arj=01;31:*.taz=01;31:*.lha=01;31:*.lz4=01;31:*.lzh=01;31:*.lzma=01;31:*.tlz=01;31:*.txz=01;31:*.tzo=01;31:*.t7z=01;31:*.zip=01;31:*.z=01;31:*.dz=01;31:*.gz=01;31:*.lrz=01;31:*.lz=01;31:*.lzo=01;31:*.xz=01;31:*.zst=01;31:*.tzst=01;31:*.bz2=01;31:*.bz=01;31:*.tbz=01;31:*.tbz2=01;31:*.tz=01;31:*.deb=01;31:*.rpm=01;31:*.jar=01;31:*.war=01;31:*.ear=01;31:*.sar=01;31:*.rar=01;31:*.alz=01;31:*.ace=01;31:*.zoo=01;31:*.cpio=01;31:*.7z=01;31:*.rz=01;31:*.cab=01;31:*.wim=01;31:*.swm=01;31:*.dwm=01;31:*.esd=01;31:*.jpg=01;35:*.jpeg=01;35:*.mjpg=01;35:*.mjpeg=01;35:*.gif=01;35:*.bmp=01;35:*.pbm=01;35:*.pgm=01;35:*.ppm=01;35:*.tga=01;35:*.xbm=01;35:*.xpm=01;35:*.tif=01;35:*.tiff=01;35:*.png=01;35:*.svg=01;35:*.svgz=01;35:*.mng=01;35:*.pcx=01;35:*.mov=01;35:*.mpg=01;35:*.mpeg=01;35:*.m2v=01;35:*.mkv=01;35:*.webm=01;35:*.webp=01;35:*.ogm=01;35:*.mp4=01;35:*.m4v=01;35:*.mp4v=01;35:*.vob=01;35:*.qt=01;35:*.nuv=01;35:*.wmv=01;35:*.asf=01;35:*.rm=01;35:*.rmvb=01;35:*.flc=01;35:*.avi=01;35:*.fli=01;35:*.flv=01;35:*.gl=01;35:*.dl=01;35:*.xcf=01;35:*.xwd=01;35:*.yuv=01;35:*.cgm=01;35:*.emf=01;35:*.ogv=01;35:*.ogx=01;35:*.aac=00;36:*.au=00;36:*.flac=00;36:*.m4a=00;36:*.mid=00;36:*.midi=00;36:*.mka=00;36:*.mp3=00;36:*.mpc=00;36:*.ogg=00;36:*.ra=00;36:*.wav=00;36:*.oga=00;36:*.opus=00;36:*.spx=00;36:*.xspf=00;36:'), ('VSCODE_GIT_IPC_HANDLE', '/run/user/1000/vscode-git-7233589553.sock'), ('TERM_PROGRAM', 'vscode'), ('AMENT_PREFIX_PATH', '/home/esraamustafa/path_planning/Path_Planning_Shell_AI/ros2_sim/install/shell_visualization:/home/esraamustafa/path_planning/Path_Planning_Shell_AI/ros2_sim/install/shell_test_nodes:/home/esraamustafa/path_planning/Path_Planning_Shell_AI/ros2_sim/install/shell_planning:/home/esraamustafa/path_planning/Path_Planning_Shell_AI/ros2_sim/install/shell_interfaces:/opt/ros/humble'), ('SHELL', '/bin/bash'), ('LESSCLOSE', '/usr/bin/lesspipe %s %s'), ('VSCODE_GIT_ASKPASS_EXTRA_ARGS', ''), ('PWD', '/home/esraamustafa/path_planning/Path_Planning_Shell_AI/ros2_sim/build/shell_interfaces'), ('XDG_DATA_DIRS', '/usr/local/share:/usr/share:/var/lib/snapd/desktop'), ('PYTHONPATH', '/home/esraamustafa/path_planning/Path_Planning_Shell_AI/ros2_sim/build/shell_visualization:/home/esraamustafa/path_planning/Path_Planning_Shell_AI/ros2_sim/install/shell_visualization/lib/python3.10/site-packages:/home/esraamustafa/path_planning/Path_Planning_Shell_AI/ros2_sim/build/shell_test_nodes:/home/esraamustafa/path_planning/Path_Planning_Shell_AI/ros2_sim/install/shell_test_nodes/lib/python3.10/site-packages:/home/esraamustafa/path_planning/Path_Planning_Shell_AI/ros2_sim/build/shell_planning:/home/esraamustafa/path_planning/Path_Planning_Shell_AI/ros2_sim/install/shell_planning/lib/python3.10/site-packages:/home/esraamustafa/path_planning/Path_Planning_Shell_AI/ros2_sim/install/shell_interfaces/local/lib/python3.10/dist-packages:/opt/ros/humble/lib/python3.10/site-packages:/opt/ros/humble/local/lib/python3.10/dist-packages'), ('COLCON', '1'), ('WSL2_GUI_APPS_ENABLED', '1'), ('HOSTTYPE', 'x86_64'), ('CMAKE_PREFIX_PATH', '/home/esraamustafa/path_planning/Path_Planning_Shell_AI/ros2_sim/install/shell_interfaces:/home/esraamustafa/path_planning/Path_Planning_Shell_AI/ros2_sim/install/shell_visualization:/home/esraamustafa/path_planning/Path_Planning_Shell_AI/ros2_sim/install/shell_test_nodes:/home/esraamustafa/path_planning/Path_Planning_Shell_AI/ros2_sim/install/shell_planning:/opt/ros/humble'), ('WSLENV', 'VSCODE_WSL_EXT_LOCATION/up:VSCODE_SERVER_TAR/up')]), 'shell': False}
[21.154417] (-) TimerEvent: {}
[21.167304] (shell_interfaces) StdoutLine: {'line': b'[  1%] \x1b[34m\x1b[1mGenerating C code for ROS interfaces\x1b[0m\n'}
[21.212077] (shell_interfaces) StdoutLine: {'line': b'[  3%] \x1b[34m\x1b[1mGenerating C++ code for ROS interfaces\x1b[0m\n'}
[21.214038] (shell_interfaces) StdoutLine: {'line': b'[  3%] Built target ament_cmake_python_symlink_shell_interfaces\n'}
[21.254599] (-) TimerEvent: {}
[21.355104] (-) TimerEvent: {}
[21.455660] (-) TimerEvent: {}
[21.556183] (-) TimerEvent: {}
[21.656743] (-) TimerEvent: {}
[21.757271] (-) TimerEvent: {}
[21.857912] (-) TimerEvent: {}
[21.958793] (-) TimerEvent: {}
[22.059449] (-) TimerEvent: {}
[22.144484] (shell_interfaces) StdoutLine: {'line': b'running egg_info\n'}
[22.146343] (shell_interfaces) StdoutLine: {'line': b'creating shell_interfaces.egg-info\n'}
[22.147358] (shell_interfaces) StdoutLine: {'line': b'writing shell_interfaces.egg-info/PKG-INFO\n'}
[22.148359] (shell_interfaces) StdoutLine: {'line': b'writing dependency_links to shell_interfaces.egg-info/dependency_links.txt\n'}
[22.149209] (shell_interfaces) StdoutLine: {'line': b'writing top-level names to shell_interfaces.egg-info/top_level.txt\n'}
[22.149702] (shell_interfaces) StdoutLine: {'line': b"writing manifest file 'shell_interfaces.egg-info/SOURCES.txt'\n"}
[22.158351] (shell_interfaces) StdoutLine: {'line': b"reading manifest file 'shell_interfaces.egg-info/SOURCES.txt'\n"}
[22.159707] (shell_interfaces) StdoutLine: {'line': b"writing manifest file 'shell_interfaces.egg-info/SOURCES.txt'\n"}
[22.160128] (-) TimerEvent: {}
[22.260767] (-) TimerEvent: {}
[22.265363] (shell_interfaces) StdoutLine: {'line': b'[  3%] Built target ament_cmake_python_build_shell_interfaces_egg\n'}
[22.361065] (-) TimerEvent: {}
[22.462147] (-) TimerEvent: {}
[22.571671] (-) TimerEvent: {}
[22.641457] (shell_interfaces) StdoutLine: {'line': b'[  4%] \x1b[32mBuilding C object CMakeFiles/shell_interfaces__rosidl_generator_c.dir/rosidl_generator_c/shell_interfaces/msg/detail/trajectory__functions.c.o\x1b[0m\n'}
[22.644826] (shell_interfaces) StdoutLine: {'line': b'[  6%] \x1b[32mBuilding C object CMakeFiles/shell_interfaces__rosidl_generator_c.dir/rosidl_generator_c/shell_interfaces/msg/detail/trajectory_point__functions.c.o\x1b[0m\n'}
[22.655299] (shell_interfaces) StdoutLine: {'line': b'[  7%] \x1b[32mBuilding C object CMakeFiles/shell_interfaces__rosidl_generator_c.dir/rosidl_generator_c/shell_interfaces/msg/detail/obstacle__functions.c.o\x1b[0m\n'}
[22.656972] (shell_interfaces) StdoutLine: {'line': b'[  9%] \x1b[32mBuilding C object CMakeFiles/shell_interfaces__rosidl_generator_c.dir/rosidl_generator_c/shell_interfaces/msg/detail/boundary__functions.c.o\x1b[0m\n'}
[22.660963] (shell_interfaces) StdoutLine: {'line': b'[ 11%] \x1b[32mBuilding C object CMakeFiles/shell_interfaces__rosidl_generator_c.dir/rosidl_generator_c/shell_interfaces/msg/detail/obstacle_array__functions.c.o\x1b[0m\n'}
[22.671069] (-) TimerEvent: {}
[22.771958] (-) TimerEvent: {}
[22.872904] (-) TimerEvent: {}
[22.879793] (shell_interfaces) StdoutLine: {'line': b'[ 12%] \x1b[32m\x1b[1mLinking C shared library libshell_interfaces__rosidl_generator_c.so\x1b[0m\n'}
[22.957165] (shell_interfaces) StdoutLine: {'line': b'[ 12%] Built target shell_interfaces__cpp\n'}
[22.973153] (-) TimerEvent: {}
[22.974220] (shell_interfaces) StdoutLine: {'line': b'[ 14%] \x1b[34m\x1b[1mGenerating C++ type support dispatch for ROS interfaces\x1b[0m\n'}
[22.976323] (shell_interfaces) StdoutLine: {'line': b'[ 15%] \x1b[34m\x1b[1mGenerating C++ introspection for ROS interfaces\x1b[0m\n'}
[22.985883] (shell_interfaces) StdoutLine: {'line': b'[ 17%] \x1b[34m\x1b[1mGenerating C++ type support for eProsima Fast-RTPS\x1b[0m\n'}
[23.073412] (-) TimerEvent: {}
[23.174046] (-) TimerEvent: {}
[23.274892] (-) TimerEvent: {}
[23.375752] (-) TimerEvent: {}
[23.476954] (-) TimerEvent: {}
[23.577675] (-) TimerEvent: {}
[23.610944] (shell_interfaces) StdoutLine: {'line': b'[ 17%] Built target shell_interfaces__rosidl_generator_c\n'}
[23.647538] (shell_interfaces) StdoutLine: {'line': b'[ 19%] \x1b[34m\x1b[1mGenerating C type support for eProsima Fast-RTPS\x1b[0m\n'}
[23.648363] (shell_interfaces) StdoutLine: {'line': b'[ 20%] \x1b[34m\x1b[1mGenerating C introspection for ROS interfaces\x1b[0m\n'}
[23.649770] (shell_interfaces) StdoutLine: {'line': b'[ 22%] \x1b[34m\x1b[1mGenerating C type support dispatch for ROS interfaces\x1b[0m\n'}
[23.677890] (-) TimerEvent: {}
[23.778588] (-) TimerEvent: {}
[23.879240] (-) TimerEvent: {}
[23.979932] (-) TimerEvent: {}
[24.082935] (-) TimerEvent: {}
[24.136543] (shell_interfaces) StdoutLine: {'line': b'[ 23%] \x1b[32mBuilding CXX object CMakeFiles/shell_interfaces__rosidl_typesupport_cpp.dir/rosidl_typesupport_cpp/shell_interfaces/msg/trajectory_point__type_support.cpp.o\x1b[0m\n'}
[24.183811] (-) TimerEvent: {}
[24.185015] (shell_interfaces) StdoutLine: {'line': b'[ 25%] \x1b[32mBuilding CXX object CMakeFiles/shell_interfaces__rosidl_typesupport_cpp.dir/rosidl_typesupport_cpp/shell_interfaces/msg/obstacle_array__type_support.cpp.o\x1b[0m\n'}
[24.193488] (shell_interfaces) StdoutLine: {'line': b'[ 26%] \x1b[32mBuilding CXX object CMakeFiles/shell_interfaces__rosidl_typesupport_cpp.dir/rosidl_typesupport_cpp/shell_interfaces/msg/boundary__type_support.cpp.o\x1b[0m\n'}
[24.194617] (shell_interfaces) StdoutLine: {'line': b'[ 28%] \x1b[32mBuilding CXX object CMakeFiles/shell_interfaces__rosidl_typesupport_cpp.dir/rosidl_typesupport_cpp/shell_interfaces/msg/trajectory__type_support.cpp.o\x1b[0m\n'}
[24.209038] (shell_interfaces) StdoutLine: {'line': b'[ 30%] \x1b[32mBuilding CXX object CMakeFiles/shell_interfaces__rosidl_typesupport_cpp.dir/rosidl_typesupport_cpp/shell_interfaces/msg/obstacle__type_support.cpp.o\x1b[0m\n'}
[24.285244] (-) TimerEvent: {}
[24.385841] (-) TimerEvent: {}
[24.486533] (-) TimerEvent: {}
[24.597207] (-) TimerEvent: {}
[24.697765] (-) TimerEvent: {}
[24.799286] (-) TimerEvent: {}
[24.886050] (shell_interfaces) StdoutLine: {'line': b'[ 31%] \x1b[32mBuilding CXX object CMakeFiles/shell_interfaces__rosidl_typesupport_introspection_cpp.dir/rosidl_typesupport_introspection_cpp/shell_interfaces/msg/detail/trajectory__type_support.cpp.o\x1b[0m\n'}
[24.896044] (shell_interfaces) StdoutLine: {'line': b'[ 33%] \x1b[32mBuilding CXX object CMakeFiles/shell_interfaces__rosidl_typesupport_introspection_cpp.dir/rosidl_typesupport_introspection_cpp/shell_interfaces/msg/detail/trajectory_point__type_support.cpp.o\x1b[0m\n'}
[24.899635] (-) TimerEvent: {}
[24.913111] (shell_interfaces) StdoutLine: {'line': b'[ 34%] \x1b[32mBuilding CXX object CMakeFiles/shell_interfaces__rosidl_typesupport_introspection_cpp.dir/rosidl_typesupport_introspection_cpp/shell_interfaces/msg/detail/boundary__type_support.cpp.o\x1b[0m\n'}
[25.001393] (-) TimerEvent: {}
[25.082794] (shell_interfaces) StdoutLine: {'line': b'[ 36%] \x1b[32mBuilding CXX object CMakeFiles/shell_interfaces__rosidl_typesupport_fastrtps_cpp.dir/rosidl_typesupport_fastrtps_cpp/shell_interfaces/msg/detail/dds_fastrtps/trajectory__type_support.cpp.o\x1b[0m\n'}
[25.101636] (-) TimerEvent: {}
[25.162312] (shell_interfaces) StdoutLine: {'line': b'[ 38%] \x1b[32mBuilding CXX object CMakeFiles/shell_interfaces__rosidl_typesupport_c.dir/rosidl_typesupport_c/shell_interfaces/msg/trajectory__type_support.cpp.o\x1b[0m\n'}
[25.202732] (-) TimerEvent: {}
[25.301809] (shell_interfaces) StdoutLine: {'line': b'[ 39%] \x1b[32mBuilding CXX object CMakeFiles/shell_interfaces__rosidl_typesupport_c.dir/rosidl_typesupport_c/shell_interfaces/msg/trajectory_point__type_support.cpp.o\x1b[0m\n'}
[25.302878] (-) TimerEvent: {}
[25.405324] (-) TimerEvent: {}
[25.514612] (-) TimerEvent: {}
[25.536532] (shell_interfaces) StdoutLine: {'line': b'[ 41%] \x1b[32mBuilding CXX object CMakeFiles/shell_interfaces__rosidl_typesupport_c.dir/rosidl_typesupport_c/shell_interfaces/msg/boundary__type_support.cpp.o\x1b[0m\n'}
[25.606679] (shell_interfaces) StdoutLine: {'line': b'[ 42%] \x1b[32mBuilding CXX object CMakeFiles/shell_interfaces__rosidl_typesupport_fastrtps_c.dir/rosidl_typesupport_fastrtps_c/shell_interfaces/msg/detail/trajectory__type_support_c.cpp.o\x1b[0m\n'}
[25.614801] (-) TimerEvent: {}
[25.640138] (shell_interfaces) StdoutLine: {'line': b'[ 44%] \x1b[32mBuilding CXX object CMakeFiles/shell_interfaces__rosidl_typesupport_fastrtps_cpp.dir/rosidl_typesupport_fastrtps_cpp/shell_interfaces/msg/detail/dds_fastrtps/trajectory_point__type_support.cpp.o\x1b[0m\n'}
[25.715001] (-) TimerEvent: {}
[25.818737] (-) TimerEvent: {}
[25.902970] (shell_interfaces) StdoutLine: {'line': b'[ 46%] \x1b[32mBuilding CXX object CMakeFiles/shell_interfaces__rosidl_typesupport_c.dir/rosidl_typesupport_c/shell_interfaces/msg/obstacle__type_support.cpp.o\x1b[0m\n'}
[25.924555] (-) TimerEvent: {}
[26.025405] (-) TimerEvent: {}
[26.126118] (-) TimerEvent: {}
[26.236177] (-) TimerEvent: {}
[26.331967] (shell_interfaces) StdoutLine: {'line': b'[ 47%] \x1b[32mBuilding CXX object CMakeFiles/shell_interfaces__rosidl_typesupport_c.dir/rosidl_typesupport_c/shell_interfaces/msg/obstacle_array__type_support.cpp.o\x1b[0m\n'}
[26.336690] (-) TimerEvent: {}
[26.437236] (-) TimerEvent: {}
[26.537710] (-) TimerEvent: {}
[26.638196] (-) TimerEvent: {}
[26.741931] (-) TimerEvent: {}
[26.767860] (shell_interfaces) StdoutLine: {'line': b'[ 49%] \x1b[32m\x1b[1mLinking CXX shared library libshell_interfaces__rosidl_typesupport_c.so\x1b[0m\n'}
[26.842005] (-) TimerEvent: {}
[26.945331] (-) TimerEvent: {}
[27.050867] (-) TimerEvent: {}
[27.109909] (shell_interfaces) StdoutLine: {'line': b'[ 50%] \x1b[32mBuilding C object CMakeFiles/shell_interfaces__rosidl_typesupport_introspection_c.dir/rosidl_typesupport_introspection_c/shell_interfaces/msg/detail/trajectory__type_support.c.o\x1b[0m\n'}
[27.151009] (-) TimerEvent: {}
[27.246214] (shell_interfaces) StdoutLine: {'line': b'[ 52%] \x1b[32mBuilding C object CMakeFiles/shell_interfaces__rosidl_typesupport_introspection_c.dir/rosidl_typesupport_introspection_c/shell_interfaces/msg/detail/trajectory_point__type_support.c.o\x1b[0m\n'}
[27.247182] (shell_interfaces) StdoutLine: {'line': b'[ 53%] \x1b[32mBuilding CXX object CMakeFiles/shell_interfaces__rosidl_typesupport_introspection_cpp.dir/rosidl_typesupport_introspection_cpp/shell_interfaces/msg/detail/obstacle__type_support.cpp.o\x1b[0m\n'}
[27.252170] (-) TimerEvent: {}
[27.354936] (-) TimerEvent: {}
[27.433204] (shell_interfaces) StdoutLine: {'line': b'[ 55%] \x1b[32mBuilding CXX object CMakeFiles/shell_interfaces__rosidl_typesupport_fastrtps_cpp.dir/rosidl_typesupport_fastrtps_cpp/shell_interfaces/msg/detail/dds_fastrtps/boundary__type_support.cpp.o\x1b[0m\n'}
[27.454823] (-) TimerEvent: {}
[27.566012] (-) TimerEvent: {}
[27.585288] (shell_interfaces) StdoutLine: {'line': b'[ 57%] \x1b[32mBuilding CXX object CMakeFiles/shell_interfaces__rosidl_typesupport_fastrtps_cpp.dir/rosidl_typesupport_fastrtps_cpp/shell_interfaces/msg/detail/dds_fastrtps/obstacle__type_support.cpp.o\x1b[0m\n'}
[27.630012] (shell_interfaces) StdoutLine: {'line': b'[ 58%] \x1b[32mBuilding C object CMakeFiles/shell_interfaces__rosidl_typesupport_introspection_c.dir/rosidl_typesupport_introspection_c/shell_interfaces/msg/detail/boundary__type_support.c.o\x1b[0m\n'}
[27.669600] (-) TimerEvent: {}
[27.770363] (-) TimerEvent: {}
[27.854030] (shell_interfaces) StdoutLine: {'line': b'[ 60%] \x1b[32mBuilding CXX object CMakeFiles/shell_interfaces__rosidl_typesupport_fastrtps_cpp.dir/rosidl_typesupport_fastrtps_cpp/shell_interfaces/msg/detail/dds_fastrtps/obstacle_array__type_support.cpp.o\x1b[0m\n'}
[27.860665] (shell_interfaces) StdoutLine: {'line': b'[ 61%] \x1b[32mBuilding CXX object CMakeFiles/shell_interfaces__rosidl_typesupport_introspection_cpp.dir/rosidl_typesupport_introspection_cpp/shell_interfaces/msg/detail/obstacle_array__type_support.cpp.o\x1b[0m\n'}
[27.878335] (-) TimerEvent: {}
[27.983781] (shell_interfaces) StdoutLine: {'line': b'[ 63%] \x1b[32m\x1b[1mLinking CXX shared library libshell_interfaces__rosidl_typesupport_cpp.so\x1b[0m\n'}
[27.984365] (-) TimerEvent: {}
[27.984871] (shell_interfaces) StdoutLine: {'line': b'[ 65%] \x1b[32mBuilding C object CMakeFiles/shell_interfaces__rosidl_typesupport_introspection_c.dir/rosidl_typesupport_introspection_c/shell_interfaces/msg/detail/obstacle__type_support.c.o\x1b[0m\n'}
[28.084576] (-) TimerEvent: {}
[28.163047] (shell_interfaces) StdoutLine: {'line': b'[ 66%] \x1b[32mBuilding CXX object CMakeFiles/shell_interfaces__rosidl_typesupport_fastrtps_c.dir/rosidl_typesupport_fastrtps_c/shell_interfaces/msg/detail/trajectory_point__type_support_c.cpp.o\x1b[0m\n'}
[28.180389] (shell_interfaces) StdoutLine: {'line': b'[ 68%] \x1b[32mBuilding C object CMakeFiles/shell_interfaces__rosidl_typesupport_introspection_c.dir/rosidl_typesupport_introspection_c/shell_interfaces/msg/detail/obstacle_array__type_support.c.o\x1b[0m\n'}
[28.184766] (-) TimerEvent: {}
[28.285582] (-) TimerEvent: {}
[28.386528] (-) TimerEvent: {}
[28.487136] (-) TimerEvent: {}
[28.507688] (shell_interfaces) StdoutLine: {'line': b'[ 69%] \x1b[32mBuilding CXX object CMakeFiles/shell_interfaces__rosidl_typesupport_fastrtps_c.dir/rosidl_typesupport_fastrtps_c/shell_interfaces/msg/detail/boundary__type_support_c.cpp.o\x1b[0m\n'}
[28.550352] (shell_interfaces) StdoutLine: {'line': b'[ 71%] \x1b[32m\x1b[1mLinking C shared library libshell_interfaces__rosidl_typesupport_introspection_c.so\x1b[0m\n'}
[28.598641] (-) TimerEvent: {}
[28.606545] (shell_interfaces) StdoutLine: {'line': b'[ 71%] Built target shell_interfaces__rosidl_typesupport_c\n'}
[28.662793] (shell_interfaces) StdoutLine: {'line': b'[ 73%] \x1b[32mBuilding CXX object CMakeFiles/shell_interfaces__rosidl_typesupport_fastrtps_c.dir/rosidl_typesupport_fastrtps_c/shell_interfaces/msg/detail/obstacle__type_support_c.cpp.o\x1b[0m\n'}
[28.699127] (-) TimerEvent: {}
[28.802198] (-) TimerEvent: {}
[28.904078] (-) TimerEvent: {}
[29.005425] (-) TimerEvent: {}
[29.110374] (-) TimerEvent: {}
[29.143060] (shell_interfaces) StdoutLine: {'line': b'[ 74%] \x1b[32mBuilding CXX object CMakeFiles/shell_interfaces__rosidl_typesupport_fastrtps_c.dir/rosidl_typesupport_fastrtps_c/shell_interfaces/msg/detail/obstacle_array__type_support_c.cpp.o\x1b[0m\n'}
[29.212294] (-) TimerEvent: {}
[29.312978] (-) TimerEvent: {}
[29.413522] (-) TimerEvent: {}
[29.518876] (-) TimerEvent: {}
[29.620549] (-) TimerEvent: {}
[29.722030] (-) TimerEvent: {}
[29.822813] (-) TimerEvent: {}
[29.924683] (-) TimerEvent: {}
[29.926590] (shell_interfaces) StdoutLine: {'line': b'[ 74%] Built target shell_interfaces__rosidl_typesupport_cpp\n'}
[30.024848] (-) TimerEvent: {}
[30.125482] (-) TimerEvent: {}
[30.226218] (-) TimerEvent: {}
[30.327264] (-) TimerEvent: {}
[30.428053] (-) TimerEvent: {}
[30.434917] (shell_interfaces) StdoutLine: {'line': b'[ 74%] Built target shell_interfaces__rosidl_typesupport_introspection_c\n'}
[30.529721] (-) TimerEvent: {}
[30.631241] (-) TimerEvent: {}
[30.731943] (-) TimerEvent: {}
[30.832542] (-) TimerEvent: {}
[30.933261] (-) TimerEvent: {}
[31.034230] (-) TimerEvent: {}
[31.135206] (-) TimerEvent: {}
[31.225006] (shell_interfaces) StdoutLine: {'line': b'[ 76%] \x1b[32m\x1b[1mLinking CXX shared library libshell_interfaces__rosidl_typesupport_fastrtps_c.so\x1b[0m\n'}
[31.235534] (-) TimerEvent: {}
[31.339032] (-) TimerEvent: {}
[31.442169] (-) TimerEvent: {}
[31.477036] (shell_interfaces) StdoutLine: {'line': b'[ 77%] \x1b[32m\x1b[1mLinking CXX shared library libshell_interfaces__rosidl_typesupport_fastrtps_cpp.so\x1b[0m\n'}
[31.500966] (shell_interfaces) StdoutLine: {'line': b'[ 79%] \x1b[32m\x1b[1mLinking CXX shared library libshell_interfaces__rosidl_typesupport_introspection_cpp.so\x1b[0m\n'}
[31.542355] (-) TimerEvent: {}
[31.643413] (-) TimerEvent: {}
[31.754171] (-) TimerEvent: {}
[31.855470] (-) TimerEvent: {}
[31.956358] (-) TimerEvent: {}
[32.056984] (-) TimerEvent: {}
[32.157805] (-) TimerEvent: {}
[32.258554] (-) TimerEvent: {}
[32.359568] (-) TimerEvent: {}
[32.400747] (shell_interfaces) StdoutLine: {'line': b'[ 79%] Built target shell_interfaces__rosidl_typesupport_fastrtps_c\n'}
[32.456799] (shell_interfaces) StdoutLine: {'line': b'[ 79%] Built target shell_interfaces__rosidl_typesupport_introspection_cpp\n'}
[32.459879] (-) TimerEvent: {}
[32.469941] (shell_interfaces) StdoutLine: {'line': b'[ 79%] Built target shell_interfaces__rosidl_typesupport_fastrtps_cpp\n'}
[32.548582] (shell_interfaces) StdoutLine: {'line': b'[ 79%] Built target shell_interfaces\n'}
[32.560277] (-) TimerEvent: {}
[32.661264] (-) TimerEvent: {}
[32.702528] (shell_interfaces) StdoutLine: {'line': b'[ 80%] \x1b[34m\x1b[1mGenerating Python code for ROS interfaces\x1b[0m\n'}
[32.761396] (-) TimerEvent: {}
[32.862011] (-) TimerEvent: {}
[32.962750] (-) TimerEvent: {}
[33.063450] (-) TimerEvent: {}
[33.164073] (-) TimerEvent: {}
[33.264485] (-) TimerEvent: {}
[33.364986] (-) TimerEvent: {}
[33.465629] (-) TimerEvent: {}
[33.566061] (-) TimerEvent: {}
[33.666589] (-) TimerEvent: {}
[33.767204] (-) TimerEvent: {}
[33.867824] (-) TimerEvent: {}
[33.968160] (-) TimerEvent: {}
[34.067175] (shell_interfaces) StdoutLine: {'line': b'[ 80%] Built target shell_interfaces__py\n'}
[34.068320] (-) TimerEvent: {}
[34.124118] (shell_interfaces) StdoutLine: {'line': b'[ 82%] \x1b[32mBuilding C object CMakeFiles/shell_interfaces__rosidl_generator_py.dir/rosidl_generator_py/shell_interfaces/msg/_trajectory_s.c.o\x1b[0m\n'}
[34.129306] (shell_interfaces) StdoutLine: {'line': b'[ 84%] \x1b[32mBuilding C object CMakeFiles/shell_interfaces__rosidl_generator_py.dir/rosidl_generator_py/shell_interfaces/msg/_trajectory_point_s.c.o\x1b[0m\n'}
[34.132416] (shell_interfaces) StdoutLine: {'line': b'[ 85%] \x1b[32mBuilding C object CMakeFiles/shell_interfaces__rosidl_generator_py.dir/rosidl_generator_py/shell_interfaces/msg/_obstacle_array_s.c.o\x1b[0m\n'}
[34.135966] (shell_interfaces) StdoutLine: {'line': b'[ 87%] \x1b[32mBuilding C object CMakeFiles/shell_interfaces__rosidl_generator_py.dir/rosidl_generator_py/shell_interfaces/msg/_obstacle_s.c.o\x1b[0m\n'}
[34.140276] (shell_interfaces) StdoutLine: {'line': b'[ 88%] \x1b[32mBuilding C object CMakeFiles/shell_interfaces__rosidl_generator_py.dir/rosidl_generator_py/shell_interfaces/msg/_boundary_s.c.o\x1b[0m\n'}
[34.168524] (-) TimerEvent: {}
[34.269629] (-) TimerEvent: {}
[34.370797] (-) TimerEvent: {}
[34.471495] (-) TimerEvent: {}
[34.572466] (-) TimerEvent: {}
[34.611788] (shell_interfaces) StdoutLine: {'line': b'[ 90%] \x1b[32m\x1b[1mLinking C shared library rosidl_generator_py/shell_interfaces/libshell_interfaces__rosidl_generator_py.so\x1b[0m\n'}
[34.672622] (-) TimerEvent: {}
[34.773558] (-) TimerEvent: {}
[34.874391] (-) TimerEvent: {}
[34.975150] (-) TimerEvent: {}
[35.075989] (-) TimerEvent: {}
[35.176638] (-) TimerEvent: {}
[35.235350] (shell_interfaces) StdoutLine: {'line': b'[ 90%] Built target shell_interfaces__rosidl_generator_py\n'}
[35.276848] (-) TimerEvent: {}
[35.293544] (shell_interfaces) StdoutLine: {'line': b'[ 92%] \x1b[32mBuilding C object CMakeFiles/shell_interfaces__rosidl_typesupport_c__pyext.dir/rosidl_generator_py/shell_interfaces/_shell_interfaces_s.ep.rosidl_typesupport_c.c.o\x1b[0m\n'}
[35.306762] (shell_interfaces) StdoutLine: {'line': b'[ 93%] \x1b[32mBuilding C object CMakeFiles/shell_interfaces__rosidl_typesupport_introspection_c__pyext.dir/rosidl_generator_py/shell_interfaces/_shell_interfaces_s.ep.rosidl_typesupport_introspection_c.c.o\x1b[0m\n'}
[35.322513] (shell_interfaces) StdoutLine: {'line': b'[ 95%] \x1b[32mBuilding C object CMakeFiles/shell_interfaces__rosidl_typesupport_fastrtps_c__pyext.dir/rosidl_generator_py/shell_interfaces/_shell_interfaces_s.ep.rosidl_typesupport_fastrtps_c.c.o\x1b[0m\n'}
[35.377098] (-) TimerEvent: {}
[35.477745] (-) TimerEvent: {}
[35.578631] (-) TimerEvent: {}
[35.679409] (-) TimerEvent: {}
[35.753574] (shell_interfaces) StdoutLine: {'line': b'[ 96%] \x1b[32m\x1b[1mLinking C shared library rosidl_generator_py/shell_interfaces/shell_interfaces_s__rosidl_typesupport_introspection_c.cpython-310-x86_64-linux-gnu.so\x1b[0m\n'}
[35.755904] (shell_interfaces) StdoutLine: {'line': b'[ 98%] \x1b[32m\x1b[1mLinking C shared library rosidl_generator_py/shell_interfaces/shell_interfaces_s__rosidl_typesupport_c.cpython-310-x86_64-linux-gnu.so\x1b[0m\n'}
[35.764204] (shell_interfaces) StdoutLine: {'line': b'[100%] \x1b[32m\x1b[1mLinking C shared library rosidl_generator_py/shell_interfaces/shell_interfaces_s__rosidl_typesupport_fastrtps_c.cpython-310-x86_64-linux-gnu.so\x1b[0m\n'}
[35.779713] (-) TimerEvent: {}
[35.880415] (-) TimerEvent: {}
[35.981003] (-) TimerEvent: {}
[36.081713] (-) TimerEvent: {}
[36.182350] (-) TimerEvent: {}
[36.274867] (shell_interfaces) StdoutLine: {'line': b'[100%] Built target shell_interfaces__rosidl_typesupport_fastrtps_c__pyext\n'}
[36.282648] (-) TimerEvent: {}
[36.300897] (shell_interfaces) StdoutLine: {'line': b'[100%] Built target shell_interfaces__rosidl_typesupport_c__pyext\n'}
[36.382884] (-) TimerEvent: {}
[36.490306] (-) TimerEvent: {}
[36.546492] (shell_interfaces) StdoutLine: {'line': b'[100%] Built target shell_interfaces__rosidl_typesupport_introspection_c__pyext\n'}
[36.591297] (shell_interfaces) CommandEnded: {'returncode': 0}
[36.593264] (-) TimerEvent: {}
[36.595715] (shell_interfaces) JobProgress: {'identifier': 'shell_interfaces', 'progress': 'install'}
[36.619988] (shell_interfaces) Command: {'cmd': ['/usr/bin/cmake', '--install', '/home/esraamustafa/path_planning/Path_Planning_Shell_AI/ros2_sim/build/shell_interfaces'], 'cwd': '/home/esraamustafa/path_planning/Path_Planning_Shell_AI/ros2_sim/build/shell_interfaces', 'env': OrderedDict([('PYTHON_BASIC_REPL', '1'), ('LESSOPEN', '| /usr/bin/lesspipe %s'), ('USER', 'esraamustafa'), ('GIT_ASKPASS', '/home/esraamustafa/.vscode-server/bin/b6a47e94e326b5c209d118cf0f994d6065585705/extensions/git/dist/askpass.sh'), ('SHLVL', '1'), ('LD_LIBRARY_PATH', '/home/esraamustafa/path_planning/Path_Planning_Shell_AI/ros2_sim/install/shell_interfaces/lib:/opt/ros/humble/opt/rviz_ogre_vendor/lib:/opt/ros/humble/lib/x86_64-linux-gnu:/opt/ros/humble/lib'), ('MOTD_SHOWN', 'update-motd'), ('HOME', '/home/esraamustafa'), ('OLDPWD', '/home/esraamustafa/path_planning/Path_Planning_Shell_AI/ros2_sim'), ('TERM_PROGRAM_VERSION', '1.109.3'), ('VSCODE_IPC_HOOK_CLI', '/run/user/1000/vscode-ipc-5ac49f20-aa14-42e3-b735-676b2c2c419b.sock'), ('ROS_PYTHON_VERSION', '3'), ('VSCODE_GIT_ASKPASS_MAIN', '/home/esraamustafa/.vscode-server/bin/b6a47e94e326b5c209d118cf0f994d6065585705/extensions/git/dist/askpass-main.js'), ('VSCODE_GIT_ASKPASS_NODE', '/home/esraamustafa/.vscode-server/bin/b6a47e94e326b5c209d118cf0f994d6065585705/node'), ('PYDEVD_DISABLE_FILE_VALIDATION', '1'), ('BUNDLED_DEBUGPY_PATH', '/home/esraamustafa/.vscode-server/extensions/ms-python.debugpy-2025.18.0-linux-x64/bundled/libs/debugpy'), ('VSCODE_PYTHON_AUTOACTIVATE_GUARD', '1'), ('DBUS_SESSION_BUS_ADDRESS', 'unix:path=/run/user/1000/bus'), ('COLORTERM', 'truecolor'), ('WSL_DISTRO_NAME', 'Ubuntu-22.04'), ('WAYLAND_DISPLAY', 'wayland-0'), ('COLCON_PREFIX_PATH', '/home/esraamustafa/path_planning/Path_Planning_Shell_AI/ros2_sim/install'), ('ROS_DISTRO', 'humble'), ('LOGNAME', 'esraamustafa'), ('NAME', 'Esraa'), ('WSL_INTEROP', '/run/WSL/373_interop'), ('PULSE_SERVER', 'unix:/mnt/wslg/PulseServer'), ('_', '/usr/bin/colcon'), ('ROS_VERSION', '2'), ('TERM', 'xterm-256color'), ('ROS_LOCALHOST_ONLY', '0'), ('PATH', '/home/esraamustafa/.vscode-server/data/User/globalStorage/github.copilot-chat/debugCommand:/home/esraamustafa/.vscode-server/data/User/globalStorage/github.copilot-chat/copilotCli:/home/esraamustafa/.vscode-server/bin/b6a47e94e326b5c209d118cf0f994d6065585705/bin/remote-cli:/home/esraamustafa/.local/bin:/opt/ros/humble/bin:/usr/local/sbin:/usr/local/bin:/usr/sbin:/usr/bin:/sbin:/bin:/usr/games:/usr/local/games:/usr/lib/wsl/lib:/mnt/c/Program Files/Common Files/Oracle/Java/javapath:/mnt/c/Users/esraa/AppData/Local/Programs/Python/Python312/Scripts/:/mnt/c/Users/esraa/AppData/Local/Programs/Python/Python312/:/mnt/c/WINDOWS/system32:/mnt/c/WINDOWS:/mnt/c/WINDOWS/System32/Wbem:/mnt/c/WINDOWS/System32/WindowsPowerShell/v1.0/:/mnt/c/WINDOWS/System32/OpenSSH/:/mnt/c/Program Files/dotnet/:/mnt/c/Program Files/Git/cmd:/mnt/c/Program Files/nodejs/:/mnt/c/ProgramData/chocolatey/bin:/mnt/c/msys64/mingw64/bin:/mnt/c/Program Files/GitHub CLI/:/mnt/c/Program Files/MATLAB/R2024b/bin:/mnt/c/Program Files (x86)/Microsoft SQL Server/160/Tools/Binn/:/mnt/c/Program Files/Microsoft SQL Server/160/Tools/Binn/:/mnt/c/Program Files/Microsoft SQL Server/Client SDK/ODBC/170/Tools/Binn/:/mnt/c/Program Files/Microsoft SQL Server/160/DTS/Binn/:/mnt/c/Program Files/Microsoft SQL Server/150/Tools/Binn/:/mnt/c/Program Files/CMake/bin:/mnt/c/Program Files/Docker/Docker/resources/bin:/mnt/c/xampp/php/php.exe:/mnt/c/Users/esraa/AppData/Local/Programs/Python/Python314/Scripts/:/mnt/c/Users/esraa/AppData/Local/Programs/Python/Python314/:/mnt/c/Users/esraa/AppData/Local/Programs/Python/Launcher/:/mnt/c/Users/esraa/AppData/Local/Microsoft/WindowsApps:/mnt/c/Users/esraa/AppData/Local/Programs/Microsoft_VS_Code/bin:/mnt/c/Users/esraa/AppData/Local/Microsoft/WinGet/Packages/Schniz.fnm_Microsoft.Winget.Source_8wekyb3d8bbwe:/mnt/c/Users/esraa/AppData/Roaming/npm:/mnt/c/Users/esraa/AppData/Local/GitHubDesktop/bin:/mnt/c/Users/esraa/.dotnet/tools:/mnt/d/IntelliJ IDEA 2024.2.3/bin:/mnt/c/Program Files/JetBrains/IntelliJ IDEA Community Edition 2024.2.3/bin:/mnt/c/Program Files/MongoDB/Server/8.2/bin:/mnt/c/Users/esraa/AppData/Local/Programs/mongosh/:/snap/bin:/home/esraamustafa/.vscode-server/extensions/ms-python.debugpy-2025.18.0-linux-x64/bundled/scripts/noConfigScripts'), ('XDG_RUNTIME_DIR', '/run/user/1000/'), ('DISPLAY', ':0'), ('VSCODE_DEBUGPY_ADAPTER_ENDPOINTS', '/home/esraamustafa/.vscode-server/extensions/ms-python.debugpy-2025.18.0-linux-x64/.noConfigDebugAdapterEndpoints/endpoint-9aa057c463a7ace4.txt'), ('LANG', 'C.UTF-8'), ('PYTHONSTARTUP', '/home/esraamustafa/.vscode-server/data/User/workspaceStorage/9188cf032e28f409f831a5c4cd4238d1/ms-python.python/pythonrc.py'), ('LS_COLORS', 'rs=0:di=01;34:ln=01;36:mh=00:pi=40;33:so=01;35:do=01;35:bd=40;33;01:cd=40;33;01:or=40;31;01:mi=00:su=37;41:sg=30;43:ca=30;41:tw=30;42:ow=34;42:st=37;44:ex=01;32:*.tar=01;31:*.tgz=01;31:*.arc=01;31:*.arj=01;31:*.taz=01;31:*.lha=01;31:*.lz4=01;31:*.lzh=01;31:*.lzma=01;31:*.tlz=01;31:*.txz=01;31:*.tzo=01;31:*.t7z=01;31:*.zip=01;31:*.z=01;31:*.dz=01;31:*.gz=01;31:*.lrz=01;31:*.lz=01;31:*.lzo=01;31:*.xz=01;31:*.zst=01;31:*.tzst=01;31:*.bz2=01;31:*.bz=01;31:*.tbz=01;31:*.tbz2=01;31:*.tz=01;31:*.deb=01;31:*.rpm=01;31:*.jar=01;31:*.war=01;31:*.ear=01;31:*.sar=01;31:*.rar=01;31:*.alz=01;31:*.ace=01;31:*.zoo=01;31:*.cpio=01;31:*.7z=01;31:*.rz=01;31:*.cab=01;31:*.wim=01;31:*.swm=01;31:*.dwm=01;31:*.esd=01;31:*.jpg=01;35:*.jpeg=01;35:*.mjpg=01;35:*.mjpeg=01;35:*.gif=01;35:*.bmp=01;35:*.pbm=01;35:*.pgm=01;35:*.ppm=01;35:*.tga=01;35:*.xbm=01;35:*.xpm=01;35:*.tif=01;35:*.tiff=01;35:*.png=01;35:*.svg=01;35:*.svgz=01;35:*.mng=01;35:*.pcx=01;35:*.mov=01;35:*.mpg=01;35:*.mpeg=01;35:*.m2v=01;35:*.mkv=01;35:*.webm=01;35:*.webp=01;35:*.ogm=01;35:*.mp4=01;35:*.m4v=01;35:*.mp4v=01;35:*.vob=01;35:*.qt=01;35:*.nuv=01;35:*.wmv=01;35:*.asf=01;35:*.rm=01;35:*.rmvb=01;35:*.flc=01;35:*.avi=01;35:*.fli=01;35:*.flv=01;35:*.gl=01;35:*.dl=01;35:*.xcf=01;35:*.xwd=01;35:*.yuv=01;35:*.cgm=01;35:*.emf=01;35:*.ogv=01;35:*.ogx=01;35:*.aac=00;36:*.au=00;36:*.flac=00;36:*.m4a=00;36:*.mid=00;36:*.midi=00;36:*.mka=00;36:*.mp3=00;36:*.mpc=00;36:*.ogg=00;36:*.ra=00;36:*.wav=00;36:*.oga=00;36:*.opus=00;36:*.spx=00;36:*.xspf=00;36:'), ('VSCODE_GIT_IPC_HANDLE', '/run/user/1000/vscode-git-7233589553.sock'), ('TERM_PROGRAM', 'vscode'), ('AMENT_PREFIX_PATH', '/home/esraamustafa/path_planning/Path_Planning_Shell_AI/ros2_sim/install/shell_visualization:/home/esraamustafa/path_planning/Path_Planning_Shell_AI/ros2_sim/install/shell_test_nodes:/home/esraamustafa/path_planning/Path_Planning_Shell_AI/ros2_sim/install/shell_planning:/home/esraamustafa/path_planning/Path_Planning_Shell_AI/ros2_sim/install/shell_interfaces:/opt/ros/humble'), ('SHELL', '/bin/bash'), ('LESSCLOSE', '/usr/bin/lesspipe %s %s'), ('VSCODE_GIT_ASKPASS_EXTRA_ARGS', ''), ('PWD', '/home/esraamustafa/path_planning/Path_Planning_Shell_AI/ros2_sim/build/shell_interfaces'), ('XDG_DATA_DIRS', '/usr/local/share:/usr/share:/var/lib/snapd/desktop'), ('PYTHONPATH', '/home/esraamustafa/path_planning/Path_Planning_Shell_AI/ros2_sim/build/shell_visualization:/home/esraamustafa/path_planning/Path_Planning_Shell_AI/ros2_sim/install/shell_visualization/lib/python3.10/site-packages:/home/esraamustafa/path_planning/Path_Planning_Shell_AI/ros2_sim/build/shell_test_nodes:/home/esraamustafa/path_planning/Path_Planning_Shell_AI/ros2_sim/install/shell_test_nodes/lib/python3.10/site-packages:/home/esraamustafa/path_planning/Path_Planning_Shell_AI/ros2_sim/build/shell_planning:/home/esraamustafa/path_planning/Path_Planning_Shell_AI/ros2_sim/install/shell_planning/lib/python3.10/site-packages:/home/esraamustafa/path_planning/Path_Planning_Shell_AI/ros2_sim/install/shell_interfaces/local/lib/python3.10/dist-packages:/opt/ros/humble/lib/python3.10/site-packages:/opt/ros/humble/local/lib/python3.10/dist-packages'), ('COLCON', '1'), ('WSL2_GUI_APPS_ENABLED', '1'), ('HOSTTYPE', 'x86_64'), ('CMAKE_PREFIX_PATH', '/home/esraamustafa/path_planning/Path_Planning_Shell_AI/ros2_sim/install/shell_interfaces:/home/esraamustafa/path_planning/Path_Planning_Shell_AI/ros2_sim/install/shell_visualization:/home/esraamustafa/path_planning/Path_Planning_Shell_AI/ros2_sim/install/shell_test_nodes:/home/esraamustafa/path_planning/Path_Planning_Shell_AI/ros2_sim/install/shell_planning:/opt/ros/humble'), ('WSLENV', 'VSCODE_WSL_EXT_LOCATION/up:VSCODE_SERVER_TAR/up')]), 'shell': False}
[36.663475] (shell_interfaces) StdoutLine: {'line': b'-- Install configuration: ""\n'}
[36.665612] (shell_interfaces) StdoutLine: {'line': b'-- Execute custom install script\n'}
[36.667813] (shell_interfaces) StdoutLine: {'line': b'-- Symlinking: /home/esraamustafa/path_planning/Path_Planning_Shell_AI/ros2_sim/install/shell_interfaces/share/ament_index/resource_index/rosidl_interfaces/shell_interfaces\n'}
[36.693569] (-) TimerEvent: {}
[36.698307] (shell_interfaces) StdoutLine: {'line': b'-- Symlinking: /home/esraamustafa/path_planning/Path_Planning_Shell_AI/ros2_sim/install/shell_interfaces/include/shell_interfaces/shell_interfaces/msg/boundary.h\n'}
[36.737968] (shell_interfaces) StdoutLine: {'line': b'-- Symlinking: /home/esraamustafa/path_planning/Path_Planning_Shell_AI/ros2_sim/install/shell_interfaces/include/shell_interfaces/shell_interfaces/msg/detail/boundary__functions.h\n'}
[36.781361] (shell_interfaces) StdoutLine: {'line': b'-- Symlinking: /home/esraamustafa/path_planning/Path_Planning_Shell_AI/ros2_sim/install/shell_interfaces/include/shell_interfaces/shell_interfaces/msg/detail/boundary__struct.h\n'}
[36.793829] (-) TimerEvent: {}
[36.806784] (shell_interfaces) StdoutLine: {'line': b'-- Symlinking: /home/esraamustafa/path_planning/Path_Planning_Shell_AI/ros2_sim/install/shell_interfaces/include/shell_interfaces/shell_interfaces/msg/detail/boundary__type_support.h\n'}
[36.852141] (shell_interfaces) StdoutLine: {'line': b'-- Symlinking: /home/esraamustafa/path_planning/Path_Planning_Shell_AI/ros2_sim/install/shell_interfaces/include/shell_interfaces/shell_interfaces/msg/detail/obstacle__functions.h\n'}
[36.873096] (shell_interfaces) StdoutLine: {'line': b'-- Symlinking: /home/esraamustafa/path_planning/Path_Planning_Shell_AI/ros2_sim/install/shell_interfaces/include/shell_interfaces/shell_interfaces/msg/detail/obstacle__struct.h\n'}
[36.894360] (shell_interfaces) StdoutLine: {'line': b'-- Symlinking: /home/esraamustafa/path_planning/Path_Planning_Shell_AI/ros2_sim/install/shell_interfaces/include/shell_interfaces/shell_interfaces/msg/detail/obstacle__type_support.h\n'}
[36.894825] (-) TimerEvent: {}
[36.932036] (shell_interfaces) StdoutLine: {'line': b'-- Symlinking: /home/esraamustafa/path_planning/Path_Planning_Shell_AI/ros2_sim/install/shell_interfaces/include/shell_interfaces/shell_interfaces/msg/detail/obstacle_array__functions.h\n'}
[36.957545] (shell_interfaces) StdoutLine: {'line': b'-- Symlinking: /home/esraamustafa/path_planning/Path_Planning_Shell_AI/ros2_sim/install/shell_interfaces/include/shell_interfaces/shell_interfaces/msg/detail/obstacle_array__struct.h\n'}
[36.978718] (shell_interfaces) StdoutLine: {'line': b'-- Symlinking: /home/esraamustafa/path_planning/Path_Planning_Shell_AI/ros2_sim/install/shell_interfaces/include/shell_interfaces/shell_interfaces/msg/detail/obstacle_array__type_support.h\n'}
[36.995035] (-) TimerEvent: {}
[37.003624] (shell_interfaces) StdoutLine: {'line': b'-- Symlinking: /home/esraamustafa/path_planning/Path_Planning_Shell_AI/ros2_sim/install/shell_interfaces/include/shell_interfaces/shell_interfaces/msg/detail/trajectory__functions.h\n'}
[37.036249] (shell_interfaces) StdoutLine: {'line': b'-- Symlinking: /home/esraamustafa/path_planning/Path_Planning_Shell_AI/ros2_sim/install/shell_interfaces/include/shell_interfaces/shell_interfaces/msg/detail/trajectory__struct.h\n'}
[37.059438] (shell_interfaces) StdoutLine: {'line': b'-- Symlinking: /home/esraamustafa/path_planning/Path_Planning_Shell_AI/ros2_sim/install/shell_interfaces/include/shell_interfaces/shell_interfaces/msg/detail/trajectory__type_support.h\n'}
[37.081447] (shell_interfaces) StdoutLine: {'line': b'-- Symlinking: /home/esraamustafa/path_planning/Path_Planning_Shell_AI/ros2_sim/install/shell_interfaces/include/shell_interfaces/shell_interfaces/msg/detail/trajectory_point__functions.h\n'}
[37.095329] (-) TimerEvent: {}
[37.110196] (shell_interfaces) StdoutLine: {'line': b'-- Symlinking: /home/esraamustafa/path_planning/Path_Planning_Shell_AI/ros2_sim/install/shell_interfaces/include/shell_interfaces/shell_interfaces/msg/detail/trajectory_point__struct.h\n'}
[37.144268] (shell_interfaces) StdoutLine: {'line': b'-- Symlinking: /home/esraamustafa/path_planning/Path_Planning_Shell_AI/ros2_sim/install/shell_interfaces/include/shell_interfaces/shell_interfaces/msg/detail/trajectory_point__type_support.h\n'}
[37.167834] (shell_interfaces) StdoutLine: {'line': b'-- Symlinking: /home/esraamustafa/path_planning/Path_Planning_Shell_AI/ros2_sim/install/shell_interfaces/include/shell_interfaces/shell_interfaces/msg/obstacle.h\n'}
[37.191462] (shell_interfaces) StdoutLine: {'line': b'-- Symlinking: /home/esraamustafa/path_planning/Path_Planning_Shell_AI/ros2_sim/install/shell_interfaces/include/shell_interfaces/shell_interfaces/msg/obstacle_array.h\n'}
[37.195548] (-) TimerEvent: {}
[37.215006] (shell_interfaces) StdoutLine: {'line': b'-- Symlinking: /home/esraamustafa/path_planning/Path_Planning_Shell_AI/ros2_sim/install/shell_interfaces/include/shell_interfaces/shell_interfaces/msg/rosidl_generator_c__visibility_control.h\n'}
[37.252617] (shell_interfaces) StdoutLine: {'line': b'-- Symlinking: /home/esraamustafa/path_planning/Path_Planning_Shell_AI/ros2_sim/install/shell_interfaces/include/shell_interfaces/shell_interfaces/msg/trajectory.h\n'}
[37.281783] (shell_interfaces) StdoutLine: {'line': b'-- Symlinking: /home/esraamustafa/path_planning/Path_Planning_Shell_AI/ros2_sim/install/shell_interfaces/include/shell_interfaces/shell_interfaces/msg/trajectory_point.h\n'}
[37.295757] (-) TimerEvent: {}
[37.299834] (shell_interfaces) StdoutLine: {'line': b'-- Symlinking: /home/esraamustafa/path_planning/Path_Planning_Shell_AI/ros2_sim/install/shell_interfaces/share/shell_interfaces/environment/library_path.sh\n'}
[37.317247] (shell_interfaces) StdoutLine: {'line': b'-- Symlinking: /home/esraamustafa/path_planning/Path_Planning_Shell_AI/ros2_sim/install/shell_interfaces/share/shell_interfaces/environment/library_path.dsv\n'}
[37.341619] (shell_interfaces) StdoutLine: {'line': b'-- Symlinking: /home/esraamustafa/path_planning/Path_Planning_Shell_AI/ros2_sim/install/shell_interfaces/include/shell_interfaces/shell_interfaces/msg/detail/boundary__rosidl_typesupport_fastrtps_c.h\n'}
[37.367141] (shell_interfaces) StdoutLine: {'line': b'-- Symlinking: /home/esraamustafa/path_planning/Path_Planning_Shell_AI/ros2_sim/install/shell_interfaces/include/shell_interfaces/shell_interfaces/msg/detail/obstacle__rosidl_typesupport_fastrtps_c.h\n'}
[37.394659] (shell_interfaces) StdoutLine: {'line': b'-- Symlinking: /home/esraamustafa/path_planning/Path_Planning_Shell_AI/ros2_sim/install/shell_interfaces/include/shell_interfaces/shell_interfaces/msg/detail/obstacle_array__rosidl_typesupport_fastrtps_c.h\n'}
[37.395908] (-) TimerEvent: {}
[37.424977] (shell_interfaces) StdoutLine: {'line': b'-- Symlinking: /home/esraamustafa/path_planning/Path_Planning_Shell_AI/ros2_sim/install/shell_interfaces/include/shell_interfaces/shell_interfaces/msg/detail/trajectory__rosidl_typesupport_fastrtps_c.h\n'}
[37.461902] (shell_interfaces) StdoutLine: {'line': b'-- Symlinking: /home/esraamustafa/path_planning/Path_Planning_Shell_AI/ros2_sim/install/shell_interfaces/include/shell_interfaces/shell_interfaces/msg/detail/trajectory_point__rosidl_typesupport_fastrtps_c.h\n'}
[37.483279] (shell_interfaces) StdoutLine: {'line': b'-- Symlinking: /home/esraamustafa/path_planning/Path_Planning_Shell_AI/ros2_sim/install/shell_interfaces/include/shell_interfaces/shell_interfaces/msg/rosidl_typesupport_fastrtps_c__visibility_control.h\n'}
[37.496114] (-) TimerEvent: {}
[37.517214] (shell_interfaces) StdoutLine: {'line': b'-- Symlinking: /home/esraamustafa/path_planning/Path_Planning_Shell_AI/ros2_sim/install/shell_interfaces/include/shell_interfaces/shell_interfaces/msg/detail/boundary__rosidl_typesupport_introspection_c.h\n'}
[37.558825] (shell_interfaces) StdoutLine: {'line': b'-- Symlinking: /home/esraamustafa/path_planning/Path_Planning_Shell_AI/ros2_sim/install/shell_interfaces/include/shell_interfaces/shell_interfaces/msg/detail/obstacle__rosidl_typesupport_introspection_c.h\n'}
[37.584652] (shell_interfaces) StdoutLine: {'line': b'-- Symlinking: /home/esraamustafa/path_planning/Path_Planning_Shell_AI/ros2_sim/install/shell_interfaces/include/shell_interfaces/shell_interfaces/msg/detail/obstacle_array__rosidl_typesupport_introspection_c.h\n'}
[37.596365] (-) TimerEvent: {}
[37.612047] (shell_interfaces) StdoutLine: {'line': b'-- Symlinking: /home/esraamustafa/path_planning/Path_Planning_Shell_AI/ros2_sim/install/shell_interfaces/include/shell_interfaces/shell_interfaces/msg/detail/trajectory__rosidl_typesupport_introspection_c.h\n'}
[37.629906] (shell_interfaces) StdoutLine: {'line': b'-- Symlinking: /home/esraamustafa/path_planning/Path_Planning_Shell_AI/ros2_sim/install/shell_interfaces/include/shell_interfaces/shell_interfaces/msg/detail/trajectory_point__rosidl_typesupport_introspection_c.h\n'}
[37.656964] (shell_interfaces) StdoutLine: {'line': b'-- Symlinking: /home/esraamustafa/path_planning/Path_Planning_Shell_AI/ros2_sim/install/shell_interfaces/include/shell_interfaces/shell_interfaces/msg/rosidl_typesupport_introspection_c__visibility_control.h\n'}
[37.681439] (shell_interfaces) StdoutLine: {'line': b'-- Symlinking: /home/esraamustafa/path_planning/Path_Planning_Shell_AI/ros2_sim/install/shell_interfaces/include/shell_interfaces/shell_interfaces/msg/boundary.hpp\n'}
[37.696592] (-) TimerEvent: {}
[37.700353] (shell_interfaces) StdoutLine: {'line': b'-- Symlinking: /home/esraamustafa/path_planning/Path_Planning_Shell_AI/ros2_sim/install/shell_interfaces/include/shell_interfaces/shell_interfaces/msg/detail/boundary__builder.hpp\n'}
[37.714594] (shell_interfaces) StdoutLine: {'line': b'-- Symlinking: /home/esraamustafa/path_planning/Path_Planning_Shell_AI/ros2_sim/install/shell_interfaces/include/shell_interfaces/shell_interfaces/msg/detail/boundary__struct.hpp\n'}
[37.751542] (shell_interfaces) StdoutLine: {'line': b'-- Symlinking: /home/esraamustafa/path_planning/Path_Planning_Shell_AI/ros2_sim/install/shell_interfaces/include/shell_interfaces/shell_interfaces/msg/detail/boundary__traits.hpp\n'}
[37.773217] (shell_interfaces) StdoutLine: {'line': b'-- Symlinking: /home/esraamustafa/path_planning/Path_Planning_Shell_AI/ros2_sim/install/shell_interfaces/include/shell_interfaces/shell_interfaces/msg/detail/boundary__type_support.hpp\n'}
[37.790910] (shell_interfaces) StdoutLine: {'line': b'-- Symlinking: /home/esraamustafa/path_planning/Path_Planning_Shell_AI/ros2_sim/install/shell_interfaces/include/shell_interfaces/shell_interfaces/msg/detail/obstacle__builder.hpp\n'}
[37.797508] (-) TimerEvent: {}
[37.821513] (shell_interfaces) StdoutLine: {'line': b'-- Symlinking: /home/esraamustafa/path_planning/Path_Planning_Shell_AI/ros2_sim/install/shell_interfaces/include/shell_interfaces/shell_interfaces/msg/detail/obstacle__struct.hpp\n'}
[37.842623] (shell_interfaces) StdoutLine: {'line': b'-- Symlinking: /home/esraamustafa/path_planning/Path_Planning_Shell_AI/ros2_sim/install/shell_interfaces/include/shell_interfaces/shell_interfaces/msg/detail/obstacle__traits.hpp\n'}
[37.868388] (shell_interfaces) StdoutLine: {'line': b'-- Symlinking: /home/esraamustafa/path_planning/Path_Planning_Shell_AI/ros2_sim/install/shell_interfaces/include/shell_interfaces/shell_interfaces/msg/detail/obstacle__type_support.hpp\n'}
[37.887446] (shell_interfaces) StdoutLine: {'line': b'-- Symlinking: /home/esraamustafa/path_planning/Path_Planning_Shell_AI/ros2_sim/install/shell_interfaces/include/shell_interfaces/shell_interfaces/msg/detail/obstacle_array__builder.hpp\n'}
[37.897874] (-) TimerEvent: {}
[37.914611] (shell_interfaces) StdoutLine: {'line': b'-- Symlinking: /home/esraamustafa/path_planning/Path_Planning_Shell_AI/ros2_sim/install/shell_interfaces/include/shell_interfaces/shell_interfaces/msg/detail/obstacle_array__struct.hpp\n'}
[37.959152] (shell_interfaces) StdoutLine: {'line': b'-- Symlinking: /home/esraamustafa/path_planning/Path_Planning_Shell_AI/ros2_sim/install/shell_interfaces/include/shell_interfaces/shell_interfaces/msg/detail/obstacle_array__traits.hpp\n'}
[37.978497] (shell_interfaces) StdoutLine: {'line': b'-- Symlinking: /home/esraamustafa/path_planning/Path_Planning_Shell_AI/ros2_sim/install/shell_interfaces/include/shell_interfaces/shell_interfaces/msg/detail/obstacle_array__type_support.hpp\n'}
[37.998050] (-) TimerEvent: {}
[38.011812] (shell_interfaces) StdoutLine: {'line': b'-- Symlinking: /home/esraamustafa/path_planning/Path_Planning_Shell_AI/ros2_sim/install/shell_interfaces/include/shell_interfaces/shell_interfaces/msg/detail/trajectory__builder.hpp\n'}
[38.036758] (shell_interfaces) StdoutLine: {'line': b'-- Symlinking: /home/esraamustafa/path_planning/Path_Planning_Shell_AI/ros2_sim/install/shell_interfaces/include/shell_interfaces/shell_interfaces/msg/detail/trajectory__struct.hpp\n'}
[38.064419] (shell_interfaces) StdoutLine: {'line': b'-- Symlinking: /home/esraamustafa/path_planning/Path_Planning_Shell_AI/ros2_sim/install/shell_interfaces/include/shell_interfaces/shell_interfaces/msg/detail/trajectory__traits.hpp\n'}
[38.082762] (shell_interfaces) StdoutLine: {'line': b'-- Symlinking: /home/esraamustafa/path_planning/Path_Planning_Shell_AI/ros2_sim/install/shell_interfaces/include/shell_interfaces/shell_interfaces/msg/detail/trajectory__type_support.hpp\n'}
[38.098359] (-) TimerEvent: {}
[38.105221] (shell_interfaces) StdoutLine: {'line': b'-- Symlinking: /home/esraamustafa/path_planning/Path_Planning_Shell_AI/ros2_sim/install/shell_interfaces/include/shell_interfaces/shell_interfaces/msg/detail/trajectory_point__builder.hpp\n'}
[38.148317] (shell_interfaces) StdoutLine: {'line': b'-- Symlinking: /home/esraamustafa/path_planning/Path_Planning_Shell_AI/ros2_sim/install/shell_interfaces/include/shell_interfaces/shell_interfaces/msg/detail/trajectory_point__struct.hpp\n'}
[38.170933] (shell_interfaces) StdoutLine: {'line': b'-- Symlinking: /home/esraamustafa/path_planning/Path_Planning_Shell_AI/ros2_sim/install/shell_interfaces/include/shell_interfaces/shell_interfaces/msg/detail/trajectory_point__traits.hpp\n'}
[38.192048] (shell_interfaces) StdoutLine: {'line': b'-- Symlinking: /home/esraamustafa/path_planning/Path_Planning_Shell_AI/ros2_sim/install/shell_interfaces/include/shell_interfaces/shell_interfaces/msg/detail/trajectory_point__type_support.hpp\n'}
[38.198639] (-) TimerEvent: {}
[38.208487] (shell_interfaces) StdoutLine: {'line': b'-- Symlinking: /home/esraamustafa/path_planning/Path_Planning_Shell_AI/ros2_sim/install/shell_interfaces/include/shell_interfaces/shell_interfaces/msg/obstacle.hpp\n'}
[38.228327] (shell_interfaces) StdoutLine: {'line': b'-- Symlinking: /home/esraamustafa/path_planning/Path_Planning_Shell_AI/ros2_sim/install/shell_interfaces/include/shell_interfaces/shell_interfaces/msg/obstacle_array.hpp\n'}
[38.262542] (shell_interfaces) StdoutLine: {'line': b'-- Symlinking: /home/esraamustafa/path_planning/Path_Planning_Shell_AI/ros2_sim/install/shell_interfaces/include/shell_interfaces/shell_interfaces/msg/rosidl_generator_cpp__visibility_control.hpp\n'}
[38.285616] (shell_interfaces) StdoutLine: {'line': b'-- Symlinking: /home/esraamustafa/path_planning/Path_Planning_Shell_AI/ros2_sim/install/shell_interfaces/include/shell_interfaces/shell_interfaces/msg/trajectory.hpp\n'}
[38.298839] (-) TimerEvent: {}
[38.302400] (shell_interfaces) StdoutLine: {'line': b'-- Symlinking: /home/esraamustafa/path_planning/Path_Planning_Shell_AI/ros2_sim/install/shell_interfaces/include/shell_interfaces/shell_interfaces/msg/trajectory_point.hpp\n'}
[38.322600] (shell_interfaces) StdoutLine: {'line': b'-- Symlinking: /home/esraamustafa/path_planning/Path_Planning_Shell_AI/ros2_sim/install/shell_interfaces/include/shell_interfaces/shell_interfaces/msg/detail/boundary__rosidl_typesupport_fastrtps_cpp.hpp\n'}
[38.352811] (shell_interfaces) StdoutLine: {'line': b'-- Symlinking: /home/esraamustafa/path_planning/Path_Planning_Shell_AI/ros2_sim/install/shell_interfaces/include/shell_interfaces/shell_interfaces/msg/detail/obstacle__rosidl_typesupport_fastrtps_cpp.hpp\n'}
[38.368744] (shell_interfaces) StdoutLine: {'line': b'-- Symlinking: /home/esraamustafa/path_planning/Path_Planning_Shell_AI/ros2_sim/install/shell_interfaces/include/shell_interfaces/shell_interfaces/msg/detail/obstacle_array__rosidl_typesupport_fastrtps_cpp.hpp\n'}
[38.393439] (shell_interfaces) StdoutLine: {'line': b'-- Symlinking: /home/esraamustafa/path_planning/Path_Planning_Shell_AI/ros2_sim/install/shell_interfaces/include/shell_interfaces/shell_interfaces/msg/detail/trajectory__rosidl_typesupport_fastrtps_cpp.hpp\n'}
[38.399060] (-) TimerEvent: {}
[38.425954] (shell_interfaces) StdoutLine: {'line': b'-- Symlinking: /home/esraamustafa/path_planning/Path_Planning_Shell_AI/ros2_sim/install/shell_interfaces/include/shell_interfaces/shell_interfaces/msg/detail/trajectory_point__rosidl_typesupport_fastrtps_cpp.hpp\n'}
[38.448651] (shell_interfaces) StdoutLine: {'line': b'-- Symlinking: /home/esraamustafa/path_planning/Path_Planning_Shell_AI/ros2_sim/install/shell_interfaces/include/shell_interfaces/shell_interfaces/msg/rosidl_typesupport_fastrtps_cpp__visibility_control.h\n'}
[38.470918] (shell_interfaces) StdoutLine: {'line': b'-- Symlinking: /home/esraamustafa/path_planning/Path_Planning_Shell_AI/ros2_sim/install/shell_interfaces/include/shell_interfaces/shell_interfaces/msg/detail/boundary__rosidl_typesupport_introspection_cpp.hpp\n'}
[38.487518] (shell_interfaces) StdoutLine: {'line': b'-- Symlinking: /home/esraamustafa/path_planning/Path_Planning_Shell_AI/ros2_sim/install/shell_interfaces/include/shell_interfaces/shell_interfaces/msg/detail/obstacle__rosidl_typesupport_introspection_cpp.hpp\n'}
[38.499363] (-) TimerEvent: {}
[38.506821] (shell_interfaces) StdoutLine: {'line': b'-- Symlinking: /home/esraamustafa/path_planning/Path_Planning_Shell_AI/ros2_sim/install/shell_interfaces/include/shell_interfaces/shell_interfaces/msg/detail/obstacle_array__rosidl_typesupport_introspection_cpp.hpp\n'}
[38.530952] (shell_interfaces) StdoutLine: {'line': b'-- Symlinking: /home/esraamustafa/path_planning/Path_Planning_Shell_AI/ros2_sim/install/shell_interfaces/include/shell_interfaces/shell_interfaces/msg/detail/trajectory__rosidl_typesupport_introspection_cpp.hpp\n'}
[38.570840] (shell_interfaces) StdoutLine: {'line': b'-- Symlinking: /home/esraamustafa/path_planning/Path_Planning_Shell_AI/ros2_sim/install/shell_interfaces/include/shell_interfaces/shell_interfaces/msg/detail/trajectory_point__rosidl_typesupport_introspection_cpp.hpp\n'}
[38.590915] (shell_interfaces) StdoutLine: {'line': b'-- Symlinking: /home/esraamustafa/path_planning/Path_Planning_Shell_AI/ros2_sim/install/shell_interfaces/share/shell_interfaces/environment/pythonpath.sh\n'}
[38.599585] (-) TimerEvent: {}
[38.610639] (shell_interfaces) StdoutLine: {'line': b'-- Symlinking: /home/esraamustafa/path_planning/Path_Planning_Shell_AI/ros2_sim/install/shell_interfaces/share/shell_interfaces/environment/pythonpath.dsv\n'}
[38.640011] (shell_interfaces) StdoutLine: {'line': b'-- Symlinking: /home/esraamustafa/path_planning/Path_Planning_Shell_AI/ros2_sim/install/shell_interfaces/local/lib/python3.10/dist-packages/shell_interfaces-0.0.0-py3.10.egg-info/PKG-INFO\n'}
[38.664594] (shell_interfaces) StdoutLine: {'line': b'-- Symlinking: /home/esraamustafa/path_planning/Path_Planning_Shell_AI/ros2_sim/install/shell_interfaces/local/lib/python3.10/dist-packages/shell_interfaces-0.0.0-py3.10.egg-info/SOURCES.txt\n'}
[38.682270] (shell_interfaces) StdoutLine: {'line': b'-- Symlinking: /home/esraamustafa/path_planning/Path_Planning_Shell_AI/ros2_sim/install/shell_interfaces/local/lib/python3.10/dist-packages/shell_interfaces-0.0.0-py3.10.egg-info/dependency_links.txt\n'}
[38.699763] (-) TimerEvent: {}
[38.701891] (shell_interfaces) StdoutLine: {'line': b'-- Symlinking: /home/esraamustafa/path_planning/Path_Planning_Shell_AI/ros2_sim/install/shell_interfaces/local/lib/python3.10/dist-packages/shell_interfaces-0.0.0-py3.10.egg-info/top_level.txt\n'}
[38.719316] (shell_interfaces) StdoutLine: {'line': b'-- Symlinking: /home/esraamustafa/path_planning/Path_Planning_Shell_AI/ros2_sim/install/shell_interfaces/local/lib/python3.10/dist-packages/shell_interfaces/__init__.py\n'}
[38.743343] (shell_interfaces) StdoutLine: {'line': b'-- Symlinking: /home/esraamustafa/path_planning/Path_Planning_Shell_AI/ros2_sim/install/shell_interfaces/local/lib/python3.10/dist-packages/shell_interfaces/_shell_interfaces_s.ep.rosidl_typesupport_c.c\n'}
[38.765903] (shell_interfaces) StdoutLine: {'line': b'-- Symlinking: /home/esraamustafa/path_planning/Path_Planning_Shell_AI/ros2_sim/install/shell_interfaces/local/lib/python3.10/dist-packages/shell_interfaces/_shell_interfaces_s.ep.rosidl_typesupport_fastrtps_c.c\n'}
[38.779880] (shell_interfaces) StdoutLine: {'line': b'-- Symlinking: /home/esraamustafa/path_planning/Path_Planning_Shell_AI/ros2_sim/install/shell_interfaces/local/lib/python3.10/dist-packages/shell_interfaces/_shell_interfaces_s.ep.rosidl_typesupport_introspection_c.c\n'}
[38.794023] (shell_interfaces) StdoutLine: {'line': b'-- Symlinking: /home/esraamustafa/path_planning/Path_Planning_Shell_AI/ros2_sim/install/shell_interfaces/local/lib/python3.10/dist-packages/shell_interfaces/libshell_interfaces__rosidl_generator_py.so\n'}
[38.799848] (-) TimerEvent: {}
[38.808334] (shell_interfaces) StdoutLine: {'line': b'-- Symlinking: /home/esraamustafa/path_planning/Path_Planning_Shell_AI/ros2_sim/install/shell_interfaces/local/lib/python3.10/dist-packages/shell_interfaces/msg/__init__.py\n'}
[38.824465] (shell_interfaces) StdoutLine: {'line': b'-- Symlinking: /home/esraamustafa/path_planning/Path_Planning_Shell_AI/ros2_sim/install/shell_interfaces/local/lib/python3.10/dist-packages/shell_interfaces/msg/_boundary.py\n'}
[38.852104] (shell_interfaces) StdoutLine: {'line': b'-- Symlinking: /home/esraamustafa/path_planning/Path_Planning_Shell_AI/ros2_sim/install/shell_interfaces/local/lib/python3.10/dist-packages/shell_interfaces/msg/_boundary_s.c\n'}
[38.864944] (shell_interfaces) StdoutLine: {'line': b'-- Symlinking: /home/esraamustafa/path_planning/Path_Planning_Shell_AI/ros2_sim/install/shell_interfaces/local/lib/python3.10/dist-packages/shell_interfaces/msg/_obstacle.py\n'}
[38.877928] (shell_interfaces) StdoutLine: {'line': b'-- Symlinking: /home/esraamustafa/path_planning/Path_Planning_Shell_AI/ros2_sim/install/shell_interfaces/local/lib/python3.10/dist-packages/shell_interfaces/msg/_obstacle_array.py\n'}
[38.890318] (shell_interfaces) StdoutLine: {'line': b'-- Symlinking: /home/esraamustafa/path_planning/Path_Planning_Shell_AI/ros2_sim/install/shell_interfaces/local/lib/python3.10/dist-packages/shell_interfaces/msg/_obstacle_array_s.c\n'}
[38.899989] (-) TimerEvent: {}
[38.903193] (shell_interfaces) StdoutLine: {'line': b'-- Symlinking: /home/esraamustafa/path_planning/Path_Planning_Shell_AI/ros2_sim/install/shell_interfaces/local/lib/python3.10/dist-packages/shell_interfaces/msg/_obstacle_s.c\n'}
[38.924962] (shell_interfaces) StdoutLine: {'line': b'-- Symlinking: /home/esraamustafa/path_planning/Path_Planning_Shell_AI/ros2_sim/install/shell_interfaces/local/lib/python3.10/dist-packages/shell_interfaces/msg/_trajectory.py\n'}
[38.947247] (shell_interfaces) StdoutLine: {'line': b'-- Symlinking: /home/esraamustafa/path_planning/Path_Planning_Shell_AI/ros2_sim/install/shell_interfaces/local/lib/python3.10/dist-packages/shell_interfaces/msg/_trajectory_point.py\n'}
[38.959075] (shell_interfaces) StdoutLine: {'line': b'-- Symlinking: /home/esraamustafa/path_planning/Path_Planning_Shell_AI/ros2_sim/install/shell_interfaces/local/lib/python3.10/dist-packages/shell_interfaces/msg/_trajectory_point_s.c\n'}
[38.969550] (shell_interfaces) StdoutLine: {'line': b'-- Symlinking: /home/esraamustafa/path_planning/Path_Planning_Shell_AI/ros2_sim/install/shell_interfaces/local/lib/python3.10/dist-packages/shell_interfaces/msg/_trajectory_s.c\n'}
[38.980337] (shell_interfaces) StdoutLine: {'line': b'-- Symlinking: /home/esraamustafa/path_planning/Path_Planning_Shell_AI/ros2_sim/install/shell_interfaces/local/lib/python3.10/dist-packages/shell_interfaces/shell_interfaces_s__rosidl_typesupport_c.cpython-310-x86_64-linux-gnu.so\n'}
[38.993790] (shell_interfaces) StdoutLine: {'line': b'-- Symlinking: /home/esraamustafa/path_planning/Path_Planning_Shell_AI/ros2_sim/install/shell_interfaces/local/lib/python3.10/dist-packages/shell_interfaces/shell_interfaces_s__rosidl_typesupport_fastrtps_c.cpython-310-x86_64-linux-gnu.so\n'}
[39.000170] (-) TimerEvent: {}
[39.005083] (shell_interfaces) StdoutLine: {'line': b'-- Symlinking: /home/esraamustafa/path_planning/Path_Planning_Shell_AI/ros2_sim/install/shell_interfaces/local/lib/python3.10/dist-packages/shell_interfaces/shell_interfaces_s__rosidl_typesupport_introspection_c.cpython-310-x86_64-linux-gnu.so\n'}
[39.016106] (shell_interfaces) StdoutLine: {'line': b'-- Up-to-date symlink: /home/esraamustafa/path_planning/Path_Planning_Shell_AI/ros2_sim/install/shell_interfaces/local/lib/python3.10/dist-packages/shell_interfaces/shell_interfaces_s__rosidl_typesupport_fastrtps_c.cpython-310-x86_64-linux-gnu.so\n'}
[39.016913] (shell_interfaces) StdoutLine: {'line': b'-- Up-to-date symlink: /home/esraamustafa/path_planning/Path_Planning_Shell_AI/ros2_sim/install/shell_interfaces/local/lib/python3.10/dist-packages/shell_interfaces/shell_interfaces_s__rosidl_typesupport_introspection_c.cpython-310-x86_64-linux-gnu.so\n'}
[39.017181] (shell_interfaces) StdoutLine: {'line': b'-- Up-to-date symlink: /home/esraamustafa/path_planning/Path_Planning_Shell_AI/ros2_sim/install/shell_interfaces/local/lib/python3.10/dist-packages/shell_interfaces/shell_interfaces_s__rosidl_typesupport_c.cpython-310-x86_64-linux-gnu.so\n'}
[39.017638] (shell_interfaces) StdoutLine: {'line': b'-- Symlinking: /home/esraamustafa/path_planning/Path_Planning_Shell_AI/ros2_sim/install/shell_interfaces/share/shell_interfaces/msg/Trajectory.idl\n'}
[39.037841] (shell_interfaces) StdoutLine: {'line': b'-- Symlinking: /home/esraamustafa/path_planning/Path_Planning_Shell_AI/ros2_sim/install/shell_interfaces/share/shell_interfaces/msg/TrajectoryPoint.idl\n'}
[39.052646] (shell_interfaces) StdoutLine: {'line': b'-- Symlinking: /home/esraamustafa/path_planning/Path_Planning_Shell_AI/ros2_sim/install/shell_interfaces/share/shell_interfaces/msg/Boundary.idl\n'}
[39.065199] (shell_interfaces) StdoutLine: {'line': b'-- Symlinking: /home/esraamustafa/path_planning/Path_Planning_Shell_AI/ros2_sim/install/shell_interfaces/share/shell_interfaces/msg/Obstacle.idl\n'}
[39.077773] (shell_interfaces) StdoutLine: {'line': b'-- Symlinking: /home/esraamustafa/path_planning/Path_Planning_Shell_AI/ros2_sim/install/shell_interfaces/share/shell_interfaces/msg/ObstacleArray.idl\n'}
[39.089021] (shell_interfaces) StdoutLine: {'line': b'-- Symlinking: /home/esraamustafa/path_planning/Path_Planning_Shell_AI/ros2_sim/install/shell_interfaces/share/shell_interfaces/msg/Trajectory.msg\n'}
[39.100315] (shell_interfaces) StdoutLine: {'line': b'-- Symlinking: /home/esraamustafa/path_planning/Path_Planning_Shell_AI/ros2_sim/install/shell_interfaces/share/shell_interfaces/msg/TrajectoryPoint.msg\n'}
[39.100638] (-) TimerEvent: {}
[39.111654] (shell_interfaces) StdoutLine: {'line': b'-- Symlinking: /home/esraamustafa/path_planning/Path_Planning_Shell_AI/ros2_sim/install/shell_interfaces/share/shell_interfaces/msg/Boundary.msg\n'}
[39.131665] (shell_interfaces) StdoutLine: {'line': b'-- Symlinking: /home/esraamustafa/path_planning/Path_Planning_Shell_AI/ros2_sim/install/shell_interfaces/share/shell_interfaces/msg/Obstacle.msg\n'}
[39.149146] (shell_interfaces) StdoutLine: {'line': b'-- Symlinking: /home/esraamustafa/path_planning/Path_Planning_Shell_AI/ros2_sim/install/shell_interfaces/share/shell_interfaces/msg/ObstacleArray.msg\n'}
[39.161524] (shell_interfaces) StdoutLine: {'line': b'-- Symlinking: /home/esraamustafa/path_planning/Path_Planning_Shell_AI/ros2_sim/install/shell_interfaces/share/ament_index/resource_index/package_run_dependencies/shell_interfaces\n'}
[39.173308] (shell_interfaces) StdoutLine: {'line': b'-- Symlinking: /home/esraamustafa/path_planning/Path_Planning_Shell_AI/ros2_sim/install/shell_interfaces/share/ament_index/resource_index/parent_prefix_path/shell_interfaces\n'}
[39.183575] (shell_interfaces) StdoutLine: {'line': b'-- Symlinking: /home/esraamustafa/path_planning/Path_Planning_Shell_AI/ros2_sim/install/shell_interfaces/share/shell_interfaces/environment/ament_prefix_path.sh\n'}
[39.193790] (shell_interfaces) StdoutLine: {'line': b'-- Symlinking: /home/esraamustafa/path_planning/Path_Planning_Shell_AI/ros2_sim/install/shell_interfaces/share/shell_interfaces/environment/ament_prefix_path.dsv\n'}
[39.200852] (-) TimerEvent: {}
[39.204677] (shell_interfaces) StdoutLine: {'line': b'-- Symlinking: /home/esraamustafa/path_planning/Path_Planning_Shell_AI/ros2_sim/install/shell_interfaces/share/shell_interfaces/environment/path.sh\n'}
[39.219560] (shell_interfaces) StdoutLine: {'line': b'-- Symlinking: /home/esraamustafa/path_planning/Path_Planning_Shell_AI/ros2_sim/install/shell_interfaces/share/shell_interfaces/environment/path.dsv\n'}
[39.242999] (shell_interfaces) StdoutLine: {'line': b'-- Symlinking: /home/esraamustafa/path_planning/Path_Planning_Shell_AI/ros2_sim/install/shell_interfaces/share/shell_interfaces/local_setup.bash\n'}
[39.255090] (shell_interfaces) StdoutLine: {'line': b'-- Symlinking: /home/esraamustafa/path_planning/Path_Planning_Shell_AI/ros2_sim/install/shell_interfaces/share/shell_interfaces/local_setup.sh\n'}
[39.265647] (shell_interfaces) StdoutLine: {'line': b'-- Symlinking: /home/esraamustafa/path_planning/Path_Planning_Shell_AI/ros2_sim/install/shell_interfaces/share/shell_interfaces/local_setup.zsh\n'}
[39.277482] (shell_interfaces) StdoutLine: {'line': b'-- Symlinking: /home/esraamustafa/path_planning/Path_Planning_Shell_AI/ros2_sim/install/shell_interfaces/share/shell_interfaces/local_setup.dsv\n'}
[39.288971] (shell_interfaces) StdoutLine: {'line': b'-- Symlinking: /home/esraamustafa/path_planning/Path_Planning_Shell_AI/ros2_sim/install/shell_interfaces/share/shell_interfaces/package.dsv\n'}
[39.298941] (shell_interfaces) StdoutLine: {'line': b'-- Symlinking: /home/esraamustafa/path_planning/Path_Planning_Shell_AI/ros2_sim/install/shell_interfaces/share/ament_index/resource_index/packages/shell_interfaces\n'}
[39.300962] (-) TimerEvent: {}
[39.309681] (shell_interfaces) StdoutLine: {'line': b'-- Symlinking: /home/esraamustafa/path_planning/Path_Planning_Shell_AI/ros2_sim/install/shell_interfaces/share/shell_interfaces/cmake/rosidl_cmake-extras.cmake\n'}
[39.323273] (shell_interfaces) StdoutLine: {'line': b'-- Symlinking: /home/esraamustafa/path_planning/Path_Planning_Shell_AI/ros2_sim/install/shell_interfaces/share/shell_interfaces/cmake/ament_cmake_export_dependencies-extras.cmake\n'}
[39.340408] (shell_interfaces) StdoutLine: {'line': b'-- Symlinking: /home/esraamustafa/path_planning/Path_Planning_Shell_AI/ros2_sim/install/shell_interfaces/share/shell_interfaces/cmake/ament_cmake_export_include_directories-extras.cmake\n'}
[39.353807] (shell_interfaces) StdoutLine: {'line': b'-- Symlinking: /home/esraamustafa/path_planning/Path_Planning_Shell_AI/ros2_sim/install/shell_interfaces/share/shell_interfaces/cmake/ament_cmake_export_libraries-extras.cmake\n'}
[39.365491] (shell_interfaces) StdoutLine: {'line': b'-- Symlinking: /home/esraamustafa/path_planning/Path_Planning_Shell_AI/ros2_sim/install/shell_interfaces/share/shell_interfaces/cmake/ament_cmake_export_targets-extras.cmake\n'}
[39.375342] (shell_interfaces) StdoutLine: {'line': b'-- Symlinking: /home/esraamustafa/path_planning/Path_Planning_Shell_AI/ros2_sim/install/shell_interfaces/share/shell_interfaces/cmake/rosidl_cmake_export_typesupport_targets-extras.cmake\n'}
[39.387688] (shell_interfaces) StdoutLine: {'line': b'-- Symlinking: /home/esraamustafa/path_planning/Path_Planning_Shell_AI/ros2_sim/install/shell_interfaces/share/shell_interfaces/cmake/rosidl_cmake_export_typesupport_libraries-extras.cmake\n'}
[39.398787] (shell_interfaces) StdoutLine: {'line': b'-- Symlinking: /home/esraamustafa/path_planning/Path_Planning_Shell_AI/ros2_sim/install/shell_interfaces/share/shell_interfaces/cmake/shell_interfacesConfig.cmake\n'}
[39.401060] (-) TimerEvent: {}
[39.408429] (shell_interfaces) StdoutLine: {'line': b'-- Symlinking: /home/esraamustafa/path_planning/Path_Planning_Shell_AI/ros2_sim/install/shell_interfaces/share/shell_interfaces/cmake/shell_interfacesConfig-version.cmake\n'}
[39.437572] (shell_interfaces) StdoutLine: {'line': b'-- Symlinking: /home/esraamustafa/path_planning/Path_Planning_Shell_AI/ros2_sim/install/shell_interfaces/share/shell_interfaces/package.xml\n'}
[39.449472] (shell_interfaces) StdoutLine: {'line': b'-- Installing: /home/esraamustafa/path_planning/Path_Planning_Shell_AI/ros2_sim/install/shell_interfaces/lib/libshell_interfaces__rosidl_generator_c.so\n'}
[39.450354] (shell_interfaces) StdoutLine: {'line': b'-- Set runtime path of "/home/esraamustafa/path_planning/Path_Planning_Shell_AI/ros2_sim/install/shell_interfaces/lib/libshell_interfaces__rosidl_generator_c.so" to ""\n'}
[39.450869] (shell_interfaces) StdoutLine: {'line': b'-- Installing: /home/esraamustafa/path_planning/Path_Planning_Shell_AI/ros2_sim/install/shell_interfaces/lib/libshell_interfaces__rosidl_typesupport_fastrtps_c.so\n'}
[39.451319] (shell_interfaces) StdoutLine: {'line': b'-- Set runtime path of "/home/esraamustafa/path_planning/Path_Planning_Shell_AI/ros2_sim/install/shell_interfaces/lib/libshell_interfaces__rosidl_typesupport_fastrtps_c.so" to ""\n'}
[39.451730] (shell_interfaces) StdoutLine: {'line': b'-- Installing: /home/esraamustafa/path_planning/Path_Planning_Shell_AI/ros2_sim/install/shell_interfaces/lib/libshell_interfaces__rosidl_typesupport_introspection_c.so\n'}
[39.452466] (shell_interfaces) StdoutLine: {'line': b'-- Set runtime path of "/home/esraamustafa/path_planning/Path_Planning_Shell_AI/ros2_sim/install/shell_interfaces/lib/libshell_interfaces__rosidl_typesupport_introspection_c.so" to ""\n'}
[39.452696] (shell_interfaces) StdoutLine: {'line': b'-- Installing: /home/esraamustafa/path_planning/Path_Planning_Shell_AI/ros2_sim/install/shell_interfaces/lib/libshell_interfaces__rosidl_typesupport_c.so\n'}
[39.452774] (shell_interfaces) StdoutLine: {'line': b'-- Set runtime path of "/home/esraamustafa/path_planning/Path_Planning_Shell_AI/ros2_sim/install/shell_interfaces/lib/libshell_interfaces__rosidl_typesupport_c.so" to ""\n'}
[39.452827] (shell_interfaces) StdoutLine: {'line': b'-- Installing: /home/esraamustafa/path_planning/Path_Planning_Shell_AI/ros2_sim/install/shell_interfaces/lib/libshell_interfaces__rosidl_typesupport_fastrtps_cpp.so\n'}
[39.452872] (shell_interfaces) StdoutLine: {'line': b'-- Set runtime path of "/home/esraamustafa/path_planning/Path_Planning_Shell_AI/ros2_sim/install/shell_interfaces/lib/libshell_interfaces__rosidl_typesupport_fastrtps_cpp.so" to ""\n'}
[39.452927] (shell_interfaces) StdoutLine: {'line': b'-- Installing: /home/esraamustafa/path_planning/Path_Planning_Shell_AI/ros2_sim/install/shell_interfaces/lib/libshell_interfaces__rosidl_typesupport_introspection_cpp.so\n'}
[39.452968] (shell_interfaces) StdoutLine: {'line': b'-- Set runtime path of "/home/esraamustafa/path_planning/Path_Planning_Shell_AI/ros2_sim/install/shell_interfaces/lib/libshell_interfaces__rosidl_typesupport_introspection_cpp.so" to ""\n'}
[39.453008] (shell_interfaces) StdoutLine: {'line': b'-- Installing: /home/esraamustafa/path_planning/Path_Planning_Shell_AI/ros2_sim/install/shell_interfaces/lib/libshell_interfaces__rosidl_typesupport_cpp.so\n'}
[39.453048] (shell_interfaces) StdoutLine: {'line': b'-- Set runtime path of "/home/esraamustafa/path_planning/Path_Planning_Shell_AI/ros2_sim/install/shell_interfaces/lib/libshell_interfaces__rosidl_typesupport_cpp.so" to ""\n'}
[39.500584] (shell_interfaces) StdoutLine: {'line': b"Listing '/home/esraamustafa/path_planning/Path_Planning_Shell_AI/ros2_sim/install/shell_interfaces/local/lib/python3.10/dist-packages/shell_interfaces'...\n"}
[39.500864] (shell_interfaces) StdoutLine: {'line': b"Compiling '/home/esraamustafa/path_planning/Path_Planning_Shell_AI/ros2_sim/install/shell_interfaces/local/lib/python3.10/dist-packages/shell_interfaces/__init__.py'...\n"}
[39.500999] (shell_interfaces) StdoutLine: {'line': b"Listing '/home/esraamustafa/path_planning/Path_Planning_Shell_AI/ros2_sim/install/shell_interfaces/local/lib/python3.10/dist-packages/shell_interfaces/msg'...\n"}
[39.501114] (-) TimerEvent: {}
[39.501357] (shell_interfaces) StdoutLine: {'line': b"Compiling '/home/esraamustafa/path_planning/Path_Planning_Shell_AI/ros2_sim/install/shell_interfaces/local/lib/python3.10/dist-packages/shell_interfaces/msg/__init__.py'...\n"}
[39.501557] (shell_interfaces) StdoutLine: {'line': b"Compiling '/home/esraamustafa/path_planning/Path_Planning_Shell_AI/ros2_sim/install/shell_interfaces/local/lib/python3.10/dist-packages/shell_interfaces/msg/_boundary.py'...\n"}
[39.501626] (shell_interfaces) StdoutLine: {'line': b"Compiling '/home/esraamustafa/path_planning/Path_Planning_Shell_AI/ros2_sim/install/shell_interfaces/local/lib/python3.10/dist-packages/shell_interfaces/msg/_obstacle.py'...\n"}
[39.501687] (shell_interfaces) StdoutLine: {'line': b"Compiling '/home/esraamustafa/path_planning/Path_Planning_Shell_AI/ros2_sim/install/shell_interfaces/local/lib/python3.10/dist-packages/shell_interfaces/msg/_obstacle_array.py'...\n"}
[39.501732] (shell_interfaces) StdoutLine: {'line': b"Compiling '/home/esraamustafa/path_planning/Path_Planning_Shell_AI/ros2_sim/install/shell_interfaces/local/lib/python3.10/dist-packages/shell_interfaces/msg/_trajectory.py'...\n"}
[39.501772] (shell_interfaces) StdoutLine: {'line': b"Compiling '/home/esraamustafa/path_planning/Path_Planning_Shell_AI/ros2_sim/install/shell_interfaces/local/lib/python3.10/dist-packages/shell_interfaces/msg/_trajectory_point.py'...\n"}
[39.505956] (shell_interfaces) StdoutLine: {'line': b'-- Installing: /home/esraamustafa/path_planning/Path_Planning_Shell_AI/ros2_sim/install/shell_interfaces/lib/libshell_interfaces__rosidl_generator_py.so\n'}
[39.506674] (shell_interfaces) StdoutLine: {'line': b'-- Set runtime path of "/home/esraamustafa/path_planning/Path_Planning_Shell_AI/ros2_sim/install/shell_interfaces/lib/libshell_interfaces__rosidl_generator_py.so" to ""\n'}
[39.507142] (shell_interfaces) StdoutLine: {'line': b'-- Installing: /home/esraamustafa/path_planning/Path_Planning_Shell_AI/ros2_sim/install/shell_interfaces/share/shell_interfaces/cmake/export_shell_interfaces__rosidl_generator_cExport.cmake\n'}
[39.507497] (shell_interfaces) StdoutLine: {'line': b'-- Installing: /home/esraamustafa/path_planning/Path_Planning_Shell_AI/ros2_sim/install/shell_interfaces/share/shell_interfaces/cmake/export_shell_interfaces__rosidl_generator_cExport-noconfig.cmake\n'}
[39.507925] (shell_interfaces) StdoutLine: {'line': b'-- Installing: /home/esraamustafa/path_planning/Path_Planning_Shell_AI/ros2_sim/install/shell_interfaces/share/shell_interfaces/cmake/export_shell_interfaces__rosidl_typesupport_fastrtps_cExport.cmake\n'}
[39.508383] (shell_interfaces) StdoutLine: {'line': b'-- Installing: /home/esraamustafa/path_planning/Path_Planning_Shell_AI/ros2_sim/install/shell_interfaces/share/shell_interfaces/cmake/export_shell_interfaces__rosidl_typesupport_fastrtps_cExport-noconfig.cmake\n'}
[39.508921] (shell_interfaces) StdoutLine: {'line': b'-- Installing: /home/esraamustafa/path_planning/Path_Planning_Shell_AI/ros2_sim/install/shell_interfaces/share/shell_interfaces/cmake/shell_interfaces__rosidl_typesupport_introspection_cExport.cmake\n'}
[39.509060] (shell_interfaces) StdoutLine: {'line': b'-- Installing: /home/esraamustafa/path_planning/Path_Planning_Shell_AI/ros2_sim/install/shell_interfaces/share/shell_interfaces/cmake/shell_interfaces__rosidl_typesupport_introspection_cExport-noconfig.cmake\n'}
[39.509180] (shell_interfaces) StdoutLine: {'line': b'-- Installing: /home/esraamustafa/path_planning/Path_Planning_Shell_AI/ros2_sim/install/shell_interfaces/share/shell_interfaces/cmake/shell_interfaces__rosidl_typesupport_cExport.cmake\n'}
[39.509314] (shell_interfaces) StdoutLine: {'line': b'-- Installing: /home/esraamustafa/path_planning/Path_Planning_Shell_AI/ros2_sim/install/shell_interfaces/share/shell_interfaces/cmake/shell_interfaces__rosidl_typesupport_cExport-noconfig.cmake\n'}
[39.509428] (shell_interfaces) StdoutLine: {'line': b'-- Installing: /home/esraamustafa/path_planning/Path_Planning_Shell_AI/ros2_sim/install/shell_interfaces/share/shell_interfaces/cmake/export_shell_interfaces__rosidl_generator_cppExport.cmake\n'}
[39.509539] (shell_interfaces) StdoutLine: {'line': b'-- Installing: /home/esraamustafa/path_planning/Path_Planning_Shell_AI/ros2_sim/install/shell_interfaces/share/shell_interfaces/cmake/export_shell_interfaces__rosidl_typesupport_fastrtps_cppExport.cmake\n'}
[39.509654] (shell_interfaces) StdoutLine: {'line': b'-- Installing: /home/esraamustafa/path_planning/Path_Planning_Shell_AI/ros2_sim/install/shell_interfaces/share/shell_interfaces/cmake/export_shell_interfaces__rosidl_typesupport_fastrtps_cppExport-noconfig.cmake\n'}
[39.509768] (shell_interfaces) StdoutLine: {'line': b'-- Installing: /home/esraamustafa/path_planning/Path_Planning_Shell_AI/ros2_sim/install/shell_interfaces/share/shell_interfaces/cmake/shell_interfaces__rosidl_typesupport_introspection_cppExport.cmake\n'}
[39.509881] (shell_interfaces) StdoutLine: {'line': b'-- Installing: /home/esraamustafa/path_planning/Path_Planning_Shell_AI/ros2_sim/install/shell_interfaces/share/shell_interfaces/cmake/shell_interfaces__rosidl_typesupport_introspection_cppExport-noconfig.cmake\n'}
[39.509996] (shell_interfaces) StdoutLine: {'line': b'-- Installing: /home/esraamustafa/path_planning/Path_Planning_Shell_AI/ros2_sim/install/shell_interfaces/share/shell_interfaces/cmake/shell_interfaces__rosidl_typesupport_cppExport.cmake\n'}
[39.510214] (shell_interfaces) StdoutLine: {'line': b'-- Installing: /home/esraamustafa/path_planning/Path_Planning_Shell_AI/ros2_sim/install/shell_interfaces/share/shell_interfaces/cmake/shell_interfaces__rosidl_typesupport_cppExport-noconfig.cmake\n'}
[39.510401] (shell_interfaces) StdoutLine: {'line': b'-- Installing: /home/esraamustafa/path_planning/Path_Planning_Shell_AI/ros2_sim/install/shell_interfaces/share/shell_interfaces/cmake/export_shell_interfaces__rosidl_generator_pyExport.cmake\n'}
[39.511584] (shell_interfaces) StdoutLine: {'line': b'-- Installing: /home/esraamustafa/path_planning/Path_Planning_Shell_AI/ros2_sim/install/shell_interfaces/share/shell_interfaces/cmake/export_shell_interfaces__rosidl_generator_pyExport-noconfig.cmake\n'}
[39.514344] (shell_interfaces) CommandEnded: {'returncode': 0}
[39.557953] (shell_interfaces) JobEnded: {'identifier': 'shell_interfaces', 'rc': 0}
[39.559028] (shell_test_nodes) JobStarted: {'identifier': 'shell_test_nodes'}
[39.566240] (shell_visualization) JobStarted: {'identifier': 'shell_visualization'}
[39.601357] (-) TimerEvent: {}
[39.701924] (-) TimerEvent: {}
[39.802392] (-) TimerEvent: {}
[39.902982] (-) TimerEvent: {}
[40.003383] (-) TimerEvent: {}
[40.103747] (-) TimerEvent: {}
[40.204147] (-) TimerEvent: {}
[40.304669] (-) TimerEvent: {}
[40.405105] (-) TimerEvent: {}
[40.505863] (-) TimerEvent: {}
[40.606632] (-) TimerEvent: {}
[40.707377] (-) TimerEvent: {}
[40.807720] (-) TimerEvent: {}
[40.908155] (-) TimerEvent: {}
[41.008928] (-) TimerEvent: {}
[41.110526] (-) TimerEvent: {}
[41.211190] (-) TimerEvent: {}
[41.311814] (-) TimerEvent: {}
[41.386902] (shell_test_nodes) Command: {'cmd': ['/usr/bin/python3', '-W', 'ignore:setup.py install is deprecated', '-W', 'ignore:easy_install command is deprecated', 'setup.py', 'develop', '--editable', '--build-directory', '/home/esraamustafa/path_planning/Path_Planning_Shell_AI/ros2_sim/build/shell_test_nodes/build', '--no-deps'], 'cwd': '/home/esraamustafa/path_planning/Path_Planning_Shell_AI/ros2_sim/build/shell_test_nodes', 'env': {'PYTHON_BASIC_REPL': '1', 'LESSOPEN': '| /usr/bin/lesspipe %s', 'USER': 'esraamustafa', 'GIT_ASKPASS': '/home/esraamustafa/.vscode-server/bin/b6a47e94e326b5c209d118cf0f994d6065585705/extensions/git/dist/askpass.sh', 'SHLVL': '1', 'LD_LIBRARY_PATH': '/home/esraamustafa/path_planning/Path_Planning_Shell_AI/ros2_sim/install/shell_interfaces/lib:/opt/ros/humble/opt/rviz_ogre_vendor/lib:/opt/ros/humble/lib/x86_64-linux-gnu:/opt/ros/humble/lib', 'MOTD_SHOWN': 'update-motd', 'HOME': '/home/esraamustafa', 'OLDPWD': '/home/esraamustafa/path_planning/Path_Planning_Shell_AI/ros2_sim', 'TERM_PROGRAM_VERSION': '1.109.3', 'VSCODE_IPC_HOOK_CLI': '/run/user/1000/vscode-ipc-5ac49f20-aa14-42e3-b735-676b2c2c419b.sock', 'ROS_PYTHON_VERSION': '3', 'VSCODE_GIT_ASKPASS_MAIN': '/home/esraamustafa/.vscode-server/bin/b6a47e94e326b5c209d118cf0f994d6065585705/extensions/git/dist/askpass-main.js', 'VSCODE_GIT_ASKPASS_NODE': '/home/esraamustafa/.vscode-server/bin/b6a47e94e326b5c209d118cf0f994d6065585705/node', 'PYDEVD_DISABLE_FILE_VALIDATION': '1', 'BUNDLED_DEBUGPY_PATH': '/home/esraamustafa/.vscode-server/extensions/ms-python.debugpy-2025.18.0-linux-x64/bundled/libs/debugpy', 'VSCODE_PYTHON_AUTOACTIVATE_GUARD': '1', 'DBUS_SESSION_BUS_ADDRESS': 'unix:path=/run/user/1000/bus', 'COLORTERM': 'truecolor', 'WSL_DISTRO_NAME': 'Ubuntu-22.04', 'WAYLAND_DISPLAY': 'wayland-0', 'COLCON_PREFIX_PATH': '/home/esraamustafa/path_planning/Path_Planning_Shell_AI/ros2_sim/install', 'ROS_DISTRO': 'humble', 'LOGNAME': 'esraamustafa', 'NAME': 'Esraa', 'WSL_INTEROP': '/run/WSL/373_interop', 'PULSE_SERVER': 'unix:/mnt/wslg/PulseServer', '_': '/usr/bin/colcon', 'ROS_VERSION': '2', 'TERM': 'xterm-256color', 'ROS_LOCALHOST_ONLY': '0', 'PATH': '/home/esraamustafa/.vscode-server/data/User/globalStorage/github.copilot-chat/debugCommand:/home/esraamustafa/.vscode-server/data/User/globalStorage/github.copilot-chat/copilotCli:/home/esraamustafa/.vscode-server/bin/b6a47e94e326b5c209d118cf0f994d6065585705/bin/remote-cli:/home/esraamustafa/.local/bin:/opt/ros/humble/bin:/usr/local/sbin:/usr/local/bin:/usr/sbin:/usr/bin:/sbin:/bin:/usr/games:/usr/local/games:/usr/lib/wsl/lib:/mnt/c/Program Files/Common Files/Oracle/Java/javapath:/mnt/c/Users/esraa/AppData/Local/Programs/Python/Python312/Scripts/:/mnt/c/Users/esraa/AppData/Local/Programs/Python/Python312/:/mnt/c/WINDOWS/system32:/mnt/c/WINDOWS:/mnt/c/WINDOWS/System32/Wbem:/mnt/c/WINDOWS/System32/WindowsPowerShell/v1.0/:/mnt/c/WINDOWS/System32/OpenSSH/:/mnt/c/Program Files/dotnet/:/mnt/c/Program Files/Git/cmd:/mnt/c/Program Files/nodejs/:/mnt/c/ProgramData/chocolatey/bin:/mnt/c/msys64/mingw64/bin:/mnt/c/Program Files/GitHub CLI/:/mnt/c/Program Files/MATLAB/R2024b/bin:/mnt/c/Program Files (x86)/Microsoft SQL Server/160/Tools/Binn/:/mnt/c/Program Files/Microsoft SQL Server/160/Tools/Binn/:/mnt/c/Program Files/Microsoft SQL Server/Client SDK/ODBC/170/Tools/Binn/:/mnt/c/Program Files/Microsoft SQL Server/160/DTS/Binn/:/mnt/c/Program Files/Microsoft SQL Server/150/Tools/Binn/:/mnt/c/Program Files/CMake/bin:/mnt/c/Program Files/Docker/Docker/resources/bin:/mnt/c/xampp/php/php.exe:/mnt/c/Users/esraa/AppData/Local/Programs/Python/Python314/Scripts/:/mnt/c/Users/esraa/AppData/Local/Programs/Python/Python314/:/mnt/c/Users/esraa/AppData/Local/Programs/Python/Launcher/:/mnt/c/Users/esraa/AppData/Local/Microsoft/WindowsApps:/mnt/c/Users/esraa/AppData/Local/Programs/Microsoft_VS_Code/bin:/mnt/c/Users/esraa/AppData/Local/Microsoft/WinGet/Packages/Schniz.fnm_Microsoft.Winget.Source_8wekyb3d8bbwe:/mnt/c/Users/esraa/AppData/Roaming/npm:/mnt/c/Users/esraa/AppData/Local/GitHubDesktop/bin:/mnt/c/Users/esraa/.dotnet/tools:/mnt/d/IntelliJ IDEA 2024.2.3/bin:/mnt/c/Program Files/JetBrains/IntelliJ IDEA Community Edition 2024.2.3/bin:/mnt/c/Program Files/MongoDB/Server/8.2/bin:/mnt/c/Users/esraa/AppData/Local/Programs/mongosh/:/snap/bin:/home/esraamustafa/.vscode-server/extensions/ms-python.debugpy-2025.18.0-linux-x64/bundled/scripts/noConfigScripts', 'XDG_RUNTIME_DIR': '/run/user/1000/', 'DISPLAY': ':0', 'VSCODE_DEBUGPY_ADAPTER_ENDPOINTS': '/home/esraamustafa/.vscode-server/extensions/ms-python.debugpy-2025.18.0-linux-x64/.noConfigDebugAdapterEndpoints/endpoint-9aa057c463a7ace4.txt', 'LANG': 'C.UTF-8', 'PYTHONSTARTUP': '/home/esraamustafa/.vscode-server/data/User/workspaceStorage/9188cf032e28f409f831a5c4cd4238d1/ms-python.python/pythonrc.py', 'LS_COLORS': 'rs=0:di=01;34:ln=01;36:mh=00:pi=40;33:so=01;35:do=01;35:bd=40;33;01:cd=40;33;01:or=40;31;01:mi=00:su=37;41:sg=30;43:ca=30;41:tw=30;42:ow=34;42:st=37;44:ex=01;32:*.tar=01;31:*.tgz=01;31:*.arc=01;31:*.arj=01;31:*.taz=01;31:*.lha=01;31:*.lz4=01;31:*.lzh=01;31:*.lzma=01;31:*.tlz=01;31:*.txz=01;31:*.tzo=01;31:*.t7z=01;31:*.zip=01;31:*.z=01;31:*.dz=01;31:*.gz=01;31:*.lrz=01;31:*.lz=01;31:*.lzo=01;31:*.xz=01;31:*.zst=01;31:*.tzst=01;31:*.bz2=01;31:*.bz=01;31:*.tbz=01;31:*.tbz2=01;31:*.tz=01;31:*.deb=01;31:*.rpm=01;31:*.jar=01;31:*.war=01;31:*.ear=01;31:*.sar=01;31:*.rar=01;31:*.alz=01;31:*.ace=01;31:*.zoo=01;31:*.cpio=01;31:*.7z=01;31:*.rz=01;31:*.cab=01;31:*.wim=01;31:*.swm=01;31:*.dwm=01;31:*.esd=01;31:*.jpg=01;35:*.jpeg=01;35:*.mjpg=01;35:*.mjpeg=01;35:*.gif=01;35:*.bmp=01;35:*.pbm=01;35:*.pgm=01;35:*.ppm=01;35:*.tga=01;35:*.xbm=01;35:*.xpm=01;35:*.tif=01;35:*.tiff=01;35:*.png=01;35:*.svg=01;35:*.svgz=01;35:*.mng=01;35:*.pcx=01;35:*.mov=01;35:*.mpg=01;35:*.mpeg=01;35:*.m2v=01;35:*.mkv=01;35:*.webm=01;35:*.webp=01;35:*.ogm=01;35:*.mp4=01;35:*.m4v=01;35:*.mp4v=01;35:*.vob=01;35:*.qt=01;35:*.nuv=01;35:*.wmv=01;35:*.asf=01;35:*.rm=01;35:*.rmvb=01;35:*.flc=01;35:*.avi=01;35:*.fli=01;35:*.flv=01;35:*.gl=01;35:*.dl=01;35:*.xcf=01;35:*.xwd=01;35:*.yuv=01;35:*.cgm=01;35:*.emf=01;35:*.ogv=01;35:*.ogx=01;35:*.aac=00;36:*.au=00;36:*.flac=00;36:*.m4a=00;36:*.mid=00;36:*.midi=00;36:*.mka=00;36:*.mp3=00;36:*.mpc=00;36:*.ogg=00;36:*.ra=00;36:*.wav=00;36:*.oga=00;36:*.opus=00;36:*.spx=00;36:*.xspf=00;36:', 'VSCODE_GIT_IPC_HANDLE': '/run/user/1000/vscode-git-7233589553.sock', 'TERM_PROGRAM': 'vscode', 'AMENT_PREFIX_PATH': '/home/esraamustafa/path_planning/Path_Planning_Shell_AI/ros2_sim/install/shell_visualization:/home/esraamustafa/path_planning/Path_Planning_Shell_AI/ros2_sim/install/shell_test_nodes:/home/esraamustafa/path_planning/Path_Planning_Shell_AI/ros2_sim/install/shell_planning:/home/esraamustafa/path_planning/Path_Planning_Shell_AI/ros2_sim/install/shell_interfaces:/opt/ros/humble', 'SHELL': '/bin/bash', 'LESSCLOSE': '/usr/bin/lesspipe %s %s', 'VSCODE_GIT_ASKPASS_EXTRA_ARGS': '', 'PWD': '/home/esraamustafa/path_planning/Path_Planning_Shell_AI/ros2_sim/build/shell_test_nodes', 'XDG_DATA_DIRS': '/usr/local/share:/usr/share:/var/lib/snapd/desktop', 'PYTHONPATH': '/home/esraamustafa/path_planning/Path_Planning_Shell_AI/ros2_sim/build/shell_test_nodes/prefix_override:/usr/lib/python3/dist-packages/colcon_core/task/python/colcon_distutils_commands:/home/esraamustafa/path_planning/Path_Planning_Shell_AI/ros2_sim/install/shell_test_nodes/lib/python3.10/site-packages:/home/esraamustafa/path_planning/Path_Planning_Shell_AI/ros2_sim/build/shell_visualization:/home/esraamustafa/path_planning/Path_Planning_Shell_AI/ros2_sim/install/shell_visualization/lib/python3.10/site-packages:/home/esraamustafa/path_planning/Path_Planning_Shell_AI/ros2_sim/build/shell_test_nodes:/home/esraamustafa/path_planning/Path_Planning_Shell_AI/ros2_sim/install/shell_test_nodes/lib/python3.10/site-packages:/home/esraamustafa/path_planning/Path_Planning_Shell_AI/ros2_sim/build/shell_planning:/home/esraamustafa/path_planning/Path_Planning_Shell_AI/ros2_sim/install/shell_planning/lib/python3.10/site-packages:/home/esraamustafa/path_planning/Path_Planning_Shell_AI/ros2_sim/install/shell_interfaces/local/lib/python3.10/dist-packages:/opt/ros/humble/lib/python3.10/site-packages:/opt/ros/humble/local/lib/python3.10/dist-packages', 'COLCON': '1', 'WSL2_GUI_APPS_ENABLED': '1', 'HOSTTYPE': 'x86_64', 'CMAKE_PREFIX_PATH': '/home/esraamustafa/path_planning/Path_Planning_Shell_AI/ros2_sim/install/shell_interfaces', 'WSLENV': 'VSCODE_WSL_EXT_LOCATION/up:VSCODE_SERVER_TAR/up'}, 'shell': False}
[41.411972] (-) TimerEvent: {}
[41.512576] (-) TimerEvent: {}
[41.613440] (-) TimerEvent: {}
[41.713909] (-) TimerEvent: {}
[41.814955] (-) TimerEvent: {}
[41.879111] (shell_visualization) Command: {'cmd': ['/usr/bin/python3', '-W', 'ignore:setup.py install is deprecated', '-W', 'ignore:easy_install command is deprecated', 'setup.py', 'develop', '--editable', '--build-directory', '/home/esraamustafa/path_planning/Path_Planning_Shell_AI/ros2_sim/build/shell_visualization/build', '--no-deps', 'symlink_data'], 'cwd': '/home/esraamustafa/path_planning/Path_Planning_Shell_AI/ros2_sim/build/shell_visualization', 'env': {'PYTHON_BASIC_REPL': '1', 'LESSOPEN': '| /usr/bin/lesspipe %s', 'USER': 'esraamustafa', 'GIT_ASKPASS': '/home/esraamustafa/.vscode-server/bin/b6a47e94e326b5c209d118cf0f994d6065585705/extensions/git/dist/askpass.sh', 'SHLVL': '1', 'LD_LIBRARY_PATH': '/home/esraamustafa/path_planning/Path_Planning_Shell_AI/ros2_sim/install/shell_interfaces/lib:/opt/ros/humble/opt/rviz_ogre_vendor/lib:/opt/ros/humble/lib/x86_64-linux-gnu:/opt/ros/humble/lib', 'MOTD_SHOWN': 'update-motd', 'HOME': '/home/esraamustafa', 'OLDPWD': '/home/esraamustafa/path_planning/Path_Planning_Shell_AI/ros2_sim', 'TERM_PROGRAM_VERSION': '1.109.3', 'VSCODE_IPC_HOOK_CLI': '/run/user/1000/vscode-ipc-5ac49f20-aa14-42e3-b735-676b2c2c419b.sock', 'ROS_PYTHON_VERSION': '3', 'VSCODE_GIT_ASKPASS_MAIN': '/home/esraamustafa/.vscode-server/bin/b6a47e94e326b5c209d118cf0f994d6065585705/extensions/git/dist/askpass-main.js', 'VSCODE_GIT_ASKPASS_NODE': '/home/esraamustafa/.vscode-server/bin/b6a47e94e326b5c209d118cf0f994d6065585705/node', 'PYDEVD_DISABLE_FILE_VALIDATION': '1', 'BUNDLED_DEBUGPY_PATH': '/home/esraamustafa/.vscode-server/extensions/ms-python.debugpy-2025.18.0-linux-x64/bundled/libs/debugpy', 'VSCODE_PYTHON_AUTOACTIVATE_GUARD': '1', 'DBUS_SESSION_BUS_ADDRESS': 'unix:path=/run/user/1000/bus', 'COLORTERM': 'truecolor', 'WSL_DISTRO_NAME': 'Ubuntu-22.04', 'WAYLAND_DISPLAY': 'wayland-0', 'COLCON_PREFIX_PATH': '/home/esraamustafa/path_planning/Path_Planning_Shell_AI/ros2_sim/install', 'ROS_DISTRO': 'humble', 'LOGNAME': 'esraamustafa', 'NAME': 'Esraa', 'WSL_INTEROP': '/run/WSL/373_interop', 'PULSE_SERVER': 'unix:/mnt/wslg/PulseServer', '_': '/usr/bin/colcon', 'ROS_VERSION': '2', 'TERM': 'xterm-256color', 'ROS_LOCALHOST_ONLY': '0', 'PATH': '/home/esraamustafa/.vscode-server/data/User/globalStorage/github.copilot-chat/debugCommand:/home/esraamustafa/.vscode-server/data/User/globalStorage/github.copilot-chat/copilotCli:/home/esraamustafa/.vscode-server/bin/b6a47e94e326b5c209d118cf0f994d6065585705/bin/remote-cli:/home/esraamustafa/.local/bin:/opt/ros/humble/bin:/usr/local/sbin:/usr/local/bin:/usr/sbin:/usr/bin:/sbin:/bin:/usr/games:/usr/local/games:/usr/lib/wsl/lib:/mnt/c/Program Files/Common Files/Oracle/Java/javapath:/mnt/c/Users/esraa/AppData/Local/Programs/Python/Python312/Scripts/:/mnt/c/Users/esraa/AppData/Local/Programs/Python/Python312/:/mnt/c/WINDOWS/system32:/mnt/c/WINDOWS:/mnt/c/WINDOWS/System32/Wbem:/mnt/c/WINDOWS/System32/WindowsPowerShell/v1.0/:/mnt/c/WINDOWS/System32/OpenSSH/:/mnt/c/Program Files/dotnet/:/mnt/c/Program Files/Git/cmd:/mnt/c/Program Files/nodejs/:/mnt/c/ProgramData/chocolatey/bin:/mnt/c/msys64/mingw64/bin:/mnt/c/Program Files/GitHub CLI/:/mnt/c/Program Files/MATLAB/R2024b/bin:/mnt/c/Program Files (x86)/Microsoft SQL Server/160/Tools/Binn/:/mnt/c/Program Files/Microsoft SQL Server/160/Tools/Binn/:/mnt/c/Program Files/Microsoft SQL Server/Client SDK/ODBC/170/Tools/Binn/:/mnt/c/Program Files/Microsoft SQL Server/160/DTS/Binn/:/mnt/c/Program Files/Microsoft SQL Server/150/Tools/Binn/:/mnt/c/Program Files/CMake/bin:/mnt/c/Program Files/Docker/Docker/resources/bin:/mnt/c/xampp/php/php.exe:/mnt/c/Users/esraa/AppData/Local/Programs/Python/Python314/Scripts/:/mnt/c/Users/esraa/AppData/Local/Programs/Python/Python314/:/mnt/c/Users/esraa/AppData/Local/Programs/Python/Launcher/:/mnt/c/Users/esraa/AppData/Local/Microsoft/WindowsApps:/mnt/c/Users/esraa/AppData/Local/Programs/Microsoft_VS_Code/bin:/mnt/c/Users/esraa/AppData/Local/Microsoft/WinGet/Packages/Schniz.fnm_Microsoft.Winget.Source_8wekyb3d8bbwe:/mnt/c/Users/esraa/AppData/Roaming/npm:/mnt/c/Users/esraa/AppData/Local/GitHubDesktop/bin:/mnt/c/Users/esraa/.dotnet/tools:/mnt/d/IntelliJ IDEA 2024.2.3/bin:/mnt/c/Program Files/JetBrains/IntelliJ IDEA Community Edition 2024.2.3/bin:/mnt/c/Program Files/MongoDB/Server/8.2/bin:/mnt/c/Users/esraa/AppData/Local/Programs/mongosh/:/snap/bin:/home/esraamustafa/.vscode-server/extensions/ms-python.debugpy-2025.18.0-linux-x64/bundled/scripts/noConfigScripts', 'XDG_RUNTIME_DIR': '/run/user/1000/', 'DISPLAY': ':0', 'VSCODE_DEBUGPY_ADAPTER_ENDPOINTS': '/home/esraamustafa/.vscode-server/extensions/ms-python.debugpy-2025.18.0-linux-x64/.noConfigDebugAdapterEndpoints/endpoint-9aa057c463a7ace4.txt', 'LANG': 'C.UTF-8', 'PYTHONSTARTUP': '/home/esraamustafa/.vscode-server/data/User/workspaceStorage/9188cf032e28f409f831a5c4cd4238d1/ms-python.python/pythonrc.py', 'LS_COLORS': 'rs=0:di=01;34:ln=01;36:mh=00:pi=40;33:so=01;35:do=01;35:bd=40;33;01:cd=40;33;01:or=40;31;01:mi=00:su=37;41:sg=30;43:ca=30;41:tw=30;42:ow=34;42:st=37;44:ex=01;32:*.tar=01;31:*.tgz=01;31:*.arc=01;31:*.arj=01;31:*.taz=01;31:*.lha=01;31:*.lz4=01;31:*.lzh=01;31:*.lzma=01;31:*.tlz=01;31:*.txz=01;31:*.tzo=01;31:*.t7z=01;31:*.zip=01;31:*.z=01;31:*.dz=01;31:*.gz=01;31:*.lrz=01;31:*.lz=01;31:*.lzo=01;31:*.xz=01;31:*.zst=01;31:*.tzst=01;31:*.bz2=01;31:*.bz=01;31:*.tbz=01;31:*.tbz2=01;31:*.tz=01;31:*.deb=01;31:*.rpm=01;31:*.jar=01;31:*.war=01;31:*.ear=01;31:*.sar=01;31:*.rar=01;31:*.alz=01;31:*.ace=01;31:*.zoo=01;31:*.cpio=01;31:*.7z=01;31:*.rz=01;31:*.cab=01;31:*.wim=01;31:*.swm=01;31:*.dwm=01;31:*.esd=01;31:*.jpg=01;35:*.jpeg=01;35:*.mjpg=01;35:*.mjpeg=01;35:*.gif=01;35:*.bmp=01;35:*.pbm=01;35:*.pgm=01;35:*.ppm=01;35:*.tga=01;35:*.xbm=01;35:*.xpm=01;35:*.tif=01;35:*.tiff=01;35:*.png=01;35:*.svg=01;35:*.svgz=01;35:*.mng=01;35:*.pcx=01;35:*.mov=01;35:*.mpg=01;35:*.mpeg=01;35:*.m2v=01;35:*.mkv=01;35:*.webm=01;35:*.webp=01;35:*.ogm=01;35:*.mp4=01;35:*.m4v=01;35:*.mp4v=01;35:*.vob=01;35:*.qt=01;35:*.nuv=01;35:*.wmv=01;35:*.asf=01;35:*.rm=01;35:*.rmvb=01;35:*.flc=01;35:*.avi=01;35:*.fli=01;35:*.flv=01;35:*.gl=01;35:*.dl=01;35:*.xcf=01;35:*.xwd=01;35:*.yuv=01;35:*.cgm=01;35:*.emf=01;35:*.ogv=01;35:*.ogx=01;35:*.aac=00;36:*.au=00;36:*.flac=00;36:*.m4a=00;36:*.mid=00;36:*.midi=00;36:*.mka=00;36:*.mp3=00;36:*.mpc=00;36:*.ogg=00;36:*.ra=00;36:*.wav=00;36:*.oga=00;36:*.opus=00;36:*.spx=00;36:*.xspf=00;36:', 'VSCODE_GIT_IPC_HANDLE': '/run/user/1000/vscode-git-7233589553.sock', 'TERM_PROGRAM': 'vscode', 'AMENT_PREFIX_PATH': '/home/esraamustafa/path_planning/Path_Planning_Shell_AI/ros2_sim/install/shell_visualization:/home/esraamustafa/path_planning/Path_Planning_Shell_AI/ros2_sim/install/shell_test_nodes:/home/esraamustafa/path_planning/Path_Planning_Shell_AI/ros2_sim/install/shell_planning:/home/esraamustafa/path_planning/Path_Planning_Shell_AI/ros2_sim/install/shell_interfaces:/opt/ros/humble', 'SHELL': '/bin/bash', 'LESSCLOSE': '/usr/bin/lesspipe %s %s', 'VSCODE_GIT_ASKPASS_EXTRA_ARGS': '', 'PWD': '/home/esraamustafa/path_planning/Path_Planning_Shell_AI/ros2_sim/build/shell_visualization', 'XDG_DATA_DIRS': '/usr/local/share:/usr/share:/var/lib/snapd/desktop', 'PYTHONPATH': '/home/esraamustafa/path_planning/Path_Planning_Shell_AI/ros2_sim/build/shell_visualization/prefix_override:/usr/lib/python3/dist-packages/colcon_core/task/python/colcon_distutils_commands:/home/esraamustafa/path_planning/Path_Planning_Shell_AI/ros2_sim/install/shell_visualization/lib/python3.10/site-packages:/home/esraamustafa/path_planning/Path_Planning_Shell_AI/ros2_sim/build/shell_visualization:/home/esraamustafa/path_planning/Path_Planning_Shell_AI/ros2_sim/install/shell_visualization/lib/python3.10/site-packages:/home/esraamustafa/path_planning/Path_Planning_Shell_AI/ros2_sim/build/shell_test_nodes:/home/esraamustafa/path_planning/Path_Planning_Shell_AI/ros2_sim/install/shell_test_nodes/lib/python3.10/site-packages:/home/esraamustafa/path_planning/Path_Planning_Shell_AI/ros2_sim/build/shell_planning:/home/esraamustafa/path_planning/Path_Planning_Shell_AI/ros2_sim/install/shell_planning/lib/python3.10/site-packages:/home/esraamustafa/path_planning/Path_Planning_Shell_AI/ros2_sim/install/shell_interfaces/local/lib/python3.10/dist-packages:/opt/ros/humble/lib/python3.10/site-packages:/opt/ros/humble/local/lib/python3.10/dist-packages', 'COLCON': '1', 'WSL2_GUI_APPS_ENABLED': '1', 'HOSTTYPE': 'x86_64', 'CMAKE_PREFIX_PATH': '/home/esraamustafa/path_planning/Path_Planning_Shell_AI/ros2_sim/install/shell_interfaces', 'WSLENV': 'VSCODE_WSL_EXT_LOCATION/up:VSCODE_SERVER_TAR/up'}, 'shell': False}
[41.915191] (-) TimerEvent: {}
[42.015907] (-) TimerEvent: {}
[42.061917] (shell_test_nodes) StdoutLine: {'line': b'running develop\n'}
[42.116211] (-) TimerEvent: {}
[42.216875] (-) TimerEvent: {}
[42.317704] (-) TimerEvent: {}
[42.418549] (-) TimerEvent: {}
[42.505215] (shell_test_nodes) StdoutLine: {'line': b'running egg_info\n'}
[42.505789] (shell_test_nodes) StdoutLine: {'line': b'creating shell_test_nodes.egg-info\n'}
[42.506754] (shell_test_nodes) StdoutLine: {'line': b'writing shell_test_nodes.egg-info/PKG-INFO\n'}
[42.508156] (shell_test_nodes) StdoutLine: {'line': b'writing dependency_links to shell_test_nodes.egg-info/dependency_links.txt\n'}
[42.509161] (shell_test_nodes) StdoutLine: {'line': b'writing entry points to shell_test_nodes.egg-info/entry_points.txt\n'}
[42.509858] (shell_test_nodes) StdoutLine: {'line': b'writing requirements to shell_test_nodes.egg-info/requires.txt\n'}
[42.511349] (shell_test_nodes) StdoutLine: {'line': b'writing top-level names to shell_test_nodes.egg-info/top_level.txt\n'}
[42.511508] (shell_test_nodes) StdoutLine: {'line': b"writing manifest file 'shell_test_nodes.egg-info/SOURCES.txt'\n"}
[42.514218] (shell_test_nodes) StdoutLine: {'line': b"reading manifest file 'shell_test_nodes.egg-info/SOURCES.txt'\n"}
[42.516077] (shell_test_nodes) StdoutLine: {'line': b"writing manifest file 'shell_test_nodes.egg-info/SOURCES.txt'\n"}
[42.518750] (-) TimerEvent: {}
[42.520878] (shell_test_nodes) StdoutLine: {'line': b'running build_ext\n'}
[42.521449] (shell_test_nodes) StdoutLine: {'line': b'Creating /home/esraamustafa/path_planning/Path_Planning_Shell_AI/ros2_sim/install/shell_test_nodes/lib/python3.10/site-packages/shell-test-nodes.egg-link (link to .)\n'}
[42.524383] (shell_test_nodes) StdoutLine: {'line': b'Installing fake_control script to /home/esraamustafa/path_planning/Path_Planning_Shell_AI/ros2_sim/install/shell_test_nodes/lib/shell_test_nodes\n'}
[42.525194] (shell_test_nodes) StdoutLine: {'line': b'Installing fake_localization script to /home/esraamustafa/path_planning/Path_Planning_Shell_AI/ros2_sim/install/shell_test_nodes/lib/shell_test_nodes\n'}
[42.525403] (shell_test_nodes) StdoutLine: {'line': b'Installing fake_perception script to /home/esraamustafa/path_planning/Path_Planning_Shell_AI/ros2_sim/install/shell_test_nodes/lib/shell_test_nodes\n'}
[42.525527] (shell_test_nodes) StdoutLine: {'line': b'Installing fake_supervisor script to /home/esraamustafa/path_planning/Path_Planning_Shell_AI/ros2_sim/install/shell_test_nodes/lib/shell_test_nodes\n'}
[42.525854] (shell_test_nodes) StdoutLine: {'line': b'\n'}
[42.526023] (shell_test_nodes) StdoutLine: {'line': b'Installed /home/esraamustafa/path_planning/Path_Planning_Shell_AI/ros2_sim/build/shell_test_nodes\n'}
[42.621074] (shell_test_nodes) CommandEnded: {'returncode': 0}
[42.623084] (-) TimerEvent: {}
[42.635247] (shell_test_nodes) JobEnded: {'identifier': 'shell_test_nodes', 'rc': 0}
[42.639937] (shell_visualization) StdoutLine: {'line': b'running develop\n'}
[42.725832] (-) TimerEvent: {}
[42.828292] (-) TimerEvent: {}
[42.929103] (-) TimerEvent: {}
[43.029849] (-) TimerEvent: {}
[43.127157] (shell_visualization) StdoutLine: {'line': b'running egg_info\n'}
[43.127595] (shell_visualization) StdoutLine: {'line': b'creating shell_visualization.egg-info\n'}
[43.128232] (shell_visualization) StdoutLine: {'line': b'writing shell_visualization.egg-info/PKG-INFO\n'}
[43.129054] (shell_visualization) StdoutLine: {'line': b'writing dependency_links to shell_visualization.egg-info/dependency_links.txt\n'}
[43.129571] (shell_visualization) StdoutLine: {'line': b'writing entry points to shell_visualization.egg-info/entry_points.txt\n'}
[43.129859] (-) TimerEvent: {}
[43.130044] (shell_visualization) StdoutLine: {'line': b'writing requirements to shell_visualization.egg-info/requires.txt\n'}
[43.130171] (shell_visualization) StdoutLine: {'line': b'writing top-level names to shell_visualization.egg-info/top_level.txt\n'}
[43.130502] (shell_visualization) StdoutLine: {'line': b"writing manifest file 'shell_visualization.egg-info/SOURCES.txt'\n"}
[43.133850] (shell_visualization) StdoutLine: {'line': b"reading manifest file 'shell_visualization.egg-info/SOURCES.txt'\n"}
[43.135534] (shell_visualization) StdoutLine: {'line': b"writing manifest file 'shell_visualization.egg-info/SOURCES.txt'\n"}
[43.138272] (shell_visualization) StdoutLine: {'line': b'running build_ext\n'}
[43.139254] (shell_visualization) StdoutLine: {'line': b'Creating /home/esraamustafa/path_planning/Path_Planning_Shell_AI/ros2_sim/install/shell_visualization/lib/python3.10/site-packages/shell-visualization.egg-link (link to .)\n'}
[43.141554] (shell_visualization) StdoutLine: {'line': b'Installing planner_visualizer script to /home/esraamustafa/path_planning/Path_Planning_Shell_AI/ros2_sim/install/shell_visualization/lib/shell_visualization\n'}
[43.144114] (shell_visualization) StdoutLine: {'line': b'\n'}
[43.145140] (shell_visualization) StdoutLine: {'line': b'Installed /home/esraamustafa/path_planning/Path_Planning_Shell_AI/ros2_sim/build/shell_visualization\n'}
[43.146097] (shell_visualization) StdoutLine: {'line': b'running symlink_data\n'}
[43.147445] (shell_visualization) StdoutLine: {'line': b'creating /home/esraamustafa/path_planning/Path_Planning_Shell_AI/ros2_sim/install/shell_visualization/share/ament_index\n'}
[43.148199] (shell_visualization) StdoutLine: {'line': b'creating /home/esraamustafa/path_planning/Path_Planning_Shell_AI/ros2_sim/install/shell_visualization/share/ament_index/resource_index\n'}
[43.149356] (shell_visualization) StdoutLine: {'line': b'creating /home/esraamustafa/path_planning/Path_Planning_Shell_AI/ros2_sim/install/shell_visualization/share/ament_index/resource_index/packages\n'}
[43.150365] (shell_visualization) StdoutLine: {'line': b'symbolically linking /home/esraamustafa/path_planning/Path_Planning_Shell_AI/ros2_sim/build/shell_visualization/resource/shell_visualization -> /home/esraamustafa/path_planning/Path_Planning_Shell_AI/ros2_sim/install/shell_visualization/share/ament_index/resource_index/packages\n'}
[43.151081] (shell_visualization) StdoutLine: {'line': b'symbolically linking /home/esraamustafa/path_planning/Path_Planning_Shell_AI/ros2_sim/build/shell_visualization/package.xml -> /home/esraamustafa/path_planning/Path_Planning_Shell_AI/ros2_sim/install/shell_visualization/share/shell_visualization\n'}
[43.223580] (shell_visualization) CommandEnded: {'returncode': 0}
[43.230198] (-) TimerEvent: {}
[43.248084] (shell_visualization) JobEnded: {'identifier': 'shell_visualization', 'rc': 0}
[43.251339] (-) EventReactorShutdown: {}
